无尘汽车美容,联系电话：15925010863,地址：云南省保山市隆阳区正阳北路128号,保山市
威洁士爱车会馆,联系电话：15287560662,地址：云南省保山市隆阳区如意巷73号,保山市
易新洗车装饰美容中心,联系电话：18187538059,地址：云南省保山市腾冲县华严路,保山市
及速美,联系电话：13987503568,地址：和平路80,保山市
谷柏特汽车服务生活馆PA,联系电话：13987585452,地址：云南省保山市隆阳区G320(永昌路),保山市
美高美汽车美容会所,联系电话：13887810962,地址：永昌路489号（三馆环岛南150米东）,保山市
车爵士汽车美容养护(界头分店),联系电话：15912709954,地址：云南省保山市腾冲县将台路,保山市
明香汽车美容,联系电话：15287530610,地址：云南省保山市腾冲县X195,保山市
泊无尘汽车美容装饰,联系电话：15288691989,地址：云南省文山壮族苗族自治州文山市七花南路,文山壮族苗族自治州
明华汽车,联系电话：18616014434,地址：云南省文山壮族苗族自治州文山市开化中路231,文山壮族苗族自治州
膜力卡汽车美容中心,联系电话：13577736922,地址：东风北路18号龙发酒店停车场内,玉溪市
玉溪市鑫天福汽车服务有限公司,联系电话：0877-2661316,地址：玉溪市红塔区抚仙路15号,玉溪市
红塔区中天汽修店,联系电话：13577738560,地址：云南省玉溪市红塔区西河路,玉溪市
华美汽车会所,联系电话：13988403034,地址：石龙商贸城,玉溪市
小企鹅汽车美容中心,联系电话：13987780015,地址：玉溪市红塔区龙马路29号,玉溪市
易捷洗车美容南环店,联系电话：18213452064,地址：云南省玉溪市红塔区腾霄路10,玉溪市
嘎洒瑞佳服务站点,联系电话：13988442277,地址：云南省玉溪市新平彝族傣族自治县曼费路,玉溪市
一站式汽车服务西河店,联系电话：13078702103,地址：云南省玉溪市红塔区西河路,玉溪市
泰妙自助洗车行,联系电话：15008883789,地址：云南省玉溪市红塔区下康井18幢14号,玉溪市
特福莱汽车美容装饰（玉溪店）,联系电话：13987738986,地址：玉溪市红塔区南北大街106号,玉溪市
江楠汽车洗护中心,联系电话：13887766727,地址：汇溪路南玉溪第十中学旁,玉溪市
德鑫汽车美容,联系电话：15087746750,地址：玉溪市红塔区山水路2号,玉溪市
速洁专业汽车美容养护中心,联系电话：13618777085,地址：云南省玉溪市红塔区新康路,玉溪市
爱车饰代,联系电话：13988437117,地址：玉溪市江川区德馨苑c72,玉溪市
红星洗车,联系电话：15969310205,地址：云南省玉溪市新平彝族傣族自治县S306,玉溪市
一站式汽车服务太极店,联系电话：18213452064,地址：云南省玉溪市红塔区太极路1,玉溪市
佳洁汽车美容,联系电话：13987785689,地址：云南省玉溪市红塔区抚仙路19,玉溪市
祥骏汽车修理厂,联系电话：13577785928,地址：云南省玉溪市峨山彝族自治县X304,玉溪市
泸西中宇通汽车维修服务有限公司,联系电话：15925380077,地址：云南省红河州泸西县中枢镇阿庐大街法院斜对面,红河哈尼族彝族自治州
佳洁汽车美容中心,联系电话：18908738018,地址：温泉路（城隍庙隔壁）,红河哈尼族彝族自治州
博恒汽车生活馆,联系电话：18314029615,地址：云南省红河哈尼族彝族自治州蒙自市学海路,红河哈尼族彝族自治州
君安快修洗车（君安汽车租赁有限公司）,联系电话：13988079277,地址：弥勒温泉路中段（温泉小区斜对面）,红河哈尼族彝族自治州
百加百汽车服务有限公司,联系电话：15752539060,地址：云南省红河哈尼族彝族自治州个旧市建设路100号,红河哈尼族彝族自治州
大拇指汽车美容服务中心,联系电话：0873-3695880,地址：云南省红河市蒙自市风尚国际三期1-11号商铺,红河哈尼族彝族自治州
靓车E族洗车修理厂,联系电话：15187003376,地址：云南省昭通市昭阳区环城西路161,昭通市
龟博士汽车服务连锁店,联系电话：13608704373,地址：云南省昭通市昭阳区二环南路,昭通市
普洱市凤驰汽车用品美容中心,联系电话：13987971685,地址：普洱市思茅区林源路中国石油加油站内,普洱市
车美饰PA＆SD,联系电话：18206938253,地址：云南省普洱市思茅区振兴南路,普洱市
古城区金锋汽车服务中心,联系电话：13908886261,地址：丽江市古城区香格里拉大道875号,丽江市
中威汽车装饰美容,联系电话：13508850355,地址：团结路延长县建华小区门口,楚雄彝族自治州
力魔阳光汽车美容,联系电话：18787827026,地址：云南省楚雄彝族自治州永仁县S216(文庙街),楚雄彝族自治州
精瑞汽车服务部,联系电话：13638731559,地址：云南省楚雄彝族自治州楚雄市团结北路65,楚雄彝族自治州
楚雄百援精养,联系电话：15758580107,地址：云南省楚雄彝族自治州楚雄市振兴路592,楚雄彝族自治州
车饰界美容装饰部,联系电话：13987073268,地址：云南省楚雄彝族自治州牟定县中清路,楚雄彝族自治州
饰安特汽车美容养护生活馆,联系电话：15331506789,地址：云南省楚雄彝族自治州武定县静山路,楚雄彝族自治州
鑫车坊汽车装饰美容中心,联系电话：13888790355,地址：云南省楚雄彝族自治州楚雄市紫溪大道339,楚雄彝族自治州
谷柏特汽车科技,联系电话：13987087317,地址：云南省楚雄彝族自治州楚雄市茶花大道,楚雄彝族自治州
弘义汽修,联系电话：18908782458,地址：云南省楚雄彝族自治州大姚县S216(咪伊噜大街),楚雄彝族自治州
航瑞美车汇,联系电话：15974788516,地址：云南省楚雄彝族自治州牟定县新南路,楚雄彝族自治州
爱车地带,联系电话：13769149357,地址：云南省楚雄彝族自治州南华县龙山路121号,楚雄彝族自治州
楚雄高新区博瑞汽车维修中心,联系电话：15125996664,地址：云南省楚雄彝族自治州楚雄市兴盛街42-、44号,楚雄彝族自治州
牟定美洁洗车行,联系电话：13987877062,地址：云南省楚雄彝族自治州牟定县中清路,楚雄彝族自治州
楚雄蒸汽洗车养护中心PA,联系电话：17808784623,地址：云南省楚雄彝族自治州元谋县G108(京昆线),楚雄彝族自治州
大众乐途汽车维修保养美容中心,联系电话：13577811117,地址：云南省楚雄彝族自治州姚安县青莲路荷城福苑S2203,楚雄彝族自治州
大理市明琦汽车美容服务中心,联系电话：13708664018,地址：云南省大理白族自治州大理市榆宾路7号,大理白族自治州
清华汽车美容俱乐部（PA&SD）,联系电话：15125215527,地址：云南省大理白族自治州大理市S221(大丽线),大理白族自治州
大理兴玲汽车服务有限公司,联系电话：13987203923,地址：云南省大理白族自治州大理市环城南路13号,大理白族自治州
安宁万力兴达汽车服务有限公司,联系电话：087168729117,地址：云南省昆明市安宁市连然街399号,昆明市
宇宙汽修（云南）,联系电话：4008801768-3,地址：云南省昆明市盘龙区北京路864号,昆明市
黑鲨连锁(大润发店),联系电话：0871-67165286,地址：云南省昆明市官渡区官南大道1368,昆明市
欧博蒸汽洗车美容中心PA,联系电话：13577170944,地址：中国云南省昆明市嵩明县玉明路161,昆明市
车洁仕汽车会所,联系电话：13888967425,地址：云南省昆明市官渡区珥季路辅路,昆明市
东川区车之友汽车服务中心,联系电话：13648855319,地址：云南省昆明市东川区驼峰路17,昆明市
途悦国际,联系电话：15887267729,地址：云南省昆明市呈贡区谊康北路,昆明市
努尔贤通汽车装饰服务有限公司,联系电话：13888912303,地址：云南省昆明市官渡区关兴路288,昆明市
昆明启程汽车美容服务有限公司,联系电话：18787043718,地址：云南省昆明市西山区金牛路,昆明市
全兴汽车装饰美容会所,联系电话：13908846882,地址：云南省昆明市东川区兴玉路中段,昆明市
昆明北郊万里汽车修理有限公司,联系电话：13529218417,地址：云南省昆明市五华区龙泉路310,昆明市
黑鲨连锁（金实店）,联系电话：087165729488,地址：云南省昆明市盘龙区金实路47号,昆明市
昆明徕峰汽车服务有限公司,联系电话：0871-67471268,地址：昆明呈贡区兴呈路12号华怡商务酒店后方,昆明市
铭泉汽车美容服务部,联系电话：0871-65387187,地址：云南省昆明市西山区何宏路198号,昆明市
昆昆洗车美容服务部,联系电话：13312545260,地址：云南省昆明市五华区科发路139,昆明市
车伯爵汽车美容（百加百）,联系电话：13668762529,地址：北京路864号楚春酒店院内,昆明市
黑鲨连锁（星耀店）,联系电话：13888768833,地址：云南省昆明市官渡区星耀路96,昆明市
黑鲨连锁（经典店）,联系电话：087165632299,地址：云南省昆明市盘龙区穿金路164号,昆明市
黑鲨连锁（尚御店）,联系电话：087163525308,地址：云南省昆明市官渡区关上南路248号,昆明市
黑鲨连锁(新迎店),联系电话：0871-63389220,地址：云南省昆明市盘龙区新明里3,昆明市
黑鲨连锁(西城店),联系电话：0871-68593720,地址：云南省昆明市五华区科新路,昆明市
黑鲨连锁(光辉店),联系电话：0871-68571833,地址：云南省昆明市西山区汇云路,昆明市
车影汽车服务会所,联系电话：13529345715,地址：云南省昆明市寻甸回族彝族自治县海秀街,昆明市
佳通汽修,联系电话：13888277499,地址：云南省昆明市五华区羊仙坡南路7号,昆明市
云南真想莱汽车服务有限公司,联系电话：0871-63852106,地址：云南省昆明市盘龙区穿金路733号,昆明市
兴明汽车美容,联系电话：13669753145,地址：昆明市官渡区环城南路687号,昆明市
汇捷车管家莲花池店,联系电话：0871-65357555,地址：昆明市五华区民院路225号,昆明市
恒骋洗车服务部,联系电话：13769116601,地址：云南昆明永胜路56号，北京路永胜路停车场内（金茂停车场内）,昆明市
黑鲨连锁(广福店),联系电话：0871-64101309,地址：云南省昆明市西山区广福路5,昆明市
阳光汽车美容装饰服务中心,联系电话：15911503058,地址：云南省昆明市五华区霖雨路103号,昆明市
云南顾众汽车维修服务有限公司,联系电话：13708844026,地址：中国云南省昆明市五华区龙泉路,昆明市
迈卡达汽车美容生活馆,联系电话：15808769602,地址：云南省昆明市官渡区子泰路,昆明市
华盟汽车服务中心,联系电话：13888982615,地址：云南省昆明市五华区龙泉路,昆明市
云南翔天汽车维修服务有限公司,联系电话：0871-64116733,地址：云南省昆明市西山区俊发.九夏云水(周家路南100米),昆明市
枫源洗车美容中心,联系电话：13708853098,地址：茨坝街道立欣洲小区森林酒吧旁,昆明市
明卫汽车保养会所,联系电话：13759466774,地址：云南省昆明市嵩明县盟台东路149,昆明市
宜良洗车人家,联系电话：13888732306,地址：云南省昆明市宜良县温泉路,昆明市
黑鲨连锁（陶雅店）,联系电话：087164579876,地址：云南省昆明市西山区湖畔西路2-1号,昆明市
黑鲨连锁(金秋店),联系电话：0871-65729499,地址：云南省昆明市盘龙区金秋路14,昆明市
御和汽车美容会所,联系电话：13888150772,地址：云南省昆明市东川区白云街36号,昆明市
东川新起点洗车场,联系电话：13888446613,地址：云南省昆明市东川区兴玉路4,昆明市
佳湖洗车美容装饰养护中心,联系电话：13565077581,地址：云南省昆明市西山区佳湖新城12栋2-6号商铺,昆明市
金楠汽车美容会所,联系电话：13312588925,地址：云南省昆明市嵩明县玉明路72号,昆明市
昆明市五华区华盟洗车场,联系电话：13888753935,地址：云南省昆明市五华区香格里拉大道,昆明市
黑鲨连锁(茨坝店),联系电话：0871-65879354,地址：云南省昆明市盘龙区茨坝路10号,昆明市
黑鲨连锁（金阶店）,联系电话：087167181208,地址：云南省昆明市官渡区民航路745号,昆明市
黑鲨连锁(华洋店),联系电话：0871-67214567,地址：云南省昆明市官渡区博富新商贸街c幢-108号,昆明市
铭洁车浴商务有限公司,联系电话：18725024699,地址：云南省昆明市安宁市钢河南路,昆明市
车禹汽车精养快修中心,联系电话：15391340882,地址：云南省昆明市安宁市安温路16,昆明市
呈贡车行道汽车服务店,联系电话：13518797697,地址：云南省昆明市呈贡区宜和路,昆明市
黑鲨连锁（双桥店）,联系电话：0871-67169799,地址：云南省昆明市官渡区日新路1528号,昆明市
黑鲨连锁（美林店）,联系电话：087167124515,地址：云南省昆明市官渡区永巨路,昆明市
洁虎汽车美容,联系电话：13577046919,地址：环城西路23号汉庭酒店旁,昆明市
春夏秋冬服务中心,联系电话：087168100911,地址：云南省昆明市西山区昌源南路291,昆明市
香车汇（禄劝店）,联系电话：15911618102,地址：云南省昆明市禄劝彝族苗族自治县G108(京昆线),昆明市
黑鲨连锁（园西店）,联系电话：087165199771,地址：云南省昆明市五华区圆通北路116号,昆明市
黑鲨连锁(红云店),联系电话：0871-63546614,地址：云南省昆明市五华区红云路77,昆明市
昆明市盘龙区佳恒洗车服务部,联系电话：13888703296,地址：云南省昆明市盘龙区X003(青松路),昆明市
德国力魔汽车美护中心,联系电话：13769151907,地址：云南省昆明市盘龙区人民东路512号,昆明市
靓车洁汽车美容连锁,联系电话：18183817202,地址：云南省昆明市西山区滇池路799,昆明市
长盛汽车装饰美容,联系电话：15924860336,地址：寥廓北路与三江大道交界处,曲靖市
宣威市诚申兄弟汽车综合服务坊PA,联系电话：18987423595,地址：中国云南省曲靖市宣威市建设东街87号,曲靖市
曼芙丽汽车美容服务中心,联系电话：18182900493,地址：云南省曲靖市麒麟区翠峰西路,曲靖市
唯美汽车装饰美容PA,联系电话：13466073267,地址：云南省曲靖市麒麟区教场西路119,曲靖市
豪盾458汽车快修中心,联系电话：13518728784,地址：云南省曲靖市麒麟区教场西路,曲靖市
车先生洗美俱乐部,联系电话：18287491745,地址：云南省曲靖市沾益县盘江路,曲靖市
华阳汽修养护中心PA,联系电话：13732705558,地址：云南省曲靖市麒麟区长征路,曲靖市
曲靖市麒麟区宇彤汽车服务部,联系电话：18687488880,地址：云南省曲靖市麒麟区寥廓南路,曲靖市
曲靖市麒麟区车霸王美容保养服务部,联系电话：18788549100,地址：云南省曲靖市麒麟区彩云路,曲靖市
宣威市美长养护中心汽车,联系电话：19912966105,地址：中国云南省曲靖市宣威市向阳西街239号,曲靖市
广州汽车美容装饰,联系电话：13278782356,地址：云南省曲靖市麒麟区东星中路,曲靖市
金益名车SPA馆,联系电话：18725442455,地址：中国云南省曲靖市沾益县珠江源大道,曲靖市
第一站汽车之家PA,联系电话：15891889959,地址：云南省曲靖市麒麟区,曲靖市
博奥车美,联系电话：15287959563,地址：云南省曲靖市陆良县城西三路,曲靖市
靓车E族洗车修理厂,联系电话：15187003376,地址：云南省昭通市昭阳区环城西路161,昭通市
龟博士汽车服务连锁店,联系电话：13608704373,地址：云南省昭通市昭阳区二环南路,昭通市
古城区金锋汽车服务中心,联系电话：13908886261,地址：丽江市古城区香格里拉大道875号,丽江市
中威汽车装饰美容,联系电话：13508850355,地址：团结路延长县建华小区门口,楚雄彝族自治州
精瑞汽车服务部,联系电话：13638731559,地址：云南省楚雄彝族自治州楚雄市团结北路65,楚雄彝族自治州
楚雄百援精养,联系电话：15758580107,地址：云南省楚雄彝族自治州楚雄市振兴路592,楚雄彝族自治州
鑫车坊汽车装饰美容中心,联系电话：13888790355,地址：云南省楚雄彝族自治州楚雄市紫溪大道339,楚雄彝族自治州
谷柏特汽车科技,联系电话：13987087317,地址：云南省楚雄彝族自治州楚雄市茶花大道,楚雄彝族自治州
大众乐途汽车维修保养美容中心,联系电话：13577811117,地址：云南省楚雄彝族自治州姚安县青莲路荷城福苑S2203,楚雄彝族自治州
楚雄高新区博瑞汽车维修中心,联系电话：15125996664,地址：云南省楚雄彝族自治州楚雄市兴盛街42-、44号,楚雄彝族自治州
爱车地带,联系电话：13769149357,地址：云南省楚雄彝族自治州南华县龙山路121号,楚雄彝族自治州
楚雄蒸汽洗车养护中心PA,联系电话：17808784623,地址：云南省楚雄彝族自治州元谋县G108(京昆线),楚雄彝族自治州
宇宙汽修（云南）,联系电话：4008801768-3,地址：云南省昆明市盘龙区北京路864号,昆明市
车洁仕汽车会所,联系电话：13888967425,地址：云南省昆明市官渡区珥季路辅路,昆明市
安宁万力兴达汽车服务有限公司,联系电话：087168729117,地址：云南省昆明市安宁市连然街399号,昆明市
欧博蒸汽洗车美容中心PA,联系电话：13577170944,地址：中国云南省昆明市嵩明县玉明路161,昆明市
黑鲨连锁(大润发店),联系电话：0871-67165286,地址：云南省昆明市官渡区官南大道1368,昆明市
途悦国际,联系电话：15887267729,地址：云南省昆明市呈贡区谊康北路,昆明市
努尔贤通汽车装饰服务有限公司,联系电话：13888912303,地址：云南省昆明市官渡区关兴路288,昆明市
黑鲨连锁（金实店）,联系电话：087165729488,地址：云南省昆明市盘龙区金实路47号,昆明市
昆明启程汽车美容服务有限公司,联系电话：18787043718,地址：云南省昆明市西山区金牛路,昆明市
东川区车之友汽车服务中心,联系电话：13648855319,地址：云南省昆明市东川区驼峰路17,昆明市
昆明北郊万里汽车修理有限公司,联系电话：13529218417,地址：云南省昆明市五华区龙泉路310,昆明市
全兴汽车装饰美容会所,联系电话：13908846882,地址：云南省昆明市东川区兴玉路中段,昆明市
昆明徕峰汽车服务有限公司,联系电话：0871-67471268,地址：昆明呈贡区兴呈路12号华怡商务酒店后方,昆明市
昆昆洗车美容服务部,联系电话：13312545260,地址：云南省昆明市五华区科发路139,昆明市
车影汽车服务会所,联系电话：13529345715,地址：云南省昆明市寻甸回族彝族自治县海秀街,昆明市
铭泉汽车美容服务部,联系电话：0871-65387187,地址：云南省昆明市西山区何宏路198号,昆明市
黑鲨连锁（星耀店）,联系电话：13888768833,地址：云南省昆明市官渡区星耀路96,昆明市
黑鲨连锁（经典店）,联系电话：087165632299,地址：云南省昆明市盘龙区穿金路164号,昆明市
黑鲨连锁（尚御店）,联系电话：087163525308,地址：云南省昆明市官渡区关上南路248号,昆明市
黑鲨连锁(新迎店),联系电话：0871-63389220,地址：云南省昆明市盘龙区新明里3,昆明市
黑鲨连锁(西城店),联系电话：0871-68593720,地址：云南省昆明市五华区科新路,昆明市
黑鲨连锁(光辉店),联系电话：0871-68571833,地址：云南省昆明市西山区汇云路,昆明市
车伯爵汽车美容（百加百）,联系电话：13668762529,地址：北京路864号楚春酒店院内,昆明市
阳光汽车美容装饰服务中心,联系电话：15911503058,地址：云南省昆明市五华区霖雨路103号,昆明市
迈卡达汽车美容生活馆,联系电话：15808769602,地址：云南省昆明市官渡区子泰路,昆明市
汇捷车管家莲花池店,联系电话：0871-65357555,地址：昆明市五华区民院路225号,昆明市
兴明汽车美容,联系电话：13669753145,地址：昆明市官渡区环城南路687号,昆明市
黑鲨连锁(广福店),联系电话：0871-64101309,地址：云南省昆明市西山区广福路5,昆明市
云南顾众汽车维修服务有限公司,联系电话：13708844026,地址：中国云南省昆明市五华区龙泉路,昆明市
云南真想莱汽车服务有限公司,联系电话：0871-63852106,地址：云南省昆明市盘龙区穿金路733号,昆明市
恒骋洗车服务部,联系电话：13769116601,地址：云南昆明永胜路56号，北京路永胜路停车场内（金茂停车场内）,昆明市
华盟汽车服务中心,联系电话：13888982615,地址：云南省昆明市五华区龙泉路,昆明市
明卫汽车保养会所,联系电话：13759466774,地址：云南省昆明市嵩明县盟台东路149,昆明市
宜良洗车人家,联系电话：13888732306,地址：云南省昆明市宜良县温泉路,昆明市
黑鲨连锁(金秋店),联系电话：0871-65729499,地址：云南省昆明市盘龙区金秋路14,昆明市
枫源洗车美容中心,联系电话：13708853098,地址：茨坝街道立欣洲小区森林酒吧旁,昆明市
黑鲨连锁（陶雅店）,联系电话：087164579876,地址：云南省昆明市西山区湖畔西路2-1号,昆明市
云南翔天汽车维修服务有限公司,联系电话：0871-64116733,地址：云南省昆明市西山区俊发.九夏云水(周家路南100米),昆明市
金楠汽车美容会所,联系电话：13312588925,地址：云南省昆明市嵩明县玉明路72号,昆明市
铭洁车浴商务有限公司,联系电话：18725024699,地址：云南省昆明市安宁市钢河南路,昆明市
黑鲨连锁(茨坝店),联系电话：0871-65879354,地址：云南省昆明市盘龙区茨坝路10号,昆明市
黑鲨连锁（金阶店）,联系电话：087167181208,地址：云南省昆明市官渡区民航路745号,昆明市
佳湖洗车美容装饰养护中心,联系电话：13565077581,地址：云南省昆明市西山区佳湖新城12栋2-6号商铺,昆明市
黑鲨连锁(华洋店),联系电话：0871-67214567,地址：云南省昆明市官渡区博富新商贸街c幢-108号,昆明市
东川新起点洗车场,联系电话：13888446613,地址：云南省昆明市东川区兴玉路4,昆明市
昆明市五华区华盟洗车场,联系电话：13888753935,地址：云南省昆明市五华区香格里拉大道,昆明市
黑鲨连锁（双桥店）,联系电话：0871-67169799,地址：云南省昆明市官渡区日新路1528号,昆明市
黑鲨连锁（美林店）,联系电话：087167124515,地址：云南省昆明市官渡区永巨路,昆明市
车禹汽车精养快修中心,联系电话：15391340882,地址：云南省昆明市安宁市安温路16,昆明市
呈贡车行道汽车服务店,联系电话：13518797697,地址：云南省昆明市呈贡区宜和路,昆明市
洁虎汽车美容,联系电话：13577046919,地址：环城西路23号汉庭酒店旁,昆明市
德国力魔汽车美护中心,联系电话：13769151907,地址：云南省昆明市盘龙区人民东路512号,昆明市
黑鲨连锁（园西店）,联系电话：087165199771,地址：云南省昆明市五华区圆通北路116号,昆明市
黑鲨连锁(红云店),联系电话：0871-63546614,地址：云南省昆明市五华区红云路77,昆明市
春夏秋冬服务中心,联系电话：087168100911,地址：云南省昆明市西山区昌源南路291,昆明市
香车汇（禄劝店）,联系电话：15911618102,地址：云南省昆明市禄劝彝族苗族自治县G108(京昆线),昆明市
昆明市盘龙区佳恒洗车服务部,联系电话：13888703296,地址：云南省昆明市盘龙区X003(青松路),昆明市
靓车洁汽车美容连锁,联系电话：18183817202,地址：云南省昆明市西山区滇池路799,昆明市
长盛汽车装饰美容,联系电话：15924860336,地址：寥廓北路与三江大道交界处,曲靖市
宣威市诚申兄弟汽车综合服务坊PA,联系电话：18987423595,地址：中国云南省曲靖市宣威市建设东街87号,曲靖市
唯美汽车装饰美容PA,联系电话：13466073267,地址：云南省曲靖市麒麟区教场西路119,曲靖市
豪盾458汽车快修中心,联系电话：13518728784,地址：云南省曲靖市麒麟区教场西路,曲靖市
车先生洗美俱乐部,联系电话：18287491745,地址：云南省曲靖市沾益县盘江路,曲靖市
华阳汽修养护中心PA,联系电话：13732705558,地址：云南省曲靖市麒麟区长征路,曲靖市
曲靖市麒麟区车霸王美容保养服务部,联系电话：18788549100,地址：云南省曲靖市麒麟区彩云路,曲靖市
曲靖市麒麟区宇彤汽车服务部,联系电话：18687488880,地址：云南省曲靖市麒麟区寥廓南路,曲靖市
宣威市美长养护中心汽车,联系电话：19912966105,地址：中国云南省曲靖市宣威市向阳西街239号,曲靖市
金益名车SPA馆,联系电话：18725442455,地址：中国云南省曲靖市沾益县珠江源大道,曲靖市
广州汽车美容装饰,联系电话：13278782356,地址：云南省曲靖市麒麟区东星中路,曲靖市
第一站汽车之家PA,联系电话：15891889959,地址：云南省曲靖市麒麟区,曲靖市
博奥车美,联系电话：15287959563,地址：云南省曲靖市陆良县城西三路,曲靖市
无尘汽车美容,联系电话：15925010863,地址：云南省保山市隆阳区正阳北路128号,保山市
威洁士爱车会馆,联系电话：15287560662,地址：云南省保山市隆阳区如意巷73号,保山市
易新洗车装饰美容中心,联系电话：18187538059,地址：云南省保山市腾冲县华严路,保山市
及速美,联系电话：13987503568,地址：和平路80,保山市
谷柏特汽车服务生活馆PA,联系电话：13987585452,地址：云南省保山市隆阳区G320(永昌路),保山市
美高美汽车美容会所,联系电话：13887810962,地址：永昌路489号（三馆环岛南150米东）,保山市
车爵士汽车美容养护(界头分店),联系电话：15912709954,地址：云南省保山市腾冲县将台路,保山市
明香汽车美容,联系电话：15287530610,地址：云南省保山市腾冲县X195,保山市
泊无尘汽车美容装饰,联系电话：15288691989,地址：云南省文山壮族苗族自治州文山市七花南路,文山壮族苗族自治州
明华汽车,联系电话：18616014434,地址：云南省文山壮族苗族自治州文山市开化中路231,文山壮族苗族自治州
膜力卡汽车美容中心,联系电话：13577736922,地址：东风北路18号龙发酒店停车场内,玉溪市
玉溪市鑫天福汽车服务有限公司,联系电话：0877-2661316,地址：玉溪市红塔区抚仙路15号,玉溪市
红塔区中天汽修店,联系电话：13577738560,地址：云南省玉溪市红塔区西河路,玉溪市
小企鹅汽车美容中心,联系电话：13987780015,地址：玉溪市红塔区龙马路29号,玉溪市
华美汽车会所,联系电话：13988403034,地址：石龙商贸城,玉溪市
易捷洗车美容南环店,联系电话：18213452064,地址：云南省玉溪市红塔区腾霄路10,玉溪市
嘎洒瑞佳服务站点,联系电话：13988442277,地址：云南省玉溪市新平彝族傣族自治县曼费路,玉溪市
一站式汽车服务西河店,联系电话：13078702103,地址：云南省玉溪市红塔区西河路,玉溪市
特福莱汽车美容装饰（玉溪店）,联系电话：13987738986,地址：玉溪市红塔区南北大街106号,玉溪市
泰妙自助洗车行,联系电话：15008883789,地址：云南省玉溪市红塔区下康井18幢14号,玉溪市
德鑫汽车美容,联系电话：15087746750,地址：玉溪市红塔区山水路2号,玉溪市
江楠汽车洗护中心,联系电话：13887766727,地址：汇溪路南玉溪第十中学旁,玉溪市
速洁专业汽车美容养护中心,联系电话：13618777085,地址：云南省玉溪市红塔区新康路,玉溪市
爱车饰代,联系电话：13988437117,地址：玉溪市江川区德馨苑c72,玉溪市
佳洁汽车美容,联系电话：13987785689,地址：云南省玉溪市红塔区抚仙路19,玉溪市
红星洗车,联系电话：15969310205,地址：云南省玉溪市新平彝族傣族自治县S306,玉溪市
一站式汽车服务太极店,联系电话：18213452064,地址：云南省玉溪市红塔区太极路1,玉溪市
祥骏汽车修理厂,联系电话：13577785928,地址：云南省玉溪市峨山彝族自治县X304,玉溪市
泸西中宇通汽车维修服务有限公司,联系电话：15925380077,地址：云南省红河州泸西县中枢镇阿庐大街法院斜对面,红河哈尼族彝族自治州
佳洁汽车美容中心,联系电话：18908738018,地址：温泉路（城隍庙隔壁）,红河哈尼族彝族自治州
博恒汽车生活馆,联系电话：18314029615,地址：云南省红河哈尼族彝族自治州蒙自市学海路,红河哈尼族彝族自治州
君安快修洗车（君安汽车租赁有限公司）,联系电话：13988079277,地址：弥勒温泉路中段（温泉小区斜对面）,红河哈尼族彝族自治州
百加百汽车服务有限公司,联系电话：15752539060,地址：云南省红河哈尼族彝族自治州个旧市建设路100号,红河哈尼族彝族自治州
大拇指汽车美容服务中心,联系电话：0873-3695880,地址：云南省红河市蒙自市风尚国际三期1-11号商铺,红河哈尼族彝族自治州
靓车E族洗车修理厂,联系电话：15187003376,地址：云南省昭通市昭阳区环城西路161,昭通市
龟博士汽车服务连锁店,联系电话：13608704373,地址：云南省昭通市昭阳区二环南路,昭通市
普洱市凤驰汽车用品美容中心,联系电话：13987971685,地址：普洱市思茅区林源路中国石油加油站内,普洱市
车美饰PA＆SD,联系电话：18206938253,地址：云南省普洱市思茅区振兴南路,普洱市
古城区金锋汽车服务中心,联系电话：13908886261,地址：丽江市古城区香格里拉大道875号,丽江市
精瑞汽车服务部,联系电话：13638731559,地址：云南省楚雄彝族自治州楚雄市团结北路65,楚雄彝族自治州
中威汽车装饰美容,联系电话：13508850355,地址：团结路延长县建华小区门口,楚雄彝族自治州
力魔阳光汽车美容,联系电话：18787827026,地址：云南省楚雄彝族自治州永仁县S216(文庙街),楚雄彝族自治州
楚雄百援精养,联系电话：15758580107,地址：云南省楚雄彝族自治州楚雄市振兴路592,楚雄彝族自治州
车饰界美容装饰部,联系电话：13987073268,地址：云南省楚雄彝族自治州牟定县中清路,楚雄彝族自治州
饰安特汽车美容养护生活馆,联系电话：15331506789,地址：云南省楚雄彝族自治州武定县静山路,楚雄彝族自治州
鑫车坊汽车装饰美容中心,联系电话：13888790355,地址：云南省楚雄彝族自治州楚雄市紫溪大道339,楚雄彝族自治州
谷柏特汽车科技,联系电话：13987087317,地址：云南省楚雄彝族自治州楚雄市茶花大道,楚雄彝族自治州
弘义汽修,联系电话：18908782458,地址：云南省楚雄彝族自治州大姚县S216(咪伊噜大街),楚雄彝族自治州
航瑞美车汇,联系电话：15974788516,地址：云南省楚雄彝族自治州牟定县新南路,楚雄彝族自治州
爱车地带,联系电话：13769149357,地址：云南省楚雄彝族自治州南华县龙山路121号,楚雄彝族自治州
楚雄高新区博瑞汽车维修中心,联系电话：15125996664,地址：云南省楚雄彝族自治州楚雄市兴盛街42-、44号,楚雄彝族自治州
楚雄蒸汽洗车养护中心PA,联系电话：17808784623,地址：云南省楚雄彝族自治州元谋县G108(京昆线),楚雄彝族自治州
大众乐途汽车维修保养美容中心,联系电话：13577811117,地址：云南省楚雄彝族自治州姚安县青莲路荷城福苑S2203,楚雄彝族自治州
牟定美洁洗车行,联系电话：13987877062,地址：云南省楚雄彝族自治州牟定县中清路,楚雄彝族自治州
景洪卡尔斯汽车美容养护中心（PA）,联系电话：18288000111,地址：云南省西双版纳傣族自治州景洪市勐海路62号,西双版纳傣族自治州
阿坤小汽车美容装饰中心,联系电话：18008810690,地址：云南省西双版纳傣族自治州景洪市曼各中心巷51号,西双版纳傣族自治州
大理市明琦汽车美容服务中心,联系电话：13708664018,地址：云南省大理白族自治州大理市榆宾路7号,大理白族自治州
清华汽车美容俱乐部（PA&SD）,联系电话：15125215527,地址：云南省大理白族自治州大理市S221(大丽线),大理白族自治州
大理兴玲汽车服务有限公司,联系电话：13987203923,地址：云南省大理白族自治州大理市环城南路13号,大理白族自治州
欧博蒸汽洗车美容中心PA,联系电话：13577170944,地址：中国云南省昆明市嵩明县玉明路161,昆明市
安宁万力兴达汽车服务有限公司,联系电话：087168729117,地址：云南省昆明市安宁市连然街399号,昆明市
黑鲨连锁(大润发店),联系电话：0871-67165286,地址：云南省昆明市官渡区官南大道1368,昆明市
车洁仕汽车会所,联系电话：13888967425,地址：云南省昆明市官渡区珥季路辅路,昆明市
昆明徕峰汽车服务有限公司,联系电话：0871-67471268,地址：昆明呈贡区兴呈路12号华怡商务酒店后方,昆明市
东川区车之友汽车服务中心,联系电话：13648855319,地址：云南省昆明市东川区驼峰路17,昆明市
昆明启程汽车美容服务有限公司,联系电话：18787043718,地址：云南省昆明市西山区金牛路,昆明市
努尔贤通汽车装饰服务有限公司,联系电话：13888912303,地址：云南省昆明市官渡区关兴路288,昆明市
昆明北郊万里汽车修理有限公司,联系电话：13529218417,地址：云南省昆明市五华区龙泉路310,昆明市
黑鲨连锁（金实店）,联系电话：087165729488,地址：云南省昆明市盘龙区金实路47号,昆明市
全兴汽车装饰美容会所,联系电话：13908846882,地址：云南省昆明市东川区兴玉路中段,昆明市
车伯爵汽车美容（百加百）,联系电话：13668762529,地址：北京路864号楚春酒店院内,昆明市
铭泉汽车美容服务部,联系电话：0871-65387187,地址：云南省昆明市西山区何宏路198号,昆明市
昆昆洗车美容服务部,联系电话：13312545260,地址：云南省昆明市五华区科发路139,昆明市
车影汽车服务会所,联系电话：13529345715,地址：云南省昆明市寻甸回族彝族自治县海秀街,昆明市
黑鲨连锁（经典店）,联系电话：087165632299,地址：云南省昆明市盘龙区穿金路164号,昆明市
黑鲨连锁(新迎店),联系电话：0871-63389220,地址：云南省昆明市盘龙区新明里3,昆明市
黑鲨连锁（尚御店）,联系电话：087163525308,地址：云南省昆明市官渡区关上南路248号,昆明市
黑鲨连锁（星耀店）,联系电话：13888768833,地址：云南省昆明市官渡区星耀路96,昆明市
黑鲨连锁(西城店),联系电话：0871-68593720,地址：云南省昆明市五华区科新路,昆明市
黑鲨连锁(光辉店),联系电话：0871-68571833,地址：云南省昆明市西山区汇云路,昆明市
佳通汽修,联系电话：13888277499,地址：云南省昆明市五华区羊仙坡南路7号,昆明市
兴明汽车美容,联系电话：13669753145,地址：昆明市官渡区环城南路687号,昆明市
汇捷车管家莲花池店,联系电话：0871-65357555,地址：昆明市五华区民院路225号,昆明市
云南真想莱汽车服务有限公司,联系电话：0871-63852106,地址：云南省昆明市盘龙区穿金路733号,昆明市
恒骋洗车服务部,联系电话：13769116601,地址：云南昆明永胜路56号，北京路永胜路停车场内（金茂停车场内）,昆明市
阳光汽车美容装饰服务中心,联系电话：15911503058,地址：云南省昆明市五华区霖雨路103号,昆明市
云南顾众汽车维修服务有限公司,联系电话：13708844026,地址：中国云南省昆明市五华区龙泉路,昆明市
黑鲨连锁(广福店),联系电话：0871-64101309,地址：云南省昆明市西山区广福路5,昆明市
迈卡达汽车美容生活馆,联系电话：15808769602,地址：云南省昆明市官渡区子泰路,昆明市
华盟汽车服务中心,联系电话：13888982615,地址：云南省昆明市五华区龙泉路,昆明市
枫源洗车美容中心,联系电话：13708853098,地址：茨坝街道立欣洲小区森林酒吧旁,昆明市
云南翔天汽车维修服务有限公司,联系电话：0871-64116733,地址：云南省昆明市西山区俊发.九夏云水(周家路南100米),昆明市
御和汽车美容会所,联系电话：13888150772,地址：云南省昆明市东川区白云街36号,昆明市
黑鲨连锁(金秋店),联系电话：0871-65729499,地址：云南省昆明市盘龙区金秋路14,昆明市
黑鲨连锁（陶雅店）,联系电话：087164579876,地址：云南省昆明市西山区湖畔西路2-1号,昆明市
宜良洗车人家,联系电话：13888732306,地址：云南省昆明市宜良县温泉路,昆明市
明卫汽车保养会所,联系电话：13759466774,地址：云南省昆明市嵩明县盟台东路149,昆明市
东川新起点洗车场,联系电话：13888446613,地址：云南省昆明市东川区兴玉路4,昆明市
铭洁车浴商务有限公司,联系电话：18725024699,地址：云南省昆明市安宁市钢河南路,昆明市
昆明市五华区华盟洗车场,联系电话：13888753935,地址：云南省昆明市五华区香格里拉大道,昆明市
黑鲨连锁(茨坝店),联系电话：0871-65879354,地址：云南省昆明市盘龙区茨坝路10号,昆明市
黑鲨连锁(华洋店),联系电话：0871-67214567,地址：云南省昆明市官渡区博富新商贸街c幢-108号,昆明市
黑鲨连锁（金阶店）,联系电话：087167181208,地址：云南省昆明市官渡区民航路745号,昆明市
佳湖洗车美容装饰养护中心,联系电话：13565077581,地址：云南省昆明市西山区佳湖新城12栋2-6号商铺,昆明市
金楠汽车美容会所,联系电话：13312588925,地址：云南省昆明市嵩明县玉明路72号,昆明市
洁虎汽车美容,联系电话：13577046919,地址：环城西路23号汉庭酒店旁,昆明市
黑鲨连锁（美林店）,联系电话：087167124515,地址：云南省昆明市官渡区永巨路,昆明市
黑鲨连锁（双桥店）,联系电话：0871-67169799,地址：云南省昆明市官渡区日新路1528号,昆明市
呈贡车行道汽车服务店,联系电话：13518797697,地址：云南省昆明市呈贡区宜和路,昆明市
车禹汽车精养快修中心,联系电话：15391340882,地址：云南省昆明市安宁市安温路16,昆明市
靓车洁汽车美容连锁,联系电话：18183817202,地址：云南省昆明市西山区滇池路799,昆明市
春夏秋冬服务中心,联系电话：087168100911,地址：云南省昆明市西山区昌源南路291,昆明市
黑鲨连锁（园西店）,联系电话：087165199771,地址：云南省昆明市五华区圆通北路116号,昆明市
黑鲨连锁(红云店),联系电话：0871-63546614,地址：云南省昆明市五华区红云路77,昆明市
昆明市盘龙区佳恒洗车服务部,联系电话：13888703296,地址：云南省昆明市盘龙区X003(青松路),昆明市
德国力魔汽车美护中心,联系电话：13769151907,地址：云南省昆明市盘龙区人民东路512号,昆明市
香车汇（禄劝店）,联系电话：15911618102,地址：云南省昆明市禄劝彝族苗族自治县G108(京昆线),昆明市
长盛汽车装饰美容,联系电话：15924860336,地址：寥廓北路与三江大道交界处,曲靖市
曼芙丽汽车美容服务中心,联系电话：18182900493,地址：云南省曲靖市麒麟区翠峰西路,曲靖市
宣威市诚申兄弟汽车综合服务坊PA,联系电话：18987423595,地址：中国云南省曲靖市宣威市建设东街87号,曲靖市
车先生洗美俱乐部,联系电话：18287491745,地址：云南省曲靖市沾益县盘江路,曲靖市
唯美汽车装饰美容PA,联系电话：13466073267,地址：云南省曲靖市麒麟区教场西路119,曲靖市
豪盾458汽车快修中心,联系电话：13518728784,地址：云南省曲靖市麒麟区教场西路,曲靖市
华阳汽修养护中心PA,联系电话：13732705558,地址：云南省曲靖市麒麟区长征路,曲靖市
曲靖市麒麟区车霸王美容保养服务部,联系电话：18788549100,地址：云南省曲靖市麒麟区彩云路,曲靖市
曲靖市麒麟区宇彤汽车服务部,联系电话：18687488880,地址：云南省曲靖市麒麟区寥廓南路,曲靖市
宣威市美长养护中心汽车,联系电话：19912966105,地址：中国云南省曲靖市宣威市向阳西街239号,曲靖市
广州汽车美容装饰,联系电话：13278782356,地址：云南省曲靖市麒麟区东星中路,曲靖市
金益名车SPA馆,联系电话：18725442455,地址：中国云南省曲靖市沾益县珠江源大道,曲靖市
第一站汽车之家PA,联系电话：15891889959,地址：云南省曲靖市麒麟区,曲靖市
博奥车美,联系电话：15287959563,地址：云南省曲靖市陆良县城西三路,曲靖市
无尘汽车美容,联系电话：15925010863,地址：云南省保山市隆阳区正阳北路128号,保山市
威洁士爱车会馆,联系电话：15287560662,地址：云南省保山市隆阳区如意巷73号,保山市
易新洗车装饰美容中心,联系电话：18187538059,地址：云南省保山市腾冲县华严路,保山市
及速美,联系电话：13987503568,地址：和平路80,保山市
谷柏特汽车服务生活馆PA,联系电话：13987585452,地址：云南省保山市隆阳区G320(永昌路),保山市
美高美汽车美容会所,联系电话：13887810962,地址：永昌路489号（三馆环岛南150米东）,保山市
车爵士汽车美容养护(界头分店),联系电话：15912709954,地址：云南省保山市腾冲县将台路,保山市
明香汽车美容,联系电话：15287530610,地址：云南省保山市腾冲县X195,保山市
泊无尘汽车美容装饰,联系电话：15288691989,地址：云南省文山壮族苗族自治州文山市七花南路,文山壮族苗族自治州
明华汽车,联系电话：18616014434,地址：云南省文山壮族苗族自治州文山市开化中路231,文山壮族苗族自治州
膜力卡汽车美容中心,联系电话：13577736922,地址：东风北路18号龙发酒店停车场内,玉溪市
玉溪市鑫天福汽车服务有限公司,联系电话：0877-2661316,地址：玉溪市红塔区抚仙路15号,玉溪市
红塔区中天汽修店,联系电话：13577738560,地址：云南省玉溪市红塔区西河路,玉溪市
华美汽车会所,联系电话：13988403034,地址：石龙商贸城,玉溪市
小企鹅汽车美容中心,联系电话：13987780015,地址：玉溪市红塔区龙马路29号,玉溪市
易捷洗车美容南环店,联系电话：18213452064,地址：云南省玉溪市红塔区腾霄路10,玉溪市
嘎洒瑞佳服务站点,联系电话：13988442277,地址：云南省玉溪市新平彝族傣族自治县曼费路,玉溪市
一站式汽车服务西河店,联系电话：13078702103,地址：云南省玉溪市红塔区西河路,玉溪市
泰妙自助洗车行,联系电话：15008883789,地址：云南省玉溪市红塔区下康井18幢14号,玉溪市
特福莱汽车美容装饰（玉溪店）,联系电话：13987738986,地址：玉溪市红塔区南北大街106号,玉溪市
江楠汽车洗护中心,联系电话：13887766727,地址：汇溪路南玉溪第十中学旁,玉溪市
德鑫汽车美容,联系电话：15087746750,地址：玉溪市红塔区山水路2号,玉溪市
速洁专业汽车美容养护中心,联系电话：13618777085,地址：云南省玉溪市红塔区新康路,玉溪市
爱车饰代,联系电话：13988437117,地址：玉溪市江川区德馨苑c72,玉溪市
佳洁汽车美容,联系电话：13987785689,地址：云南省玉溪市红塔区抚仙路19,玉溪市
红星洗车,联系电话：15969310205,地址：云南省玉溪市新平彝族傣族自治县S306,玉溪市
一站式汽车服务太极店,联系电话：18213452064,地址：云南省玉溪市红塔区太极路1,玉溪市
祥骏汽车修理厂,联系电话：13577785928,地址：云南省玉溪市峨山彝族自治县X304,玉溪市
泸西中宇通汽车维修服务有限公司,联系电话：15925380077,地址：云南省红河州泸西县中枢镇阿庐大街法院斜对面,红河哈尼族彝族自治州
博恒汽车生活馆,联系电话：18314029615,地址：云南省红河哈尼族彝族自治州蒙自市学海路,红河哈尼族彝族自治州
佳洁汽车美容中心,联系电话：18908738018,地址：温泉路（城隍庙隔壁）,红河哈尼族彝族自治州
君安快修洗车（君安汽车租赁有限公司）,联系电话：13988079277,地址：弥勒温泉路中段（温泉小区斜对面）,红河哈尼族彝族自治州
百加百汽车服务有限公司,联系电话：15752539060,地址：云南省红河哈尼族彝族自治州个旧市建设路100号,红河哈尼族彝族自治州
大拇指汽车美容服务中心,联系电话：0873-3695880,地址：云南省红河市蒙自市风尚国际三期1-11号商铺,红河哈尼族彝族自治州
靓车E族洗车修理厂,联系电话：15187003376,地址：云南省昭通市昭阳区环城西路161,昭通市
龟博士汽车服务连锁店,联系电话：13608704373,地址：云南省昭通市昭阳区二环南路,昭通市
普洱市凤驰汽车用品美容中心,联系电话：13987971685,地址：普洱市思茅区林源路中国石油加油站内,普洱市
车美饰PA＆SD,联系电话：18206938253,地址：云南省普洱市思茅区振兴南路,普洱市
古城区金锋汽车服务中心,联系电话：13908886261,地址：丽江市古城区香格里拉大道875号,丽江市
中威汽车装饰美容,联系电话：13508850355,地址：团结路延长县建华小区门口,楚雄彝族自治州
精瑞汽车服务部,联系电话：13638731559,地址：云南省楚雄彝族自治州楚雄市团结北路65,楚雄彝族自治州
力魔阳光汽车美容,联系电话：18787827026,地址：云南省楚雄彝族自治州永仁县S216(文庙街),楚雄彝族自治州
楚雄百援精养,联系电话：15758580107,地址：云南省楚雄彝族自治州楚雄市振兴路592,楚雄彝族自治州
车饰界美容装饰部,联系电话：13987073268,地址：云南省楚雄彝族自治州牟定县中清路,楚雄彝族自治州
饰安特汽车美容养护生活馆,联系电话：15331506789,地址：云南省楚雄彝族自治州武定县静山路,楚雄彝族自治州
鑫车坊汽车装饰美容中心,联系电话：13888790355,地址：云南省楚雄彝族自治州楚雄市紫溪大道339,楚雄彝族自治州
谷柏特汽车科技,联系电话：13987087317,地址：云南省楚雄彝族自治州楚雄市茶花大道,楚雄彝族自治州
弘义汽修,联系电话：18908782458,地址：云南省楚雄彝族自治州大姚县S216(咪伊噜大街),楚雄彝族自治州
航瑞美车汇,联系电话：15974788516,地址：云南省楚雄彝族自治州牟定县新南路,楚雄彝族自治州
爱车地带,联系电话：13769149357,地址：云南省楚雄彝族自治州南华县龙山路121号,楚雄彝族自治州
楚雄高新区博瑞汽车维修中心,联系电话：15125996664,地址：云南省楚雄彝族自治州楚雄市兴盛街42-、44号,楚雄彝族自治州
楚雄蒸汽洗车养护中心PA,联系电话：17808784623,地址：云南省楚雄彝族自治州元谋县G108(京昆线),楚雄彝族自治州
大众乐途汽车维修保养美容中心,联系电话：13577811117,地址：云南省楚雄彝族自治州姚安县青莲路荷城福苑S2203,楚雄彝族自治州
牟定美洁洗车行,联系电话：13987877062,地址：云南省楚雄彝族自治州牟定县中清路,楚雄彝族自治州
景洪卡尔斯汽车美容养护中心（PA）,联系电话：18288000111,地址：云南省西双版纳傣族自治州景洪市勐海路62号,西双版纳傣族自治州
阿坤小汽车美容装饰中心,联系电话：18008810690,地址：云南省西双版纳傣族自治州景洪市曼各中心巷51号,西双版纳傣族自治州
大理市明琦汽车美容服务中心,联系电话：13708664018,地址：云南省大理白族自治州大理市榆宾路7号,大理白族自治州
清华汽车美容俱乐部（PA&SD）,联系电话：15125215527,地址：云南省大理白族自治州大理市S221(大丽线),大理白族自治州
大理兴玲汽车服务有限公司,联系电话：13987203923,地址：云南省大理白族自治州大理市环城南路13号,大理白族自治州
安宁万力兴达汽车服务有限公司,联系电话：087168729117,地址：云南省昆明市安宁市连然街399号,昆明市
黑鲨连锁(大润发店),联系电话：0871-67165286,地址：云南省昆明市官渡区官南大道1368,昆明市
欧博蒸汽洗车美容中心PA,联系电话：13577170944,地址：中国云南省昆明市嵩明县玉明路161,昆明市
宇宙汽修（云南）,联系电话：4008801768-3,地址：云南省昆明市盘龙区北京路864号,昆明市
车洁仕汽车会所,联系电话：13888967425,地址：云南省昆明市官渡区珥季路辅路,昆明市
东川区车之友汽车服务中心,联系电话：13648855319,地址：云南省昆明市东川区驼峰路17,昆明市
昆明启程汽车美容服务有限公司,联系电话：18787043718,地址：云南省昆明市西山区金牛路,昆明市
努尔贤通汽车装饰服务有限公司,联系电话：13888912303,地址：云南省昆明市官渡区关兴路288,昆明市
黑鲨连锁（金实店）,联系电话：087165729488,地址：云南省昆明市盘龙区金实路47号,昆明市
昆明北郊万里汽车修理有限公司,联系电话：13529218417,地址：云南省昆明市五华区龙泉路310,昆明市
全兴汽车装饰美容会所,联系电话：13908846882,地址：云南省昆明市东川区兴玉路中段,昆明市
途悦国际,联系电话：15887267729,地址：云南省昆明市呈贡区谊康北路,昆明市
昆明徕峰汽车服务有限公司,联系电话：0871-67471268,地址：昆明呈贡区兴呈路12号华怡商务酒店后方,昆明市
佳通汽修,联系电话：13888277499,地址：云南省昆明市五华区羊仙坡南路7号,昆明市
车伯爵汽车美容（百加百）,联系电话：13668762529,地址：北京路864号楚春酒店院内,昆明市
昆昆洗车美容服务部,联系电话：13312545260,地址：云南省昆明市五华区科发路139,昆明市
铭泉汽车美容服务部,联系电话：0871-65387187,地址：云南省昆明市西山区何宏路198号,昆明市
黑鲨连锁（星耀店）,联系电话：13888768833,地址：云南省昆明市官渡区星耀路96,昆明市
黑鲨连锁（经典店）,联系电话：087165632299,地址：云南省昆明市盘龙区穿金路164号,昆明市
黑鲨连锁（尚御店）,联系电话：087163525308,地址：云南省昆明市官渡区关上南路248号,昆明市
黑鲨连锁(新迎店),联系电话：0871-63389220,地址：云南省昆明市盘龙区新明里3,昆明市
黑鲨连锁(西城店),联系电话：0871-68593720,地址：云南省昆明市五华区科新路,昆明市
黑鲨连锁(光辉店),联系电话：0871-68571833,地址：云南省昆明市西山区汇云路,昆明市
车影汽车服务会所,联系电话：13529345715,地址：云南省昆明市寻甸回族彝族自治县海秀街,昆明市
兴明汽车美容,联系电话：13669753145,地址：昆明市官渡区环城南路687号,昆明市
恒骋洗车服务部,联系电话：13769116601,地址：云南昆明永胜路56号，北京路永胜路停车场内（金茂停车场内）,昆明市
汇捷车管家莲花池店,联系电话：0871-65357555,地址：昆明市五华区民院路225号,昆明市
云南真想莱汽车服务有限公司,联系电话：0871-63852106,地址：云南省昆明市盘龙区穿金路733号,昆明市
阳光汽车美容装饰服务中心,联系电话：15911503058,地址：云南省昆明市五华区霖雨路103号,昆明市
黑鲨连锁(广福店),联系电话：0871-64101309,地址：云南省昆明市西山区广福路5,昆明市
华盟汽车服务中心,联系电话：13888982615,地址：云南省昆明市五华区龙泉路,昆明市
云南顾众汽车维修服务有限公司,联系电话：13708844026,地址：中国云南省昆明市五华区龙泉路,昆明市
迈卡达汽车美容生活馆,联系电话：15808769602,地址：云南省昆明市官渡区子泰路,昆明市
枫源洗车美容中心,联系电话：13708853098,地址：茨坝街道立欣洲小区森林酒吧旁,昆明市
云南翔天汽车维修服务有限公司,联系电话：0871-64116733,地址：云南省昆明市西山区俊发.九夏云水(周家路南100米),昆明市
宜良洗车人家,联系电话：13888732306,地址：云南省昆明市宜良县温泉路,昆明市
黑鲨连锁（陶雅店）,联系电话：087164579876,地址：云南省昆明市西山区湖畔西路2-1号,昆明市
黑鲨连锁(金秋店),联系电话：0871-65729499,地址：云南省昆明市盘龙区金秋路14,昆明市
明卫汽车保养会所,联系电话：13759466774,地址：云南省昆明市嵩明县盟台东路149,昆明市
御和汽车美容会所,联系电话：13888150772,地址：云南省昆明市东川区白云街36号,昆明市
东川新起点洗车场,联系电话：13888446613,地址：云南省昆明市东川区兴玉路4,昆明市
铭洁车浴商务有限公司,联系电话：18725024699,地址：云南省昆明市安宁市钢河南路,昆明市
佳湖洗车美容装饰养护中心,联系电话：13565077581,地址：云南省昆明市西山区佳湖新城12栋2-6号商铺,昆明市
金楠汽车美容会所,联系电话：13312588925,地址：云南省昆明市嵩明县玉明路72号,昆明市
昆明市五华区华盟洗车场,联系电话：13888753935,地址：云南省昆明市五华区香格里拉大道,昆明市
黑鲨连锁(茨坝店),联系电话：0871-65879354,地址：云南省昆明市盘龙区茨坝路10号,昆明市
黑鲨连锁（金阶店）,联系电话：087167181208,地址：云南省昆明市官渡区民航路745号,昆明市
黑鲨连锁(华洋店),联系电话：0871-67214567,地址：云南省昆明市官渡区博富新商贸街c幢-108号,昆明市
车禹汽车精养快修中心,联系电话：15391340882,地址：云南省昆明市安宁市安温路16,昆明市
呈贡车行道汽车服务店,联系电话：13518797697,地址：云南省昆明市呈贡区宜和路,昆明市
黑鲨连锁（双桥店）,联系电话：0871-67169799,地址：云南省昆明市官渡区日新路1528号,昆明市
黑鲨连锁（美林店）,联系电话：087167124515,地址：云南省昆明市官渡区永巨路,昆明市
洁虎汽车美容,联系电话：13577046919,地址：环城西路23号汉庭酒店旁,昆明市
春夏秋冬服务中心,联系电话：087168100911,地址：云南省昆明市西山区昌源南路291,昆明市
香车汇（禄劝店）,联系电话：15911618102,地址：云南省昆明市禄劝彝族苗族自治县G108(京昆线),昆明市
黑鲨连锁（园西店）,联系电话：087165199771,地址：云南省昆明市五华区圆通北路116号,昆明市
黑鲨连锁(红云店),联系电话：0871-63546614,地址：云南省昆明市五华区红云路77,昆明市
昆明市盘龙区佳恒洗车服务部,联系电话：13888703296,地址：云南省昆明市盘龙区X003(青松路),昆明市
德国力魔汽车美护中心,联系电话：13769151907,地址：云南省昆明市盘龙区人民东路512号,昆明市
靓车洁汽车美容连锁,联系电话：18183817202,地址：云南省昆明市西山区滇池路799,昆明市
长盛汽车装饰美容,联系电话：15924860336,地址：寥廓北路与三江大道交界处,曲靖市
宣威市诚申兄弟汽车综合服务坊PA,联系电话：18987423595,地址：中国云南省曲靖市宣威市建设东街87号,曲靖市
曼芙丽汽车美容服务中心,联系电话：18182900493,地址：云南省曲靖市麒麟区翠峰西路,曲靖市
唯美汽车装饰美容PA,联系电话：13466073267,地址：云南省曲靖市麒麟区教场西路119,曲靖市
豪盾458汽车快修中心,联系电话：13518728784,地址：云南省曲靖市麒麟区教场西路,曲靖市
车先生洗美俱乐部,联系电话：18287491745,地址：云南省曲靖市沾益县盘江路,曲靖市
华阳汽修养护中心PA,联系电话：13732705558,地址：云南省曲靖市麒麟区长征路,曲靖市
曲靖市麒麟区宇彤汽车服务部,联系电话：18687488880,地址：云南省曲靖市麒麟区寥廓南路,曲靖市
曲靖市麒麟区车霸王美容保养服务部,联系电话：18788549100,地址：云南省曲靖市麒麟区彩云路,曲靖市
宣威市美长养护中心汽车,联系电话：19912966105,地址：中国云南省曲靖市宣威市向阳西街239号,曲靖市
广州汽车美容装饰,联系电话：13278782356,地址：云南省曲靖市麒麟区东星中路,曲靖市
金益名车SPA馆,联系电话：18725442455,地址：中国云南省曲靖市沾益县珠江源大道,曲靖市
第一站汽车之家PA,联系电话：15891889959,地址：云南省曲靖市麒麟区,曲靖市
博奥车美,联系电话：15287959563,地址：云南省曲靖市陆良县城西三路,曲靖市
无尘汽车美容,联系电话：15925010863,地址：云南省保山市隆阳区正阳北路128号,保山市
威洁士爱车会馆,联系电话：15287560662,地址：云南省保山市隆阳区如意巷73号,保山市
易新洗车装饰美容中心,联系电话：18187538059,地址：云南省保山市腾冲县华严路,保山市
谷柏特汽车服务生活馆PA,联系电话：13987585452,地址：云南省保山市隆阳区G320(永昌路),保山市
及速美,联系电话：13987503568,地址：和平路80,保山市
美高美汽车美容会所,联系电话：13887810962,地址：永昌路489号（三馆环岛南150米东）,保山市
车爵士汽车美容养护(界头分店),联系电话：15912709954,地址：云南省保山市腾冲县将台路,保山市
明香汽车美容,联系电话：15287530610,地址：云南省保山市腾冲县X195,保山市
泊无尘汽车美容装饰,联系电话：15288691989,地址：云南省文山壮族苗族自治州文山市七花南路,文山壮族苗族自治州
明华汽车,联系电话：18616014434,地址：云南省文山壮族苗族自治州文山市开化中路231,文山壮族苗族自治州
膜力卡汽车美容中心,联系电话：13577736922,地址：东风北路18号龙发酒店停车场内,玉溪市
红塔区中天汽修店,联系电话：13577738560,地址：云南省玉溪市红塔区西河路,玉溪市
华美汽车会所,联系电话：13988403034,地址：石龙商贸城,玉溪市
小企鹅汽车美容中心,联系电话：13987780015,地址：玉溪市红塔区龙马路29号,玉溪市
易捷洗车美容南环店,联系电话：18213452064,地址：云南省玉溪市红塔区腾霄路10,玉溪市
嘎洒瑞佳服务站点,联系电话：13988442277,地址：云南省玉溪市新平彝族傣族自治县曼费路,玉溪市
一站式汽车服务西河店,联系电话：13078702103,地址：云南省玉溪市红塔区西河路,玉溪市
特福莱汽车美容装饰（玉溪店）,联系电话：13987738986,地址：玉溪市红塔区南北大街106号,玉溪市
泰妙自助洗车行,联系电话：15008883789,地址：云南省玉溪市红塔区下康井18幢14号,玉溪市
德鑫汽车美容,联系电话：15087746750,地址：玉溪市红塔区山水路2号,玉溪市
江楠汽车洗护中心,联系电话：13887766727,地址：汇溪路南玉溪第十中学旁,玉溪市
速洁专业汽车美容养护中心,联系电话：13618777085,地址：云南省玉溪市红塔区新康路,玉溪市
爱车饰代,联系电话：13988437117,地址：玉溪市江川区德馨苑c72,玉溪市
佳洁汽车美容,联系电话：13987785689,地址：云南省玉溪市红塔区抚仙路19,玉溪市
红星洗车,联系电话：15969310205,地址：云南省玉溪市新平彝族傣族自治县S306,玉溪市
一站式汽车服务太极店,联系电话：18213452064,地址：云南省玉溪市红塔区太极路1,玉溪市
祥骏汽车修理厂,联系电话：13577785928,地址：云南省玉溪市峨山彝族自治县X304,玉溪市
泸西中宇通汽车维修服务有限公司,联系电话：15925380077,地址：云南省红河州泸西县中枢镇阿庐大街法院斜对面,红河哈尼族彝族自治州
博恒汽车生活馆,联系电话：18314029615,地址：云南省红河哈尼族彝族自治州蒙自市学海路,红河哈尼族彝族自治州
佳洁汽车美容中心,联系电话：18908738018,地址：温泉路（城隍庙隔壁）,红河哈尼族彝族自治州
君安快修洗车（君安汽车租赁有限公司）,联系电话：13988079277,地址：弥勒温泉路中段（温泉小区斜对面）,红河哈尼族彝族自治州
百加百汽车服务有限公司,联系电话：15752539060,地址：云南省红河哈尼族彝族自治州个旧市建设路100号,红河哈尼族彝族自治州
大拇指汽车美容服务中心,联系电话：0873-3695880,地址：云南省红河市蒙自市风尚国际三期1-11号商铺,红河哈尼族彝族自治州
靓车E族洗车修理厂,联系电话：15187003376,地址：云南省昭通市昭阳区环城西路161,昭通市
龟博士汽车服务连锁店,联系电话：13608704373,地址：云南省昭通市昭阳区二环南路,昭通市
普洱市凤驰汽车用品美容中心,联系电话：13987971685,地址：普洱市思茅区林源路中国石油加油站内,普洱市
车美饰PA＆SD,联系电话：18206938253,地址：云南省普洱市思茅区振兴南路,普洱市
古城区金锋汽车服务中心,联系电话：13908886261,地址：丽江市古城区香格里拉大道875号,丽江市
精瑞汽车服务部,联系电话：13638731559,地址：云南省楚雄彝族自治州楚雄市团结北路65,楚雄彝族自治州
中威汽车装饰美容,联系电话：13508850355,地址：团结路延长县建华小区门口,楚雄彝族自治州
力魔阳光汽车美容,联系电话：18787827026,地址：云南省楚雄彝族自治州永仁县S216(文庙街),楚雄彝族自治州
楚雄百援精养,联系电话：15758580107,地址：云南省楚雄彝族自治州楚雄市振兴路592,楚雄彝族自治州
车饰界美容装饰部,联系电话：13987073268,地址：云南省楚雄彝族自治州牟定县中清路,楚雄彝族自治州
饰安特汽车美容养护生活馆,联系电话：15331506789,地址：云南省楚雄彝族自治州武定县静山路,楚雄彝族自治州
鑫车坊汽车装饰美容中心,联系电话：13888790355,地址：云南省楚雄彝族自治州楚雄市紫溪大道339,楚雄彝族自治州
谷柏特汽车科技,联系电话：13987087317,地址：云南省楚雄彝族自治州楚雄市茶花大道,楚雄彝族自治州
弘义汽修,联系电话：18908782458,地址：云南省楚雄彝族自治州大姚县S216(咪伊噜大街),楚雄彝族自治州
航瑞美车汇,联系电话：15974788516,地址：云南省楚雄彝族自治州牟定县新南路,楚雄彝族自治州
楚雄蒸汽洗车养护中心PA,联系电话：17808784623,地址：云南省楚雄彝族自治州元谋县G108(京昆线),楚雄彝族自治州
爱车地带,联系电话：13769149357,地址：云南省楚雄彝族自治州南华县龙山路121号,楚雄彝族自治州
楚雄高新区博瑞汽车维修中心,联系电话：15125996664,地址：云南省楚雄彝族自治州楚雄市兴盛街42-、44号,楚雄彝族自治州
大众乐途汽车维修保养美容中心,联系电话：13577811117,地址：云南省楚雄彝族自治州姚安县青莲路荷城福苑S2203,楚雄彝族自治州
牟定美洁洗车行,联系电话：13987877062,地址：云南省楚雄彝族自治州牟定县中清路,楚雄彝族自治州
大理市明琦汽车美容服务中心,联系电话：13708664018,地址：云南省大理白族自治州大理市榆宾路7号,大理白族自治州
清华汽车美容俱乐部（PA&SD）,联系电话：15125215527,地址：云南省大理白族自治州大理市S221(大丽线),大理白族自治州
大理兴玲汽车服务有限公司,联系电话：13987203923,地址：云南省大理白族自治州大理市环城南路13号,大理白族自治州
欧博蒸汽洗车美容中心PA,联系电话：13577170944,地址：中国云南省昆明市嵩明县玉明路161,昆明市
宇宙汽修（云南）,联系电话：4008801768-3,地址：云南省昆明市盘龙区北京路864号,昆明市
安宁万力兴达汽车服务有限公司,联系电话：087168729117,地址：云南省昆明市安宁市连然街399号,昆明市
车洁仕汽车会所,联系电话：13888967425,地址：云南省昆明市官渡区珥季路辅路,昆明市
东川区车之友汽车服务中心,联系电话：13648855319,地址：云南省昆明市东川区驼峰路17,昆明市
途悦国际,联系电话：15887267729,地址：云南省昆明市呈贡区谊康北路,昆明市
努尔贤通汽车装饰服务有限公司,联系电话：13888912303,地址：云南省昆明市官渡区关兴路288,昆明市
昆明启程汽车美容服务有限公司,联系电话：18787043718,地址：云南省昆明市西山区金牛路,昆明市
全兴汽车装饰美容会所,联系电话：13908846882,地址：云南省昆明市东川区兴玉路中段,昆明市
昆明北郊万里汽车修理有限公司,联系电话：13529218417,地址：云南省昆明市五华区龙泉路310,昆明市
昆明徕峰汽车服务有限公司,联系电话：0871-67471268,地址：昆明呈贡区兴呈路12号华怡商务酒店后方,昆明市
车影汽车服务会所,联系电话：13529345715,地址：云南省昆明市寻甸回族彝族自治县海秀街,昆明市
佳通汽修,联系电话：13888277499,地址：云南省昆明市五华区羊仙坡南路7号,昆明市
车伯爵汽车美容（百加百）,联系电话：13668762529,地址：北京路864号楚春酒店院内,昆明市
昆昆洗车美容服务部,联系电话：13312545260,地址：云南省昆明市五华区科发路139,昆明市
铭泉汽车美容服务部,联系电话：0871-65387187,地址：云南省昆明市西山区何宏路198号,昆明市
迈卡达汽车美容生活馆,联系电话：15808769602,地址：云南省昆明市官渡区子泰路,昆明市
云南顾众汽车维修服务有限公司,联系电话：13708844026,地址：中国云南省昆明市五华区龙泉路,昆明市
恒骋洗车服务部,联系电话：13769116601,地址：云南昆明永胜路56号，北京路永胜路停车场内（金茂停车场内）,昆明市
汇捷车管家莲花池店,联系电话：0871-65357555,地址：昆明市五华区民院路225号,昆明市
兴明汽车美容,联系电话：13669753145,地址：昆明市官渡区环城南路687号,昆明市
云南真想莱汽车服务有限公司,联系电话：0871-63852106,地址：云南省昆明市盘龙区穿金路733号,昆明市
阳光汽车美容装饰服务中心,联系电话：15911503058,地址：云南省昆明市五华区霖雨路103号,昆明市
华盟汽车服务中心,联系电话：13888982615,地址：云南省昆明市五华区龙泉路,昆明市
御和汽车美容会所,联系电话：13888150772,地址：云南省昆明市东川区白云街36号,昆明市
枫源洗车美容中心,联系电话：13708853098,地址：茨坝街道立欣洲小区森林酒吧旁,昆明市
云南翔天汽车维修服务有限公司,联系电话：0871-64116733,地址：云南省昆明市西山区俊发.九夏云水(周家路南100米),昆明市
宜良洗车人家,联系电话：13888732306,地址：云南省昆明市宜良县温泉路,昆明市
明卫汽车保养会所,联系电话：13759466774,地址：云南省昆明市嵩明县盟台东路149,昆明市
东川新起点洗车场,联系电话：13888446613,地址：云南省昆明市东川区兴玉路4,昆明市
佳湖洗车美容装饰养护中心,联系电话：13565077581,地址：云南省昆明市西山区佳湖新城12栋2-6号商铺,昆明市
金楠汽车美容会所,联系电话：13312588925,地址：云南省昆明市嵩明县玉明路72号,昆明市
昆明市五华区华盟洗车场,联系电话：13888753935,地址：云南省昆明市五华区香格里拉大道,昆明市
铭洁车浴商务有限公司,联系电话：18725024699,地址：云南省昆明市安宁市钢河南路,昆明市
车禹汽车精养快修中心,联系电话：15391340882,地址：云南省昆明市安宁市安温路16,昆明市
呈贡车行道汽车服务店,联系电话：13518797697,地址：云南省昆明市呈贡区宜和路,昆明市
洁虎汽车美容,联系电话：13577046919,地址：环城西路23号汉庭酒店旁,昆明市
春夏秋冬服务中心,联系电话：087168100911,地址：云南省昆明市西山区昌源南路291,昆明市
香车汇（禄劝店）,联系电话：15911618102,地址：云南省昆明市禄劝彝族苗族自治县G108(京昆线),昆明市
德国力魔汽车美护中心,联系电话：13769151907,地址：云南省昆明市盘龙区人民东路512号,昆明市
昆明市盘龙区佳恒洗车服务部,联系电话：13888703296,地址：云南省昆明市盘龙区X003(青松路),昆明市
靓车洁汽车美容连锁,联系电话：18183817202,地址：云南省昆明市西山区滇池路799,昆明市
曼芙丽汽车美容服务中心,联系电话：18182900493,地址：云南省曲靖市麒麟区翠峰西路,曲靖市
宣威市诚申兄弟汽车综合服务坊PA,联系电话：18987423595,地址：中国云南省曲靖市宣威市建设东街87号,曲靖市
长盛汽车装饰美容,联系电话：15924860336,地址：寥廓北路与三江大道交界处,曲靖市
唯美汽车装饰美容PA,联系电话：13466073267,地址：云南省曲靖市麒麟区教场西路119,曲靖市
豪盾458汽车快修中心,联系电话：13518728784,地址：云南省曲靖市麒麟区教场西路,曲靖市
车先生洗美俱乐部,联系电话：18287491745,地址：云南省曲靖市沾益县盘江路,曲靖市
华阳汽修养护中心PA,联系电话：13732705558,地址：云南省曲靖市麒麟区长征路,曲靖市
宣威市美长养护中心汽车,联系电话：19912966105,地址：中国云南省曲靖市宣威市向阳西街239号,曲靖市
曲靖市麒麟区车霸王美容保养服务部,联系电话：18788549100,地址：云南省曲靖市麒麟区彩云路,曲靖市
曲靖市麒麟区宇彤汽车服务部,联系电话：18687488880,地址：云南省曲靖市麒麟区寥廓南路,曲靖市
广州汽车美容装饰,联系电话：13278782356,地址：云南省曲靖市麒麟区东星中路,曲靖市
金益名车SPA馆,联系电话：18725442455,地址：中国云南省曲靖市沾益县珠江源大道,曲靖市
第一站汽车之家PA,联系电话：15891889959,地址：云南省曲靖市麒麟区,曲靖市
博奥车美,联系电话：15287959563,地址：云南省曲靖市陆良县城西三路,曲靖市
无尘汽车美容,联系电话：15925010863,地址：云南省保山市隆阳区正阳北路128号,保山市
威洁士爱车会馆,联系电话：15287560662,地址：云南省保山市隆阳区如意巷73号,保山市
易新洗车装饰美容中心,联系电话：18187538059,地址：云南省保山市腾冲县华严路,保山市
及速美,联系电话：13987503568,地址：和平路80,保山市
谷柏特汽车服务生活馆PA,联系电话：13987585452,地址：云南省保山市隆阳区G320(永昌路),保山市
车爵士汽车美容养护(界头分店),联系电话：15912709954,地址：云南省保山市腾冲县将台路,保山市
美高美汽车美容会所,联系电话：13887810962,地址：永昌路489号（三馆环岛南150米东）,保山市
明香汽车美容,联系电话：15287530610,地址：云南省保山市腾冲县X195,保山市
泊无尘汽车美容装饰,联系电话：15288691989,地址：云南省文山壮族苗族自治州文山市七花南路,文山壮族苗族自治州
明华汽车,联系电话：18616014434,地址：云南省文山壮族苗族自治州文山市开化中路231,文山壮族苗族自治州
红塔区中天汽修店,联系电话：13577738560,地址：云南省玉溪市红塔区西河路,玉溪市
膜力卡汽车美容中心,联系电话：13577736922,地址：东风北路18号龙发酒店停车场内,玉溪市
玉溪市鑫天福汽车服务有限公司,联系电话：0877-2661316,地址：玉溪市红塔区抚仙路15号,玉溪市
易捷洗车美容南环店,联系电话：18213452064,地址：云南省玉溪市红塔区腾霄路10,玉溪市
嘎洒瑞佳服务站点,联系电话：13988442277,地址：云南省玉溪市新平彝族傣族自治县曼费路,玉溪市
华美汽车会所,联系电话：13988403034,地址：石龙商贸城,玉溪市
小企鹅汽车美容中心,联系电话：13987780015,地址：玉溪市红塔区龙马路29号,玉溪市
一站式汽车服务西河店,联系电话：13078702103,地址：云南省玉溪市红塔区西河路,玉溪市
泰妙自助洗车行,联系电话：15008883789,地址：云南省玉溪市红塔区下康井18幢14号,玉溪市
特福莱汽车美容装饰（玉溪店）,联系电话：13987738986,地址：玉溪市红塔区南北大街106号,玉溪市
江楠汽车洗护中心,联系电话：13887766727,地址：汇溪路南玉溪第十中学旁,玉溪市
德鑫汽车美容,联系电话：15087746750,地址：玉溪市红塔区山水路2号,玉溪市
速洁专业汽车美容养护中心,联系电话：13618777085,地址：云南省玉溪市红塔区新康路,玉溪市
红星洗车,联系电话：15969310205,地址：云南省玉溪市新平彝族傣族自治县S306,玉溪市
一站式汽车服务太极店,联系电话：18213452064,地址：云南省玉溪市红塔区太极路1,玉溪市
爱车饰代,联系电话：13988437117,地址：玉溪市江川区德馨苑c72,玉溪市
佳洁汽车美容,联系电话：13987785689,地址：云南省玉溪市红塔区抚仙路19,玉溪市
祥骏汽车修理厂,联系电话：13577785928,地址：云南省玉溪市峨山彝族自治县X304,玉溪市
泸西中宇通汽车维修服务有限公司,联系电话：15925380077,地址：云南省红河州泸西县中枢镇阿庐大街法院斜对面,红河哈尼族彝族自治州
博恒汽车生活馆,联系电话：18314029615,地址：云南省红河哈尼族彝族自治州蒙自市学海路,红河哈尼族彝族自治州
佳洁汽车美容中心,联系电话：18908738018,地址：温泉路（城隍庙隔壁）,红河哈尼族彝族自治州
君安快修洗车（君安汽车租赁有限公司）,联系电话：13988079277,地址：弥勒温泉路中段（温泉小区斜对面）,红河哈尼族彝族自治州
百加百汽车服务有限公司,联系电话：15752539060,地址：云南省红河哈尼族彝族自治州个旧市建设路100号,红河哈尼族彝族自治州
大拇指汽车美容服务中心,联系电话：0873-3695880,地址：云南省红河市蒙自市风尚国际三期1-11号商铺,红河哈尼族彝族自治州
靓车E族洗车修理厂,联系电话：15187003376,地址：云南省昭通市昭阳区环城西路161,昭通市
龟博士汽车服务连锁店,联系电话：13608704373,地址：云南省昭通市昭阳区二环南路,昭通市
普洱市凤驰汽车用品美容中心,联系电话：13987971685,地址：普洱市思茅区林源路中国石油加油站内,普洱市
车美饰PA＆SD,联系电话：18206938253,地址：云南省普洱市思茅区振兴南路,普洱市
古城区金锋汽车服务中心,联系电话：13908886261,地址：丽江市古城区香格里拉大道875号,丽江市
力魔阳光汽车美容,联系电话：18787827026,地址：云南省楚雄彝族自治州永仁县S216(文庙街),楚雄彝族自治州
中威汽车装饰美容,联系电话：13508850355,地址：团结路延长县建华小区门口,楚雄彝族自治州
精瑞汽车服务部,联系电话：13638731559,地址：云南省楚雄彝族自治州楚雄市团结北路65,楚雄彝族自治州
车饰界美容装饰部,联系电话：13987073268,地址：云南省楚雄彝族自治州牟定县中清路,楚雄彝族自治州
楚雄百援精养,联系电话：15758580107,地址：云南省楚雄彝族自治州楚雄市振兴路592,楚雄彝族自治州
饰安特汽车美容养护生活馆,联系电话：15331506789,地址：云南省楚雄彝族自治州武定县静山路,楚雄彝族自治州
鑫车坊汽车装饰美容中心,联系电话：13888790355,地址：云南省楚雄彝族自治州楚雄市紫溪大道339,楚雄彝族自治州
谷柏特汽车科技,联系电话：13987087317,地址：云南省楚雄彝族自治州楚雄市茶花大道,楚雄彝族自治州
弘义汽修,联系电话：18908782458,地址：云南省楚雄彝族自治州大姚县S216(咪伊噜大街),楚雄彝族自治州
航瑞美车汇,联系电话：15974788516,地址：云南省楚雄彝族自治州牟定县新南路,楚雄彝族自治州
牟定美洁洗车行,联系电话：13987877062,地址：云南省楚雄彝族自治州牟定县中清路,楚雄彝族自治州
爱车地带,联系电话：13769149357,地址：云南省楚雄彝族自治州南华县龙山路121号,楚雄彝族自治州
楚雄高新区博瑞汽车维修中心,联系电话：15125996664,地址：云南省楚雄彝族自治州楚雄市兴盛街42-、44号,楚雄彝族自治州
楚雄蒸汽洗车养护中心PA,联系电话：17808784623,地址：云南省楚雄彝族自治州元谋县G108(京昆线),楚雄彝族自治州
大众乐途汽车维修保养美容中心,联系电话：13577811117,地址：云南省楚雄彝族自治州姚安县青莲路荷城福苑S2203,楚雄彝族自治州
景洪卡尔斯汽车美容养护中心（PA）,联系电话：18288000111,地址：云南省西双版纳傣族自治州景洪市勐海路62号,西双版纳傣族自治州
阿坤小汽车美容装饰中心,联系电话：18008810690,地址：云南省西双版纳傣族自治州景洪市曼各中心巷51号,西双版纳傣族自治州
大理市明琦汽车美容服务中心,联系电话：13708664018,地址：云南省大理白族自治州大理市榆宾路7号,大理白族自治州
清华汽车美容俱乐部（PA&SD）,联系电话：15125215527,地址：云南省大理白族自治州大理市S221(大丽线),大理白族自治州
大理兴玲汽车服务有限公司,联系电话：13987203923,地址：云南省大理白族自治州大理市环城南路13号,大理白族自治州
欧博蒸汽洗车美容中心PA,联系电话：13577170944,地址：中国云南省昆明市嵩明县玉明路161,昆明市
宇宙汽修（云南）,联系电话：4008801768-3,地址：云南省昆明市盘龙区北京路864号,昆明市
安宁万力兴达汽车服务有限公司,联系电话：087168729117,地址：云南省昆明市安宁市连然街399号,昆明市
黑鲨连锁(大润发店),联系电话：0871-67165286,地址：云南省昆明市官渡区官南大道1368,昆明市
车洁仕汽车会所,联系电话：13888967425,地址：云南省昆明市官渡区珥季路辅路,昆明市
东川区车之友汽车服务中心,联系电话：13648855319,地址：云南省昆明市东川区驼峰路17,昆明市
努尔贤通汽车装饰服务有限公司,联系电话：13888912303,地址：云南省昆明市官渡区关兴路288,昆明市
昆明北郊万里汽车修理有限公司,联系电话：13529218417,地址：云南省昆明市五华区龙泉路310,昆明市
全兴汽车装饰美容会所,联系电话：13908846882,地址：云南省昆明市东川区兴玉路中段,昆明市
黑鲨连锁（金实店）,联系电话：087165729488,地址：云南省昆明市盘龙区金实路47号,昆明市
昆明启程汽车美容服务有限公司,联系电话：18787043718,地址：云南省昆明市西山区金牛路,昆明市
途悦国际,联系电话：15887267729,地址：云南省昆明市呈贡区谊康北路,昆明市
昆明徕峰汽车服务有限公司,联系电话：0871-67471268,地址：昆明呈贡区兴呈路12号华怡商务酒店后方,昆明市
车影汽车服务会所,联系电话：13529345715,地址：云南省昆明市寻甸回族彝族自治县海秀街,昆明市
昆昆洗车美容服务部,联系电话：13312545260,地址：云南省昆明市五华区科发路139,昆明市
铭泉汽车美容服务部,联系电话：0871-65387187,地址：云南省昆明市西山区何宏路198号,昆明市
黑鲨连锁（星耀店）,联系电话：13888768833,地址：云南省昆明市官渡区星耀路96,昆明市
黑鲨连锁（经典店）,联系电话：087165632299,地址：云南省昆明市盘龙区穿金路164号,昆明市
黑鲨连锁（尚御店）,联系电话：087163525308,地址：云南省昆明市官渡区关上南路248号,昆明市
黑鲨连锁(新迎店),联系电话：0871-63389220,地址：云南省昆明市盘龙区新明里3,昆明市
黑鲨连锁(西城店),联系电话：0871-68593720,地址：云南省昆明市五华区科新路,昆明市
黑鲨连锁(光辉店),联系电话：0871-68571833,地址：云南省昆明市西山区汇云路,昆明市
车伯爵汽车美容（百加百）,联系电话：13668762529,地址：北京路864号楚春酒店院内,昆明市
佳通汽修,联系电话：13888277499,地址：云南省昆明市五华区羊仙坡南路7号,昆明市
汇捷车管家莲花池店,联系电话：0871-65357555,地址：昆明市五华区民院路225号,昆明市
兴明汽车美容,联系电话：13669753145,地址：昆明市官渡区环城南路687号,昆明市
云南真想莱汽车服务有限公司,联系电话：0871-63852106,地址：云南省昆明市盘龙区穿金路733号,昆明市
黑鲨连锁(广福店),联系电话：0871-64101309,地址：云南省昆明市西山区广福路5,昆明市
阳光汽车美容装饰服务中心,联系电话：15911503058,地址：云南省昆明市五华区霖雨路103号,昆明市
恒骋洗车服务部,联系电话：13769116601,地址：云南昆明永胜路56号，北京路永胜路停车场内（金茂停车场内）,昆明市
云南顾众汽车维修服务有限公司,联系电话：13708844026,地址：中国云南省昆明市五华区龙泉路,昆明市
迈卡达汽车美容生活馆,联系电话：15808769602,地址：云南省昆明市官渡区子泰路,昆明市
华盟汽车服务中心,联系电话：13888982615,地址：云南省昆明市五华区龙泉路,昆明市
枫源洗车美容中心,联系电话：13708853098,地址：茨坝街道立欣洲小区森林酒吧旁,昆明市
云南翔天汽车维修服务有限公司,联系电话：0871-64116733,地址：云南省昆明市西山区俊发.九夏云水(周家路南100米),昆明市
宜良洗车人家,联系电话：13888732306,地址：云南省昆明市宜良县温泉路,昆明市
明卫汽车保养会所,联系电话：13759466774,地址：云南省昆明市嵩明县盟台东路149,昆明市
黑鲨连锁（陶雅店）,联系电话：087164579876,地址：云南省昆明市西山区湖畔西路2-1号,昆明市
黑鲨连锁(金秋店),联系电话：0871-65729499,地址：云南省昆明市盘龙区金秋路14,昆明市
御和汽车美容会所,联系电话：13888150772,地址：云南省昆明市东川区白云街36号,昆明市
东川新起点洗车场,联系电话：13888446613,地址：云南省昆明市东川区兴玉路4,昆明市
昆明市五华区华盟洗车场,联系电话：13888753935,地址：云南省昆明市五华区香格里拉大道,昆明市
黑鲨连锁(茨坝店),联系电话：0871-65879354,地址：云南省昆明市盘龙区茨坝路10号,昆明市
黑鲨连锁（金阶店）,联系电话：087167181208,地址：云南省昆明市官渡区民航路745号,昆明市
佳湖洗车美容装饰养护中心,联系电话：13565077581,地址：云南省昆明市西山区佳湖新城12栋2-6号商铺,昆明市
金楠汽车美容会所,联系电话：13312588925,地址：云南省昆明市嵩明县玉明路72号,昆明市
黑鲨连锁(华洋店),联系电话：0871-67214567,地址：云南省昆明市官渡区博富新商贸街c幢-108号,昆明市
铭洁车浴商务有限公司,联系电话：18725024699,地址：云南省昆明市安宁市钢河南路,昆明市
车禹汽车精养快修中心,联系电话：15391340882,地址：云南省昆明市安宁市安温路16,昆明市
呈贡车行道汽车服务店,联系电话：13518797697,地址：云南省昆明市呈贡区宜和路,昆明市
黑鲨连锁（双桥店）,联系电话：0871-67169799,地址：云南省昆明市官渡区日新路1528号,昆明市
黑鲨连锁（美林店）,联系电话：087167124515,地址：云南省昆明市官渡区永巨路,昆明市
洁虎汽车美容,联系电话：13577046919,地址：环城西路23号汉庭酒店旁,昆明市
德国力魔汽车美护中心,联系电话：13769151907,地址：云南省昆明市盘龙区人民东路512号,昆明市
黑鲨连锁（园西店）,联系电话：087165199771,地址：云南省昆明市五华区圆通北路116号,昆明市
黑鲨连锁(红云店),联系电话：0871-63546614,地址：云南省昆明市五华区红云路77,昆明市
香车汇（禄劝店）,联系电话：15911618102,地址：云南省昆明市禄劝彝族苗族自治县G108(京昆线),昆明市
昆明市盘龙区佳恒洗车服务部,联系电话：13888703296,地址：云南省昆明市盘龙区X003(青松路),昆明市
春夏秋冬服务中心,联系电话：087168100911,地址：云南省昆明市西山区昌源南路291,昆明市
靓车洁汽车美容连锁,联系电话：18183817202,地址：云南省昆明市西山区滇池路799,昆明市
曼芙丽汽车美容服务中心,联系电话：18182900493,地址：云南省曲靖市麒麟区翠峰西路,曲靖市
长盛汽车装饰美容,联系电话：15924860336,地址：寥廓北路与三江大道交界处,曲靖市
宣威市诚申兄弟汽车综合服务坊PA,联系电话：18987423595,地址：中国云南省曲靖市宣威市建设东街87号,曲靖市
唯美汽车装饰美容PA,联系电话：13466073267,地址：云南省曲靖市麒麟区教场西路119,曲靖市
豪盾458汽车快修中心,联系电话：13518728784,地址：云南省曲靖市麒麟区教场西路,曲靖市
车先生洗美俱乐部,联系电话：18287491745,地址：云南省曲靖市沾益县盘江路,曲靖市
华阳汽修养护中心PA,联系电话：13732705558,地址：云南省曲靖市麒麟区长征路,曲靖市
曲靖市麒麟区宇彤汽车服务部,联系电话：18687488880,地址：云南省曲靖市麒麟区寥廓南路,曲靖市
曲靖市麒麟区车霸王美容保养服务部,联系电话：18788549100,地址：云南省曲靖市麒麟区彩云路,曲靖市
宣威市美长养护中心汽车,联系电话：19912966105,地址：中国云南省曲靖市宣威市向阳西街239号,曲靖市
广州汽车美容装饰,联系电话：13278782356,地址：云南省曲靖市麒麟区东星中路,曲靖市
金益名车SPA馆,联系电话：18725442455,地址：中国云南省曲靖市沾益县珠江源大道,曲靖市
第一站汽车之家PA,联系电话：15891889959,地址：云南省曲靖市麒麟区,曲靖市
博奥车美,联系电话：15287959563,地址：云南省曲靖市陆良县城西三路,曲靖市
玉溪市鑫天福汽车服务有限公司,联系电话：0877-2661316,地址：玉溪市红塔区抚仙路15号,玉溪市
安宁万力兴达汽车服务有限公司,联系电话：087168729117,地址：云南省昆明市安宁市连然街399号,昆明市
铭泉汽车美容服务部,联系电话：0871-65387187,地址：云南省昆明市西山区何宏路198号,昆明市
汇捷车管家莲花池店,联系电话：0871-65357555,地址：昆明市五华区民院路225号,昆明市
兴明汽车美容,联系电话：13669753145,地址：昆明市官渡区环城南路687号,昆明市
恒骋洗车服务部,联系电话：13769116601,地址：云南昆明永胜路56号，北京路永胜路停车场内（金茂停车场内）,昆明市
云南翔天汽车维修服务有限公司,联系电话：0871-64116733,地址：云南省昆明市西山区俊发.九夏云水(周家路南100米),昆明市
枫源洗车美容中心,联系电话：13708853098,地址：茨坝街道立欣洲小区森林酒吧旁,昆明市
长盛汽车装饰美容,联系电话：15924860336,地址：寥廓北路与三江大道交界处,曲靖市
广州汽车美容装饰,联系电话：13278782356,地址：云南省曲靖市麒麟区东星中路,曲靖市
玉溪市鑫天福汽车服务有限公司,联系电话：0877-2661316,地址：玉溪市红塔区抚仙路15号,玉溪市
普洱市凤驰汽车用品美容中心,联系电话：13987971685,地址：普洱市思茅区林源路中国石油加油站内,普洱市
安宁万力兴达汽车服务有限公司,联系电话：087168729117,地址：云南省昆明市安宁市连然街399号,昆明市
汇捷车管家莲花池店,联系电话：0871-65357555,地址：昆明市五华区民院路225号,昆明市
无尘汽车美容,联系电话：15925010863,地址：云南省保山市隆阳区正阳北路128号,保山市
威洁士爱车会馆,联系电话：15287560662,地址：云南省保山市隆阳区如意巷73号,保山市
易新洗车装饰美容中心,联系电话：18187538059,地址：云南省保山市腾冲县华严路,保山市
及速美,联系电话：13987503568,地址：和平路80,保山市
谷柏特汽车服务生活馆PA,联系电话：13987585452,地址：云南省保山市隆阳区G320(永昌路),保山市
美高美汽车美容会所,联系电话：13887810962,地址：永昌路489号（三馆环岛南150米东）,保山市
车爵士汽车美容养护(界头分店),联系电话：15912709954,地址：云南省保山市腾冲县将台路,保山市
明香汽车美容,联系电话：15287530610,地址：云南省保山市腾冲县X195,保山市
泊无尘汽车美容装饰,联系电话：15288691989,地址：云南省文山壮族苗族自治州文山市七花南路,文山壮族苗族自治州
明华汽车,联系电话：18616014434,地址：云南省文山壮族苗族自治州文山市开化中路231,文山壮族苗族自治州
膜力卡汽车美容中心,联系电话：13577736922,地址：东风北路18号龙发酒店停车场内,玉溪市
玉溪市鑫天福汽车服务有限公司,联系电话：0877-2661316,地址：玉溪市红塔区抚仙路15号,玉溪市
红塔区中天汽修店,联系电话：13577738560,地址：云南省玉溪市红塔区西河路,玉溪市
华美汽车会所,联系电话：13988403034,地址：石龙商贸城,玉溪市
小企鹅汽车美容中心,联系电话：13987780015,地址：玉溪市红塔区龙马路29号,玉溪市
易捷洗车美容南环店,联系电话：18213452064,地址：云南省玉溪市红塔区腾霄路10,玉溪市
嘎洒瑞佳服务站点,联系电话：13988442277,地址：云南省玉溪市新平彝族傣族自治县曼费路,玉溪市
一站式汽车服务西河店,联系电话：13078702103,地址：云南省玉溪市红塔区西河路,玉溪市
泰妙自助洗车行,联系电话：15008883789,地址：云南省玉溪市红塔区下康井18幢14号,玉溪市
特福莱汽车美容装饰（玉溪店）,联系电话：13987738986,地址：玉溪市红塔区南北大街106号,玉溪市
江楠汽车洗护中心,联系电话：13887766727,地址：汇溪路南玉溪第十中学旁,玉溪市
德鑫汽车美容,联系电话：15087746750,地址：玉溪市红塔区山水路2号,玉溪市
速洁专业汽车美容养护中心,联系电话：13618777085,地址：云南省玉溪市红塔区新康路,玉溪市
爱车饰代,联系电话：13988437117,地址：玉溪市江川区德馨苑c72,玉溪市
佳洁汽车美容,联系电话：13987785689,地址：云南省玉溪市红塔区抚仙路19,玉溪市
红星洗车,联系电话：15969310205,地址：云南省玉溪市新平彝族傣族自治县S306,玉溪市
一站式汽车服务太极店,联系电话：18213452064,地址：云南省玉溪市红塔区太极路1,玉溪市
祥骏汽车修理厂,联系电话：13577785928,地址：云南省玉溪市峨山彝族自治县X304,玉溪市
泸西中宇通汽车维修服务有限公司,联系电话：15925380077,地址：云南省红河州泸西县中枢镇阿庐大街法院斜对面,红河哈尼族彝族自治州
博恒汽车生活馆,联系电话：18314029615,地址：云南省红河哈尼族彝族自治州蒙自市学海路,红河哈尼族彝族自治州
佳洁汽车美容中心,联系电话：18908738018,地址：温泉路（城隍庙隔壁）,红河哈尼族彝族自治州
君安快修洗车（君安汽车租赁有限公司）,联系电话：13988079277,地址：弥勒温泉路中段（温泉小区斜对面）,红河哈尼族彝族自治州
百加百汽车服务有限公司,联系电话：15752539060,地址：云南省红河哈尼族彝族自治州个旧市建设路100号,红河哈尼族彝族自治州
大拇指汽车美容服务中心,联系电话：0873-3695880,地址：云南省红河市蒙自市风尚国际三期1-11号商铺,红河哈尼族彝族自治州
靓车E族洗车修理厂,联系电话：15187003376,地址：云南省昭通市昭阳区环城西路161,昭通市
龟博士汽车服务连锁店,联系电话：13608704373,地址：云南省昭通市昭阳区二环南路,昭通市
普洱市凤驰汽车用品美容中心,联系电话：13987971685,地址：普洱市思茅区林源路中国石油加油站内,普洱市
车美饰PA＆SD,联系电话：18206938253,地址：云南省普洱市思茅区振兴南路,普洱市
古城区金锋汽车服务中心,联系电话：13908886261,地址：丽江市古城区香格里拉大道875号,丽江市
中威汽车装饰美容,联系电话：13508850355,地址：团结路延长县建华小区门口,楚雄彝族自治州
精瑞汽车服务部,联系电话：13638731559,地址：云南省楚雄彝族自治州楚雄市团结北路65,楚雄彝族自治州
力魔阳光汽车美容,联系电话：18787827026,地址：云南省楚雄彝族自治州永仁县S216(文庙街),楚雄彝族自治州
楚雄百援精养,联系电话：15758580107,地址：云南省楚雄彝族自治州楚雄市振兴路592,楚雄彝族自治州
车饰界美容装饰部,联系电话：13987073268,地址：云南省楚雄彝族自治州牟定县中清路,楚雄彝族自治州
饰安特汽车美容养护生活馆,联系电话：15331506789,地址：云南省楚雄彝族自治州武定县静山路,楚雄彝族自治州
鑫车坊汽车装饰美容中心,联系电话：13888790355,地址：云南省楚雄彝族自治州楚雄市紫溪大道339,楚雄彝族自治州
谷柏特汽车科技,联系电话：13987087317,地址：云南省楚雄彝族自治州楚雄市茶花大道,楚雄彝族自治州
弘义汽修,联系电话：18908782458,地址：云南省楚雄彝族自治州大姚县S216(咪伊噜大街),楚雄彝族自治州
航瑞美车汇,联系电话：15974788516,地址：云南省楚雄彝族自治州牟定县新南路,楚雄彝族自治州
爱车地带,联系电话：13769149357,地址：云南省楚雄彝族自治州南华县龙山路121号,楚雄彝族自治州
楚雄高新区博瑞汽车维修中心,联系电话：15125996664,地址：云南省楚雄彝族自治州楚雄市兴盛街42-、44号,楚雄彝族自治州
楚雄蒸汽洗车养护中心PA,联系电话：17808784623,地址：云南省楚雄彝族自治州元谋县G108(京昆线),楚雄彝族自治州
大众乐途汽车维修保养美容中心,联系电话：13577811117,地址：云南省楚雄彝族自治州姚安县青莲路荷城福苑S2203,楚雄彝族自治州
牟定美洁洗车行,联系电话：13987877062,地址：云南省楚雄彝族自治州牟定县中清路,楚雄彝族自治州
景洪卡尔斯汽车美容养护中心（PA）,联系电话：18288000111,地址：云南省西双版纳傣族自治州景洪市勐海路62号,西双版纳傣族自治州
阿坤小汽车美容装饰中心,联系电话：18008810690,地址：云南省西双版纳傣族自治州景洪市曼各中心巷51号,西双版纳傣族自治州
大理市明琦汽车美容服务中心,联系电话：13708664018,地址：云南省大理白族自治州大理市榆宾路7号,大理白族自治州
清华汽车美容俱乐部（PA&SD）,联系电话：15125215527,地址：云南省大理白族自治州大理市S221(大丽线),大理白族自治州
大理兴玲汽车服务有限公司,联系电话：13987203923,地址：云南省大理白族自治州大理市环城南路13号,大理白族自治州
安宁万力兴达汽车服务有限公司,联系电话：087168729117,地址：云南省昆明市安宁市连然街399号,昆明市
宇宙汽修（云南）,联系电话：4008801768-3,地址：云南省昆明市盘龙区北京路864号,昆明市
欧博蒸汽洗车美容中心PA,联系电话：13577170944,地址：中国云南省昆明市嵩明县玉明路161,昆明市
黑鲨连锁(大润发店),联系电话：0871-67165286,地址：云南省昆明市官渡区官南大道1368,昆明市
车洁仕汽车会所,联系电话：13888967425,地址：云南省昆明市官渡区珥季路辅路,昆明市
努尔贤通汽车装饰服务有限公司,联系电话：13888912303,地址：云南省昆明市官渡区关兴路288,昆明市
昆明启程汽车美容服务有限公司,联系电话：18787043718,地址：云南省昆明市西山区金牛路,昆明市
东川区车之友汽车服务中心,联系电话：13648855319,地址：云南省昆明市东川区驼峰路17,昆明市
全兴汽车装饰美容会所,联系电话：13908846882,地址：云南省昆明市东川区兴玉路中段,昆明市
黑鲨连锁（金实店）,联系电话：087165729488,地址：云南省昆明市盘龙区金实路47号,昆明市
昆明北郊万里汽车修理有限公司,联系电话：13529218417,地址：云南省昆明市五华区龙泉路310,昆明市
昆明徕峰汽车服务有限公司,联系电话：0871-67471268,地址：昆明呈贡区兴呈路12号华怡商务酒店后方,昆明市
铭泉汽车美容服务部,联系电话：0871-65387187,地址：云南省昆明市西山区何宏路198号,昆明市
车伯爵汽车美容（百加百）,联系电话：13668762529,地址：北京路864号楚春酒店院内,昆明市
黑鲨连锁（星耀店）,联系电话：13888768833,地址：云南省昆明市官渡区星耀路96,昆明市
黑鲨连锁（经典店）,联系电话：087165632299,地址：云南省昆明市盘龙区穿金路164号,昆明市
黑鲨连锁（尚御店）,联系电话：087163525308,地址：云南省昆明市官渡区关上南路248号,昆明市
黑鲨连锁(新迎店),联系电话：0871-63389220,地址：云南省昆明市盘龙区新明里3,昆明市
黑鲨连锁(西城店),联系电话：0871-68593720,地址：云南省昆明市五华区科新路,昆明市
黑鲨连锁(光辉店),联系电话：0871-68571833,地址：云南省昆明市西山区汇云路,昆明市
昆昆洗车美容服务部,联系电话：13312545260,地址：云南省昆明市五华区科发路139,昆明市
车影汽车服务会所,联系电话：13529345715,地址：云南省昆明市寻甸回族彝族自治县海秀街,昆明市
佳通汽修,联系电话：13888277499,地址：云南省昆明市五华区羊仙坡南路7号,昆明市
兴明汽车美容,联系电话：13669753145,地址：昆明市官渡区环城南路687号,昆明市
恒骋洗车服务部,联系电话：13769116601,地址：云南昆明永胜路56号，北京路永胜路停车场内（金茂停车场内）,昆明市
汇捷车管家莲花池店,联系电话：0871-65357555,地址：昆明市五华区民院路225号,昆明市
云南真想莱汽车服务有限公司,联系电话：0871-63852106,地址：云南省昆明市盘龙区穿金路733号,昆明市
黑鲨连锁(广福店),联系电话：0871-64101309,地址：云南省昆明市西山区广福路5,昆明市
阳光汽车美容装饰服务中心,联系电话：15911503058,地址：云南省昆明市五华区霖雨路103号,昆明市
云南顾众汽车维修服务有限公司,联系电话：13708844026,地址：中国云南省昆明市五华区龙泉路,昆明市
迈卡达汽车美容生活馆,联系电话：15808769602,地址：云南省昆明市官渡区子泰路,昆明市
华盟汽车服务中心,联系电话：13888982615,地址：云南省昆明市五华区龙泉路,昆明市
枫源洗车美容中心,联系电话：13708853098,地址：茨坝街道立欣洲小区森林酒吧旁,昆明市
云南翔天汽车维修服务有限公司,联系电话：0871-64116733,地址：云南省昆明市西山区俊发.九夏云水(周家路南100米),昆明市
御和汽车美容会所,联系电话：13888150772,地址：云南省昆明市东川区白云街36号,昆明市
明卫汽车保养会所,联系电话：13759466774,地址：云南省昆明市嵩明县盟台东路149,昆明市
宜良洗车人家,联系电话：13888732306,地址：云南省昆明市宜良县温泉路,昆明市
黑鲨连锁（陶雅店）,联系电话：087164579876,地址：云南省昆明市西山区湖畔西路2-1号,昆明市
黑鲨连锁(金秋店),联系电话：0871-65729499,地址：云南省昆明市盘龙区金秋路14,昆明市
东川新起点洗车场,联系电话：13888446613,地址：云南省昆明市东川区兴玉路4,昆明市
佳湖洗车美容装饰养护中心,联系电话：13565077581,地址：云南省昆明市西山区佳湖新城12栋2-6号商铺,昆明市
金楠汽车美容会所,联系电话：13312588925,地址：云南省昆明市嵩明县玉明路72号,昆明市
昆明市五华区华盟洗车场,联系电话：13888753935,地址：云南省昆明市五华区香格里拉大道,昆明市
黑鲨连锁(茨坝店),联系电话：0871-65879354,地址：云南省昆明市盘龙区茨坝路10号,昆明市
黑鲨连锁（金阶店）,联系电话：087167181208,地址：云南省昆明市官渡区民航路745号,昆明市
黑鲨连锁(华洋店),联系电话：0871-67214567,地址：云南省昆明市官渡区博富新商贸街c幢-108号,昆明市
铭洁车浴商务有限公司,联系电话：18725024699,地址：云南省昆明市安宁市钢河南路,昆明市
车禹汽车精养快修中心,联系电话：15391340882,地址：云南省昆明市安宁市安温路16,昆明市
呈贡车行道汽车服务店,联系电话：13518797697,地址：云南省昆明市呈贡区宜和路,昆明市
黑鲨连锁（双桥店）,联系电话：0871-67169799,地址：云南省昆明市官渡区日新路1528号,昆明市
黑鲨连锁（美林店）,联系电话：087167124515,地址：云南省昆明市官渡区永巨路,昆明市
洁虎汽车美容,联系电话：13577046919,地址：环城西路23号汉庭酒店旁,昆明市
香车汇（禄劝店）,联系电话：15911618102,地址：云南省昆明市禄劝彝族苗族自治县G108(京昆线),昆明市
德国力魔汽车美护中心,联系电话：13769151907,地址：云南省昆明市盘龙区人民东路512号,昆明市
昆明市盘龙区佳恒洗车服务部,联系电话：13888703296,地址：云南省昆明市盘龙区X003(青松路),昆明市
黑鲨连锁（园西店）,联系电话：087165199771,地址：云南省昆明市五华区圆通北路116号,昆明市
黑鲨连锁(红云店),联系电话：0871-63546614,地址：云南省昆明市五华区红云路77,昆明市
春夏秋冬服务中心,联系电话：087168100911,地址：云南省昆明市西山区昌源南路291,昆明市
靓车洁汽车美容连锁,联系电话：18183817202,地址：云南省昆明市西山区滇池路799,昆明市
长盛汽车装饰美容,联系电话：15924860336,地址：寥廓北路与三江大道交界处,曲靖市
宣威市诚申兄弟汽车综合服务坊PA,联系电话：18987423595,地址：中国云南省曲靖市宣威市建设东街87号,曲靖市
曼芙丽汽车美容服务中心,联系电话：18182900493,地址：云南省曲靖市麒麟区翠峰西路,曲靖市
车先生洗美俱乐部,联系电话：18287491745,地址：云南省曲靖市沾益县盘江路,曲靖市
唯美汽车装饰美容PA,联系电话：13466073267,地址：云南省曲靖市麒麟区教场西路119,曲靖市
豪盾458汽车快修中心,联系电话：13518728784,地址：云南省曲靖市麒麟区教场西路,曲靖市
华阳汽修养护中心PA,联系电话：13732705558,地址：云南省曲靖市麒麟区长征路,曲靖市
曲靖市麒麟区车霸王美容保养服务部,联系电话：18788549100,地址：云南省曲靖市麒麟区彩云路,曲靖市
曲靖市麒麟区宇彤汽车服务部,联系电话：18687488880,地址：云南省曲靖市麒麟区寥廓南路,曲靖市
宣威市美长养护中心汽车,联系电话：19912966105,地址：中国云南省曲靖市宣威市向阳西街239号,曲靖市
广州汽车美容装饰,联系电话：13278782356,地址：云南省曲靖市麒麟区东星中路,曲靖市
金益名车SPA馆,联系电话：18725442455,地址：中国云南省曲靖市沾益县珠江源大道,曲靖市
第一站汽车之家PA,联系电话：15891889959,地址：云南省曲靖市麒麟区,曲靖市
博奥车美,联系电话：15287959563,地址：云南省曲靖市陆良县城西三路,曲靖市
无尘汽车美容,联系电话：15925010863,地址：云南省保山市隆阳区正阳北路128号,保山市
威洁士爱车会馆,联系电话：15287560662,地址：云南省保山市隆阳区如意巷73号,保山市
易新洗车装饰美容中心,联系电话：18187538059,地址：云南省保山市腾冲县华严路,保山市
及速美,联系电话：13987503568,地址：和平路80,保山市
谷柏特汽车服务生活馆PA,联系电话：13987585452,地址：云南省保山市隆阳区G320(永昌路),保山市
美高美汽车美容会所,联系电话：13887810962,地址：永昌路489号（三馆环岛南150米东）,保山市
车爵士汽车美容养护(界头分店),联系电话：15912709954,地址：云南省保山市腾冲县将台路,保山市
明香汽车美容,联系电话：15287530610,地址：云南省保山市腾冲县X195,保山市
泊无尘汽车美容装饰,联系电话：15288691989,地址：云南省文山壮族苗族自治州文山市七花南路,文山壮族苗族自治州
明华汽车,联系电话：18616014434,地址：云南省文山壮族苗族自治州文山市开化中路231,文山壮族苗族自治州
玉溪市鑫天福汽车服务有限公司,联系电话：0877-2661316,地址：玉溪市红塔区抚仙路15号,玉溪市
膜力卡汽车美容中心,联系电话：13577736922,地址：东风北路18号龙发酒店停车场内,玉溪市
红塔区中天汽修店,联系电话：13577738560,地址：云南省玉溪市红塔区西河路,玉溪市
华美汽车会所,联系电话：13988403034,地址：石龙商贸城,玉溪市
小企鹅汽车美容中心,联系电话：13987780015,地址：玉溪市红塔区龙马路29号,玉溪市
易捷洗车美容南环店,联系电话：18213452064,地址：云南省玉溪市红塔区腾霄路10,玉溪市
嘎洒瑞佳服务站点,联系电话：13988442277,地址：云南省玉溪市新平彝族傣族自治县曼费路,玉溪市
一站式汽车服务西河店,联系电话：13078702103,地址：云南省玉溪市红塔区西河路,玉溪市
泰妙自助洗车行,联系电话：15008883789,地址：云南省玉溪市红塔区下康井18幢14号,玉溪市
特福莱汽车美容装饰（玉溪店）,联系电话：13987738986,地址：玉溪市红塔区南北大街106号,玉溪市
德鑫汽车美容,联系电话：15087746750,地址：玉溪市红塔区山水路2号,玉溪市
江楠汽车洗护中心,联系电话：13887766727,地址：汇溪路南玉溪第十中学旁,玉溪市
速洁专业汽车美容养护中心,联系电话：13618777085,地址：云南省玉溪市红塔区新康路,玉溪市
爱车饰代,联系电话：13988437117,地址：玉溪市江川区德馨苑c72,玉溪市
佳洁汽车美容,联系电话：13987785689,地址：云南省玉溪市红塔区抚仙路19,玉溪市
红星洗车,联系电话：15969310205,地址：云南省玉溪市新平彝族傣族自治县S306,玉溪市
一站式汽车服务太极店,联系电话：18213452064,地址：云南省玉溪市红塔区太极路1,玉溪市
祥骏汽车修理厂,联系电话：13577785928,地址：云南省玉溪市峨山彝族自治县X304,玉溪市
泸西中宇通汽车维修服务有限公司,联系电话：15925380077,地址：云南省红河州泸西县中枢镇阿庐大街法院斜对面,红河哈尼族彝族自治州
佳洁汽车美容中心,联系电话：18908738018,地址：温泉路（城隍庙隔壁）,红河哈尼族彝族自治州
博恒汽车生活馆,联系电话：18314029615,地址：云南省红河哈尼族彝族自治州蒙自市学海路,红河哈尼族彝族自治州
君安快修洗车（君安汽车租赁有限公司）,联系电话：13988079277,地址：弥勒温泉路中段（温泉小区斜对面）,红河哈尼族彝族自治州
百加百汽车服务有限公司,联系电话：15752539060,地址：云南省红河哈尼族彝族自治州个旧市建设路100号,红河哈尼族彝族自治州
大拇指汽车美容服务中心,联系电话：0873-3695880,地址：云南省红河市蒙自市风尚国际三期1-11号商铺,红河哈尼族彝族自治州
靓车E族洗车修理厂,联系电话：15187003376,地址：云南省昭通市昭阳区环城西路161,昭通市
龟博士汽车服务连锁店,联系电话：13608704373,地址：云南省昭通市昭阳区二环南路,昭通市
普洱市凤驰汽车用品美容中心,联系电话：13987971685,地址：普洱市思茅区林源路中国石油加油站内,普洱市
车美饰PA＆SD,联系电话：18206938253,地址：云南省普洱市思茅区振兴南路,普洱市
古城区金锋汽车服务中心,联系电话：13908886261,地址：丽江市古城区香格里拉大道875号,丽江市
精瑞汽车服务部,联系电话：13638731559,地址：云南省楚雄彝族自治州楚雄市团结北路65,楚雄彝族自治州
中威汽车装饰美容,联系电话：13508850355,地址：团结路延长县建华小区门口,楚雄彝族自治州
力魔阳光汽车美容,联系电话：18787827026,地址：云南省楚雄彝族自治州永仁县S216(文庙街),楚雄彝族自治州
楚雄百援精养,联系电话：15758580107,地址：云南省楚雄彝族自治州楚雄市振兴路592,楚雄彝族自治州
车饰界美容装饰部,联系电话：13987073268,地址：云南省楚雄彝族自治州牟定县中清路,楚雄彝族自治州
饰安特汽车美容养护生活馆,联系电话：15331506789,地址：云南省楚雄彝族自治州武定县静山路,楚雄彝族自治州
鑫车坊汽车装饰美容中心,联系电话：13888790355,地址：云南省楚雄彝族自治州楚雄市紫溪大道339,楚雄彝族自治州
谷柏特汽车科技,联系电话：13987087317,地址：云南省楚雄彝族自治州楚雄市茶花大道,楚雄彝族自治州
弘义汽修,联系电话：18908782458,地址：云南省楚雄彝族自治州大姚县S216(咪伊噜大街),楚雄彝族自治州
航瑞美车汇,联系电话：15974788516,地址：云南省楚雄彝族自治州牟定县新南路,楚雄彝族自治州
楚雄高新区博瑞汽车维修中心,联系电话：15125996664,地址：云南省楚雄彝族自治州楚雄市兴盛街42-、44号,楚雄彝族自治州
爱车地带,联系电话：13769149357,地址：云南省楚雄彝族自治州南华县龙山路121号,楚雄彝族自治州
大众乐途汽车维修保养美容中心,联系电话：13577811117,地址：云南省楚雄彝族自治州姚安县青莲路荷城福苑S2203,楚雄彝族自治州
楚雄蒸汽洗车养护中心PA,联系电话：17808784623,地址：云南省楚雄彝族自治州元谋县G108(京昆线),楚雄彝族自治州
牟定美洁洗车行,联系电话：13987877062,地址：云南省楚雄彝族自治州牟定县中清路,楚雄彝族自治州
大理市明琦汽车美容服务中心,联系电话：13708664018,地址：云南省大理白族自治州大理市榆宾路7号,大理白族自治州
清华汽车美容俱乐部（PA&SD）,联系电话：15125215527,地址：云南省大理白族自治州大理市S221(大丽线),大理白族自治州
大理兴玲汽车服务有限公司,联系电话：13987203923,地址：云南省大理白族自治州大理市环城南路13号,大理白族自治州
安宁万力兴达汽车服务有限公司,联系电话：087168729117,地址：云南省昆明市安宁市连然街399号,昆明市
欧博蒸汽洗车美容中心PA,联系电话：13577170944,地址：中国云南省昆明市嵩明县玉明路161,昆明市
宇宙汽修（云南）,联系电话：4008801768-3,地址：云南省昆明市盘龙区北京路864号,昆明市
车洁仕汽车会所,联系电话：13888967425,地址：云南省昆明市官渡区珥季路辅路,昆明市
东川区车之友汽车服务中心,联系电话：13648855319,地址：云南省昆明市东川区驼峰路17,昆明市
努尔贤通汽车装饰服务有限公司,联系电话：13888912303,地址：云南省昆明市官渡区关兴路288,昆明市
昆明启程汽车美容服务有限公司,联系电话：18787043718,地址：云南省昆明市西山区金牛路,昆明市
昆明北郊万里汽车修理有限公司,联系电话：13529218417,地址：云南省昆明市五华区龙泉路310,昆明市
全兴汽车装饰美容会所,联系电话：13908846882,地址：云南省昆明市东川区兴玉路中段,昆明市
昆明徕峰汽车服务有限公司,联系电话：0871-67471268,地址：昆明呈贡区兴呈路12号华怡商务酒店后方,昆明市
昆昆洗车美容服务部,联系电话：13312545260,地址：云南省昆明市五华区科发路139,昆明市
铭泉汽车美容服务部,联系电话：0871-65387187,地址：云南省昆明市西山区何宏路198号,昆明市
车伯爵汽车美容（百加百）,联系电话：13668762529,地址：北京路864号楚春酒店院内,昆明市
车影汽车服务会所,联系电话：13529345715,地址：云南省昆明市寻甸回族彝族自治县海秀街,昆明市
佳通汽修,联系电话：13888277499,地址：云南省昆明市五华区羊仙坡南路7号,昆明市
云南真想莱汽车服务有限公司,联系电话：0871-63852106,地址：云南省昆明市盘龙区穿金路733号,昆明市
兴明汽车美容,联系电话：13669753145,地址：昆明市官渡区环城南路687号,昆明市
恒骋洗车服务部,联系电话：13769116601,地址：云南昆明永胜路56号，北京路永胜路停车场内（金茂停车场内）,昆明市
汇捷车管家莲花池店,联系电话：0871-65357555,地址：昆明市五华区民院路225号,昆明市
阳光汽车美容装饰服务中心,联系电话：15911503058,地址：云南省昆明市五华区霖雨路103号,昆明市
云南顾众汽车维修服务有限公司,联系电话：13708844026,地址：中国云南省昆明市五华区龙泉路,昆明市
迈卡达汽车美容生活馆,联系电话：15808769602,地址：云南省昆明市官渡区子泰路,昆明市
华盟汽车服务中心,联系电话：13888982615,地址：云南省昆明市五华区龙泉路,昆明市
云南翔天汽车维修服务有限公司,联系电话：0871-64116733,地址：云南省昆明市西山区俊发.九夏云水(周家路南100米),昆明市
枫源洗车美容中心,联系电话：13708853098,地址：茨坝街道立欣洲小区森林酒吧旁,昆明市
御和汽车美容会所,联系电话：13888150772,地址：云南省昆明市东川区白云街36号,昆明市
宜良洗车人家,联系电话：13888732306,地址：云南省昆明市宜良县温泉路,昆明市
明卫汽车保养会所,联系电话：13759466774,地址：云南省昆明市嵩明县盟台东路149,昆明市
铭洁车浴商务有限公司,联系电话：18725024699,地址：云南省昆明市安宁市钢河南路,昆明市
东川新起点洗车场,联系电话：13888446613,地址：云南省昆明市东川区兴玉路4,昆明市
佳湖洗车美容装饰养护中心,联系电话：13565077581,地址：云南省昆明市西山区佳湖新城12栋2-6号商铺,昆明市
金楠汽车美容会所,联系电话：13312588925,地址：云南省昆明市嵩明县玉明路72号,昆明市
昆明市五华区华盟洗车场,联系电话：13888753935,地址：云南省昆明市五华区香格里拉大道,昆明市
车禹汽车精养快修中心,联系电话：15391340882,地址：云南省昆明市安宁市安温路16,昆明市
呈贡车行道汽车服务店,联系电话：13518797697,地址：云南省昆明市呈贡区宜和路,昆明市
洁虎汽车美容,联系电话：13577046919,地址：环城西路23号汉庭酒店旁,昆明市
春夏秋冬服务中心,联系电话：087168100911,地址：云南省昆明市西山区昌源南路291,昆明市
香车汇（禄劝店）,联系电话：15911618102,地址：云南省昆明市禄劝彝族苗族自治县G108(京昆线),昆明市
德国力魔汽车美护中心,联系电话：13769151907,地址：云南省昆明市盘龙区人民东路512号,昆明市
昆明市盘龙区佳恒洗车服务部,联系电话：13888703296,地址：云南省昆明市盘龙区X003(青松路),昆明市
靓车洁汽车美容连锁,联系电话：18183817202,地址：云南省昆明市西山区滇池路799,昆明市
长盛汽车装饰美容,联系电话：15924860336,地址：寥廓北路与三江大道交界处,曲靖市
曼芙丽汽车美容服务中心,联系电话：18182900493,地址：云南省曲靖市麒麟区翠峰西路,曲靖市
宣威市诚申兄弟汽车综合服务坊PA,联系电话：18987423595,地址：中国云南省曲靖市宣威市建设东街87号,曲靖市
车先生洗美俱乐部,联系电话：18287491745,地址：云南省曲靖市沾益县盘江路,曲靖市
唯美汽车装饰美容PA,联系电话：13466073267,地址：云南省曲靖市麒麟区教场西路119,曲靖市
豪盾458汽车快修中心,联系电话：13518728784,地址：云南省曲靖市麒麟区教场西路,曲靖市
华阳汽修养护中心PA,联系电话：13732705558,地址：云南省曲靖市麒麟区长征路,曲靖市
曲靖市麒麟区宇彤汽车服务部,联系电话：18687488880,地址：云南省曲靖市麒麟区寥廓南路,曲靖市
曲靖市麒麟区车霸王美容保养服务部,联系电话：18788549100,地址：云南省曲靖市麒麟区彩云路,曲靖市
宣威市美长养护中心汽车,联系电话：19912966105,地址：中国云南省曲靖市宣威市向阳西街239号,曲靖市
广州汽车美容装饰,联系电话：13278782356,地址：云南省曲靖市麒麟区东星中路,曲靖市
金益名车SPA馆,联系电话：18725442455,地址：中国云南省曲靖市沾益县珠江源大道,曲靖市
第一站汽车之家PA,联系电话：15891889959,地址：云南省曲靖市麒麟区,曲靖市
博奥车美,联系电话：15287959563,地址：云南省曲靖市陆良县城西三路,曲靖市
无尘汽车美容,联系电话：15925010863,地址：云南省保山市隆阳区正阳北路128号,保山市
美高美汽车美容会所,联系电话：13887810962,地址：永昌路489号（三馆环岛南150米东）,保山市
玉溪市鑫天福汽车服务有限公司,联系电话：0877-2661316,地址：玉溪市红塔区抚仙路15号,玉溪市
精瑞汽车服务部,联系电话：13638731559,地址：云南省楚雄彝族自治州楚雄市团结北路65,楚雄彝族自治州
鑫车坊汽车装饰美容中心,联系电话：13888790355,地址：云南省楚雄彝族自治州楚雄市紫溪大道339,楚雄彝族自治州
谷柏特汽车科技,联系电话：13987087317,地址：云南省楚雄彝族自治州楚雄市茶花大道,楚雄彝族自治州
楚雄高新区博瑞汽车维修中心,联系电话：15125996664,地址：云南省楚雄彝族自治州楚雄市兴盛街42-、44号,楚雄彝族自治州
爱车地带,联系电话：13769149357,地址：云南省楚雄彝族自治州南华县龙山路121号,楚雄彝族自治州
楚雄蒸汽洗车养护中心PA,联系电话：17808784623,地址：云南省楚雄彝族自治州元谋县G108(京昆线),楚雄彝族自治州
清华汽车美容俱乐部（PA&SD）,联系电话：15125215527,地址：云南省大理白族自治州大理市S221(大丽线),大理白族自治州
大理兴玲汽车服务有限公司,联系电话：13987203923,地址：云南省大理白族自治州大理市环城南路13号,大理白族自治州
安宁万力兴达汽车服务有限公司,联系电话：087168729117,地址：云南省昆明市安宁市连然街399号,昆明市
宇宙汽修（云南）,联系电话：4008801768-3,地址：云南省昆明市盘龙区北京路864号,昆明市
车洁仕汽车会所,联系电话：13888967425,地址：云南省昆明市官渡区珥季路辅路,昆明市
东川区车之友汽车服务中心,联系电话：13648855319,地址：云南省昆明市东川区驼峰路17,昆明市
努尔贤通汽车装饰服务有限公司,联系电话：13888912303,地址：云南省昆明市官渡区关兴路288,昆明市
昆明北郊万里汽车修理有限公司,联系电话：13529218417,地址：云南省昆明市五华区龙泉路310,昆明市
途悦国际,联系电话：15887267729,地址：云南省昆明市呈贡区谊康北路,昆明市
云南顾众汽车维修服务有限公司,联系电话：13708844026,地址：中国云南省昆明市五华区龙泉路,昆明市
汇捷车管家莲花池店,联系电话：0871-65357555,地址：昆明市五华区民院路225号,昆明市
云南真想莱汽车服务有限公司,联系电话：0871-63852106,地址：云南省昆明市盘龙区穿金路733号,昆明市
迈卡达汽车美容生活馆,联系电话：15808769602,地址：云南省昆明市官渡区子泰路,昆明市
铭洁车浴商务有限公司,联系电话：18725024699,地址：云南省昆明市安宁市钢河南路,昆明市
车禹汽车精养快修中心,联系电话：15391340882,地址：云南省昆明市安宁市安温路16,昆明市
德国力魔汽车美护中心,联系电话：13769151907,地址：云南省昆明市盘龙区人民东路512号,昆明市
昆明市盘龙区佳恒洗车服务部,联系电话：13888703296,地址：云南省昆明市盘龙区X003(青松路),昆明市
靓车洁汽车美容连锁,联系电话：18183817202,地址：云南省昆明市西山区滇池路799,昆明市
豪盾458汽车快修中心,联系电话：13518728784,地址：云南省曲靖市麒麟区教场西路,曲靖市
曲靖市麒麟区车霸王美容保养服务部,联系电话：18788549100,地址：云南省曲靖市麒麟区彩云路,曲靖市
无尘汽车美容,联系电话：15925010863,地址：云南省保山市隆阳区正阳北路128号,保山市
威洁士爱车会馆,联系电话：15287560662,地址：云南省保山市隆阳区如意巷73号,保山市
易新洗车装饰美容中心,联系电话：18187538059,地址：云南省保山市腾冲县华严路,保山市
美高美汽车美容会所,联系电话：13887810962,地址：永昌路489号（三馆环岛南150米东）,保山市
膜力卡汽车美容中心,联系电话：13577736922,地址：东风北路18号龙发酒店停车场内,玉溪市
玉溪市鑫天福汽车服务有限公司,联系电话：0877-2661316,地址：玉溪市红塔区抚仙路15号,玉溪市
佳洁汽车美容,联系电话：13987785689,地址：云南省玉溪市红塔区抚仙路19,玉溪市
博恒汽车生活馆,联系电话：18314029615,地址：云南省红河哈尼族彝族自治州蒙自市学海路,红河哈尼族彝族自治州
佳洁汽车美容中心,联系电话：18908738018,地址：温泉路（城隍庙隔壁）,红河哈尼族彝族自治州
君安快修洗车（君安汽车租赁有限公司）,联系电话：13988079277,地址：弥勒温泉路中段（温泉小区斜对面）,红河哈尼族彝族自治州
百加百汽车服务有限公司,联系电话：15752539060,地址：云南省红河哈尼族彝族自治州个旧市建设路100号,红河哈尼族彝族自治州
大拇指汽车美容服务中心,联系电话：0873-3695880,地址：云南省红河市蒙自市风尚国际三期1-11号商铺,红河哈尼族彝族自治州
普洱市凤驰汽车用品美容中心,联系电话：13987971685,地址：普洱市思茅区林源路中国石油加油站内,普洱市
古城区金锋汽车服务中心,联系电话：13908886261,地址：丽江市古城区香格里拉大道875号,丽江市
中威汽车装饰美容,联系电话：13508850355,地址：团结路延长县建华小区门口,楚雄彝族自治州
楚雄高新区博瑞汽车维修中心,联系电话：15125996664,地址：云南省楚雄彝族自治州楚雄市兴盛街42-、44号,楚雄彝族自治州
清华汽车美容俱乐部（PA&SD）,联系电话：15125215527,地址：云南省大理白族自治州大理市S221(大丽线),大理白族自治州
欧博蒸汽洗车美容中心PA,联系电话：13577170944,地址：中国云南省昆明市嵩明县玉明路161,昆明市
安宁万力兴达汽车服务有限公司,联系电话：087168729117,地址：云南省昆明市安宁市连然街399号,昆明市
黑鲨连锁(大润发店),联系电话：0871-67165286,地址：云南省昆明市官渡区官南大道1368,昆明市
宇宙汽修（云南）,联系电话：4008801768-3,地址：云南省昆明市盘龙区北京路864号,昆明市
车洁仕汽车会所,联系电话：13888967425,地址：云南省昆明市官渡区珥季路辅路,昆明市
东川区车之友汽车服务中心,联系电话：13648855319,地址：云南省昆明市东川区驼峰路17,昆明市
努尔贤通汽车装饰服务有限公司,联系电话：13888912303,地址：云南省昆明市官渡区关兴路288,昆明市
昆明启程汽车美容服务有限公司,联系电话：18787043718,地址：云南省昆明市西山区金牛路,昆明市
全兴汽车装饰美容会所,联系电话：13908846882,地址：云南省昆明市东川区兴玉路中段,昆明市
昆明北郊万里汽车修理有限公司,联系电话：13529218417,地址：云南省昆明市五华区龙泉路310,昆明市
黑鲨连锁（金实店）,联系电话：087165729488,地址：云南省昆明市盘龙区金实路47号,昆明市
途悦国际,联系电话：15887267729,地址：云南省昆明市呈贡区谊康北路,昆明市
昆明徕峰汽车服务有限公司,联系电话：0871-67471268,地址：昆明呈贡区兴呈路12号华怡商务酒店后方,昆明市
昆昆洗车美容服务部,联系电话：13312545260,地址：云南省昆明市五华区科发路139,昆明市
铭泉汽车美容服务部,联系电话：0871-65387187,地址：云南省昆明市西山区何宏路198号,昆明市
车伯爵汽车美容（百加百）,联系电话：13668762529,地址：北京路864号楚春酒店院内,昆明市
车影汽车服务会所,联系电话：13529345715,地址：云南省昆明市寻甸回族彝族自治县海秀街,昆明市
黑鲨连锁（星耀店）,联系电话：13888768833,地址：云南省昆明市官渡区星耀路96,昆明市
黑鲨连锁（经典店）,联系电话：087165632299,地址：云南省昆明市盘龙区穿金路164号,昆明市
黑鲨连锁（尚御店）,联系电话：087163525308,地址：云南省昆明市官渡区关上南路248号,昆明市
黑鲨连锁(新迎店),联系电话：0871-63389220,地址：云南省昆明市盘龙区新明里3,昆明市
黑鲨连锁(西城店),联系电话：0871-68593720,地址：云南省昆明市五华区科新路,昆明市
黑鲨连锁(光辉店),联系电话：0871-68571833,地址：云南省昆明市西山区汇云路,昆明市
云南真想莱汽车服务有限公司,联系电话：0871-63852106,地址：云南省昆明市盘龙区穿金路733号,昆明市
汇捷车管家莲花池店,联系电话：0871-65357555,地址：昆明市五华区民院路225号,昆明市
兴明汽车美容,联系电话：13669753145,地址：昆明市官渡区环城南路687号,昆明市
恒骋洗车服务部,联系电话：13769116601,地址：云南昆明永胜路56号，北京路永胜路停车场内（金茂停车场内）,昆明市
黑鲨连锁(广福店),联系电话：0871-64101309,地址：云南省昆明市西山区广福路5,昆明市
阳光汽车美容装饰服务中心,联系电话：15911503058,地址：云南省昆明市五华区霖雨路103号,昆明市
迈卡达汽车美容生活馆,联系电话：15808769602,地址：云南省昆明市官渡区子泰路,昆明市
华盟汽车服务中心,联系电话：13888982615,地址：云南省昆明市五华区龙泉路,昆明市
云南翔天汽车维修服务有限公司,联系电话：0871-64116733,地址：云南省昆明市西山区俊发.九夏云水(周家路南100米),昆明市
枫源洗车美容中心,联系电话：13708853098,地址：茨坝街道立欣洲小区森林酒吧旁,昆明市
明卫汽车保养会所,联系电话：13759466774,地址：云南省昆明市嵩明县盟台东路149,昆明市
宜良洗车人家,联系电话：13888732306,地址：云南省昆明市宜良县温泉路,昆明市
黑鲨连锁（陶雅店）,联系电话：087164579876,地址：云南省昆明市西山区湖畔西路2-1号,昆明市
黑鲨连锁(金秋店),联系电话：0871-65729499,地址：云南省昆明市盘龙区金秋路14,昆明市
东川新起点洗车场,联系电话：13888446613,地址：云南省昆明市东川区兴玉路4,昆明市
铭洁车浴商务有限公司,联系电话：18725024699,地址：云南省昆明市安宁市钢河南路,昆明市
佳湖洗车美容装饰养护中心,联系电话：13565077581,地址：云南省昆明市西山区佳湖新城12栋2-6号商铺,昆明市
金楠汽车美容会所,联系电话：13312588925,地址：云南省昆明市嵩明县玉明路72号,昆明市
昆明市五华区华盟洗车场,联系电话：13888753935,地址：云南省昆明市五华区香格里拉大道,昆明市
黑鲨连锁(茨坝店),联系电话：0871-65879354,地址：云南省昆明市盘龙区茨坝路10号,昆明市
黑鲨连锁（金阶店）,联系电话：087167181208,地址：云南省昆明市官渡区民航路745号,昆明市
黑鲨连锁(华洋店),联系电话：0871-67214567,地址：云南省昆明市官渡区博富新商贸街c幢-108号,昆明市
车禹汽车精养快修中心,联系电话：15391340882,地址：云南省昆明市安宁市安温路16,昆明市
呈贡车行道汽车服务店,联系电话：13518797697,地址：云南省昆明市呈贡区宜和路,昆明市
黑鲨连锁（双桥店）,联系电话：0871-67169799,地址：云南省昆明市官渡区日新路1528号,昆明市
黑鲨连锁（美林店）,联系电话：087167124515,地址：云南省昆明市官渡区永巨路,昆明市
洁虎汽车美容,联系电话：13577046919,地址：环城西路23号汉庭酒店旁,昆明市
香车汇（禄劝店）,联系电话：15911618102,地址：云南省昆明市禄劝彝族苗族自治县G108(京昆线),昆明市
德国力魔汽车美护中心,联系电话：13769151907,地址：云南省昆明市盘龙区人民东路512号,昆明市
昆明市盘龙区佳恒洗车服务部,联系电话：13888703296,地址：云南省昆明市盘龙区X003(青松路),昆明市
黑鲨连锁(红云店),联系电话：0871-63546614,地址：云南省昆明市五华区红云路77,昆明市
靓车洁汽车美容连锁,联系电话：18183817202,地址：云南省昆明市西山区滇池路799,昆明市
长盛汽车装饰美容,联系电话：15924860336,地址：寥廓北路与三江大道交界处,曲靖市
宣威市诚申兄弟汽车综合服务坊PA,联系电话：18987423595,地址：中国云南省曲靖市宣威市建设东街87号,曲靖市
唯美汽车装饰美容PA,联系电话：13466073267,地址：云南省曲靖市麒麟区教场西路119,曲靖市
豪盾458汽车快修中心,联系电话：13518728784,地址：云南省曲靖市麒麟区教场西路,曲靖市
车先生洗美俱乐部,联系电话：18287491745,地址：云南省曲靖市沾益县盘江路,曲靖市
曲靖市麒麟区宇彤汽车服务部,联系电话：18687488880,地址：云南省曲靖市麒麟区寥廓南路,曲靖市
曲靖市麒麟区车霸王美容保养服务部,联系电话：18788549100,地址：云南省曲靖市麒麟区彩云路,曲靖市
宣威市美长养护中心汽车,联系电话：19912966105,地址：中国云南省曲靖市宣威市向阳西街239号,曲靖市
广州汽车美容装饰,联系电话：13278782356,地址：云南省曲靖市麒麟区东星中路,曲靖市
金益名车SPA馆,联系电话：18725442455,地址：中国云南省曲靖市沾益县珠江源大道,曲靖市
第一站汽车之家PA,联系电话：15891889959,地址：云南省曲靖市麒麟区,曲靖市
博奥车美,联系电话：15287959563,地址：云南省曲靖市陆良县城西三路,曲靖市
无尘汽车美容,联系电话：15925010863,地址：云南省保山市隆阳区正阳北路128号,保山市
威洁士爱车会馆,联系电话：15287560662,地址：云南省保山市隆阳区如意巷73号,保山市
易新洗车装饰美容中心,联系电话：18187538059,地址：云南省保山市腾冲县华严路,保山市
谷柏特汽车服务生活馆PA,联系电话：13987585452,地址：云南省保山市隆阳区G320(永昌路),保山市
及速美,联系电话：13987503568,地址：和平路80,保山市
美高美汽车美容会所,联系电话：13887810962,地址：永昌路489号（三馆环岛南150米东）,保山市
车爵士汽车美容养护(界头分店),联系电话：15912709954,地址：云南省保山市腾冲县将台路,保山市
明香汽车美容,联系电话：15287530610,地址：云南省保山市腾冲县X195,保山市
泊无尘汽车美容装饰,联系电话：15288691989,地址：云南省文山壮族苗族自治州文山市七花南路,文山壮族苗族自治州
明华汽车,联系电话：18616014434,地址：云南省文山壮族苗族自治州文山市开化中路231,文山壮族苗族自治州
膜力卡汽车美容中心,联系电话：13577736922,地址：东风北路18号龙发酒店停车场内,玉溪市
玉溪市鑫天福汽车服务有限公司,联系电话：0877-2661316,地址：玉溪市红塔区抚仙路15号,玉溪市
红塔区中天汽修店,联系电话：13577738560,地址：云南省玉溪市红塔区西河路,玉溪市
华美汽车会所,联系电话：13988403034,地址：石龙商贸城,玉溪市
小企鹅汽车美容中心,联系电话：13987780015,地址：玉溪市红塔区龙马路29号,玉溪市
易捷洗车美容南环店,联系电话：18213452064,地址：云南省玉溪市红塔区腾霄路10,玉溪市
嘎洒瑞佳服务站点,联系电话：13988442277,地址：云南省玉溪市新平彝族傣族自治县曼费路,玉溪市
一站式汽车服务西河店,联系电话：13078702103,地址：云南省玉溪市红塔区西河路,玉溪市
泰妙自助洗车行,联系电话：15008883789,地址：云南省玉溪市红塔区下康井18幢14号,玉溪市
特福莱汽车美容装饰（玉溪店）,联系电话：13987738986,地址：玉溪市红塔区南北大街106号,玉溪市
德鑫汽车美容,联系电话：15087746750,地址：玉溪市红塔区山水路2号,玉溪市
江楠汽车洗护中心,联系电话：13887766727,地址：汇溪路南玉溪第十中学旁,玉溪市
速洁专业汽车美容养护中心,联系电话：13618777085,地址：云南省玉溪市红塔区新康路,玉溪市
爱车饰代,联系电话：13988437117,地址：玉溪市江川区德馨苑c72,玉溪市
佳洁汽车美容,联系电话：13987785689,地址：云南省玉溪市红塔区抚仙路19,玉溪市
红星洗车,联系电话：15969310205,地址：云南省玉溪市新平彝族傣族自治县S306,玉溪市
一站式汽车服务太极店,联系电话：18213452064,地址：云南省玉溪市红塔区太极路1,玉溪市
祥骏汽车修理厂,联系电话：13577785928,地址：云南省玉溪市峨山彝族自治县X304,玉溪市
泸西中宇通汽车维修服务有限公司,联系电话：15925380077,地址：云南省红河州泸西县中枢镇阿庐大街法院斜对面,红河哈尼族彝族自治州
佳洁汽车美容中心,联系电话：18908738018,地址：温泉路（城隍庙隔壁）,红河哈尼族彝族自治州
博恒汽车生活馆,联系电话：18314029615,地址：云南省红河哈尼族彝族自治州蒙自市学海路,红河哈尼族彝族自治州
君安快修洗车（君安汽车租赁有限公司）,联系电话：13988079277,地址：弥勒温泉路中段（温泉小区斜对面）,红河哈尼族彝族自治州
百加百汽车服务有限公司,联系电话：15752539060,地址：云南省红河哈尼族彝族自治州个旧市建设路100号,红河哈尼族彝族自治州
大拇指汽车美容服务中心,联系电话：0873-3695880,地址：云南省红河市蒙自市风尚国际三期1-11号商铺,红河哈尼族彝族自治州
靓车E族洗车修理厂,联系电话：15187003376,地址：云南省昭通市昭阳区环城西路161,昭通市
龟博士汽车服务连锁店,联系电话：13608704373,地址：云南省昭通市昭阳区二环南路,昭通市
普洱市凤驰汽车用品美容中心,联系电话：13987971685,地址：普洱市思茅区林源路中国石油加油站内,普洱市
车美饰PA＆SD,联系电话：18206938253,地址：云南省普洱市思茅区振兴南路,普洱市
古城区金锋汽车服务中心,联系电话：13908886261,地址：丽江市古城区香格里拉大道875号,丽江市
中威汽车装饰美容,联系电话：13508850355,地址：团结路延长县建华小区门口,楚雄彝族自治州
精瑞汽车服务部,联系电话：13638731559,地址：云南省楚雄彝族自治州楚雄市团结北路65,楚雄彝族自治州
力魔阳光汽车美容,联系电话：18787827026,地址：云南省楚雄彝族自治州永仁县S216(文庙街),楚雄彝族自治州
楚雄百援精养,联系电话：15758580107,地址：云南省楚雄彝族自治州楚雄市振兴路592,楚雄彝族自治州
车饰界美容装饰部,联系电话：13987073268,地址：云南省楚雄彝族自治州牟定县中清路,楚雄彝族自治州
饰安特汽车美容养护生活馆,联系电话：15331506789,地址：云南省楚雄彝族自治州武定县静山路,楚雄彝族自治州
鑫车坊汽车装饰美容中心,联系电话：13888790355,地址：云南省楚雄彝族自治州楚雄市紫溪大道339,楚雄彝族自治州
谷柏特汽车科技,联系电话：13987087317,地址：云南省楚雄彝族自治州楚雄市茶花大道,楚雄彝族自治州
弘义汽修,联系电话：18908782458,地址：云南省楚雄彝族自治州大姚县S216(咪伊噜大街),楚雄彝族自治州
航瑞美车汇,联系电话：15974788516,地址：云南省楚雄彝族自治州牟定县新南路,楚雄彝族自治州
爱车地带,联系电话：13769149357,地址：云南省楚雄彝族自治州南华县龙山路121号,楚雄彝族自治州
楚雄高新区博瑞汽车维修中心,联系电话：15125996664,地址：云南省楚雄彝族自治州楚雄市兴盛街42-、44号,楚雄彝族自治州
楚雄蒸汽洗车养护中心PA,联系电话：17808784623,地址：云南省楚雄彝族自治州元谋县G108(京昆线),楚雄彝族自治州
大众乐途汽车维修保养美容中心,联系电话：13577811117,地址：云南省楚雄彝族自治州姚安县青莲路荷城福苑S2203,楚雄彝族自治州
牟定美洁洗车行,联系电话：13987877062,地址：云南省楚雄彝族自治州牟定县中清路,楚雄彝族自治州
景洪卡尔斯汽车美容养护中心（PA）,联系电话：18288000111,地址：云南省西双版纳傣族自治州景洪市勐海路62号,西双版纳傣族自治州
阿坤小汽车美容装饰中心,联系电话：18008810690,地址：云南省西双版纳傣族自治州景洪市曼各中心巷51号,西双版纳傣族自治州
大理市明琦汽车美容服务中心,联系电话：13708664018,地址：云南省大理白族自治州大理市榆宾路7号,大理白族自治州
清华汽车美容俱乐部（PA&SD）,联系电话：15125215527,地址：云南省大理白族自治州大理市S221(大丽线),大理白族自治州
大理兴玲汽车服务有限公司,联系电话：13987203923,地址：云南省大理白族自治州大理市环城南路13号,大理白族自治州
安宁万力兴达汽车服务有限公司,联系电话：087168729117,地址：云南省昆明市安宁市连然街399号,昆明市
欧博蒸汽洗车美容中心PA,联系电话：13577170944,地址：中国云南省昆明市嵩明县玉明路161,昆明市
宇宙汽修（云南）,联系电话：4008801768-3,地址：云南省昆明市盘龙区北京路864号,昆明市
黑鲨连锁(大润发店),联系电话：0871-67165286,地址：云南省昆明市官渡区官南大道1368,昆明市
车洁仕汽车会所,联系电话：13888967425,地址：云南省昆明市官渡区珥季路辅路,昆明市
昆明启程汽车美容服务有限公司,联系电话：18787043718,地址：云南省昆明市西山区金牛路,昆明市
努尔贤通汽车装饰服务有限公司,联系电话：13888912303,地址：云南省昆明市官渡区关兴路288,昆明市
东川区车之友汽车服务中心,联系电话：13648855319,地址：云南省昆明市东川区驼峰路17,昆明市
全兴汽车装饰美容会所,联系电话：13908846882,地址：云南省昆明市东川区兴玉路中段,昆明市
昆明北郊万里汽车修理有限公司,联系电话：13529218417,地址：云南省昆明市五华区龙泉路310,昆明市
黑鲨连锁（金实店）,联系电话：087165729488,地址：云南省昆明市盘龙区金实路47号,昆明市
昆明徕峰汽车服务有限公司,联系电话：0871-67471268,地址：昆明呈贡区兴呈路12号华怡商务酒店后方,昆明市
铭泉汽车美容服务部,联系电话：0871-65387187,地址：云南省昆明市西山区何宏路198号,昆明市
车伯爵汽车美容（百加百）,联系电话：13668762529,地址：北京路864号楚春酒店院内,昆明市
黑鲨连锁（星耀店）,联系电话：13888768833,地址：云南省昆明市官渡区星耀路96,昆明市
黑鲨连锁（经典店）,联系电话：087165632299,地址：云南省昆明市盘龙区穿金路164号,昆明市
黑鲨连锁（尚御店）,联系电话：087163525308,地址：云南省昆明市官渡区关上南路248号,昆明市
黑鲨连锁(新迎店),联系电话：0871-63389220,地址：云南省昆明市盘龙区新明里3,昆明市
黑鲨连锁(西城店),联系电话：0871-68593720,地址：云南省昆明市五华区科新路,昆明市
黑鲨连锁(光辉店),联系电话：0871-68571833,地址：云南省昆明市西山区汇云路,昆明市
车影汽车服务会所,联系电话：13529345715,地址：云南省昆明市寻甸回族彝族自治县海秀街,昆明市
昆昆洗车美容服务部,联系电话：13312545260,地址：云南省昆明市五华区科发路139,昆明市
佳通汽修,联系电话：13888277499,地址：云南省昆明市五华区羊仙坡南路7号,昆明市
汇捷车管家莲花池店,联系电话：0871-65357555,地址：昆明市五华区民院路225号,昆明市
兴明汽车美容,联系电话：13669753145,地址：昆明市官渡区环城南路687号,昆明市
云南真想莱汽车服务有限公司,联系电话：0871-63852106,地址：云南省昆明市盘龙区穿金路733号,昆明市
恒骋洗车服务部,联系电话：13769116601,地址：云南昆明永胜路56号，北京路永胜路停车场内（金茂停车场内）,昆明市
阳光汽车美容装饰服务中心,联系电话：15911503058,地址：云南省昆明市五华区霖雨路103号,昆明市
黑鲨连锁(广福店),联系电话：0871-64101309,地址：云南省昆明市西山区广福路5,昆明市
云南顾众汽车维修服务有限公司,联系电话：13708844026,地址：中国云南省昆明市五华区龙泉路,昆明市
迈卡达汽车美容生活馆,联系电话：15808769602,地址：云南省昆明市官渡区子泰路,昆明市
华盟汽车服务中心,联系电话：13888982615,地址：云南省昆明市五华区龙泉路,昆明市
枫源洗车美容中心,联系电话：13708853098,地址：茨坝街道立欣洲小区森林酒吧旁,昆明市
云南翔天汽车维修服务有限公司,联系电话：0871-64116733,地址：云南省昆明市西山区俊发.九夏云水(周家路南100米),昆明市
御和汽车美容会所,联系电话：13888150772,地址：云南省昆明市东川区白云街36号,昆明市
明卫汽车保养会所,联系电话：13759466774,地址：云南省昆明市嵩明县盟台东路149,昆明市
宜良洗车人家,联系电话：13888732306,地址：云南省昆明市宜良县温泉路,昆明市
黑鲨连锁（陶雅店）,联系电话：087164579876,地址：云南省昆明市西山区湖畔西路2-1号,昆明市
黑鲨连锁(金秋店),联系电话：0871-65729499,地址：云南省昆明市盘龙区金秋路14,昆明市
东川新起点洗车场,联系电话：13888446613,地址：云南省昆明市东川区兴玉路4,昆明市
佳湖洗车美容装饰养护中心,联系电话：13565077581,地址：云南省昆明市西山区佳湖新城12栋2-6号商铺,昆明市
金楠汽车美容会所,联系电话：13312588925,地址：云南省昆明市嵩明县玉明路72号,昆明市
黑鲨连锁(茨坝店),联系电话：0871-65879354,地址：云南省昆明市盘龙区茨坝路10号,昆明市
黑鲨连锁（金阶店）,联系电话：087167181208,地址：云南省昆明市官渡区民航路745号,昆明市
黑鲨连锁(华洋店),联系电话：0871-67214567,地址：云南省昆明市官渡区博富新商贸街c幢-108号,昆明市
昆明市五华区华盟洗车场,联系电话：13888753935,地址：云南省昆明市五华区香格里拉大道,昆明市
铭洁车浴商务有限公司,联系电话：18725024699,地址：云南省昆明市安宁市钢河南路,昆明市
黑鲨连锁（双桥店）,联系电话：0871-67169799,地址：云南省昆明市官渡区日新路1528号,昆明市
黑鲨连锁（美林店）,联系电话：087167124515,地址：云南省昆明市官渡区永巨路,昆明市
车禹汽车精养快修中心,联系电话：15391340882,地址：云南省昆明市安宁市安温路16,昆明市
呈贡车行道汽车服务店,联系电话：13518797697,地址：云南省昆明市呈贡区宜和路,昆明市
洁虎汽车美容,联系电话：13577046919,地址：环城西路23号汉庭酒店旁,昆明市
香车汇（禄劝店）,联系电话：15911618102,地址：云南省昆明市禄劝彝族苗族自治县G108(京昆线),昆明市
德国力魔汽车美护中心,联系电话：13769151907,地址：云南省昆明市盘龙区人民东路512号,昆明市
昆明市盘龙区佳恒洗车服务部,联系电话：13888703296,地址：云南省昆明市盘龙区X003(青松路),昆明市
黑鲨连锁（园西店）,联系电话：087165199771,地址：云南省昆明市五华区圆通北路116号,昆明市
黑鲨连锁(红云店),联系电话：0871-63546614,地址：云南省昆明市五华区红云路77,昆明市
春夏秋冬服务中心,联系电话：087168100911,地址：云南省昆明市西山区昌源南路291,昆明市
靓车洁汽车美容连锁,联系电话：18183817202,地址：云南省昆明市西山区滇池路799,昆明市
长盛汽车装饰美容,联系电话：15924860336,地址：寥廓北路与三江大道交界处,曲靖市
曼芙丽汽车美容服务中心,联系电话：18182900493,地址：云南省曲靖市麒麟区翠峰西路,曲靖市
宣威市诚申兄弟汽车综合服务坊PA,联系电话：18987423595,地址：中国云南省曲靖市宣威市建设东街87号,曲靖市
车先生洗美俱乐部,联系电话：18287491745,地址：云南省曲靖市沾益县盘江路,曲靖市
唯美汽车装饰美容PA,联系电话：13466073267,地址：云南省曲靖市麒麟区教场西路119,曲靖市
豪盾458汽车快修中心,联系电话：13518728784,地址：云南省曲靖市麒麟区教场西路,曲靖市
华阳汽修养护中心PA,联系电话：13732705558,地址：云南省曲靖市麒麟区长征路,曲靖市
曲靖市麒麟区宇彤汽车服务部,联系电话：18687488880,地址：云南省曲靖市麒麟区寥廓南路,曲靖市
曲靖市麒麟区车霸王美容保养服务部,联系电话：18788549100,地址：云南省曲靖市麒麟区彩云路,曲靖市
宣威市美长养护中心汽车,联系电话：19912966105,地址：中国云南省曲靖市宣威市向阳西街239号,曲靖市
广州汽车美容装饰,联系电话：13278782356,地址：云南省曲靖市麒麟区东星中路,曲靖市
金益名车SPA馆,联系电话：18725442455,地址：中国云南省曲靖市沾益县珠江源大道,曲靖市
第一站汽车之家PA,联系电话：15891889959,地址：云南省曲靖市麒麟区,曲靖市
博奥车美,联系电话：15287959563,地址：云南省曲靖市陆良县城西三路,曲靖市
威洁士爱车会馆,联系电话：15287560662,地址：云南省保山市隆阳区如意巷73号,保山市
易新洗车装饰美容中心,联系电话：18187538059,地址：云南省保山市腾冲县华严路,保山市
及速美,联系电话：13987503568,地址：和平路80,保山市
美高美汽车美容会所,联系电话：13887810962,地址：永昌路489号（三馆环岛南150米东）,保山市
特福莱汽车美容装饰（玉溪店）,联系电话：13987738986,地址：玉溪市红塔区南北大街106号,玉溪市
德鑫汽车美容,联系电话：15087746750,地址：玉溪市红塔区山水路2号,玉溪市
爱车饰代,联系电话：13988437117,地址：玉溪市江川区德馨苑c72,玉溪市
佳洁汽车美容中心,联系电话：18908738018,地址：温泉路（城隍庙隔壁）,红河哈尼族彝族自治州
博恒汽车生活馆,联系电话：18314029615,地址：云南省红河哈尼族彝族自治州蒙自市学海路,红河哈尼族彝族自治州
君安快修洗车（君安汽车租赁有限公司）,联系电话：13988079277,地址：弥勒温泉路中段（温泉小区斜对面）,红河哈尼族彝族自治州
普洱市凤驰汽车用品美容中心,联系电话：13987971685,地址：普洱市思茅区林源路中国石油加油站内,普洱市
楚雄百援精养,联系电话：15758580107,地址：云南省楚雄彝族自治州楚雄市振兴路592,楚雄彝族自治州
楚雄高新区博瑞汽车维修中心,联系电话：15125996664,地址：云南省楚雄彝族自治州楚雄市兴盛街42-、44号,楚雄彝族自治州
清华汽车美容俱乐部（PA&SD）,联系电话：15125215527,地址：云南省大理白族自治州大理市S221(大丽线),大理白族自治州
昆明创驰汽车修理有限公司,联系电话：13308715655,地址：云南省昆明市官渡区云秀路1518,昆明市
车洁仕汽车会所,联系电话：13888967425,地址：云南省昆明市官渡区珥季路辅路,昆明市
努尔贤通汽车装饰服务有限公司,联系电话：13888912303,地址：云南省昆明市官渡区关兴路288,昆明市
车伯爵汽车美容（百加百）,联系电话：13668762529,地址：北京路864号楚春酒店院内,昆明市
铭泉汽车美容服务部,联系电话：0871-65387187,地址：云南省昆明市西山区何宏路198号,昆明市
昆昆洗车美容服务部,联系电话：13312545260,地址：云南省昆明市五华区科发路139,昆明市
昆明众合盛商贸有限责任公司,联系电话：13678710284,地址：云南省昆明市西山区老海埂路200号,昆明市
昆明市华鹏汽车维修厂,联系电话：13888014590,地址：云南省昆明市官渡区金马路,昆明市
佳通汽修,联系电话：13888277499,地址：云南省昆明市五华区羊仙坡南路7号,昆明市
云南顾众汽车维修服务有限公司,联系电话：13708844026,地址：中国云南省昆明市五华区龙泉路,昆明市
兴明汽车美容,联系电话：13669753145,地址：昆明市官渡区环城南路687号,昆明市
云南辰华汽车服务有限公司,联系电话：18669060066,地址：云南省昆明市官渡区宝海路150号,昆明市
汇捷车管家莲花池店,联系电话：0871-65357555,地址：昆明市五华区民院路225号,昆明市
迈卡达汽车美容生活馆,联系电话：15808769602,地址：云南省昆明市官渡区子泰路,昆明市
华盟汽车服务中心,联系电话：13888982615,地址：云南省昆明市五华区龙泉路,昆明市
御和汽车美容会所,联系电话：13888150772,地址：云南省昆明市东川区白云街36号,昆明市
明卫汽车保养会所,联系电话：13759466774,地址：云南省昆明市嵩明县盟台东路149,昆明市
宜良洗车人家,联系电话：13888732306,地址：云南省昆明市宜良县温泉路,昆明市
昆明金鼎汽车贸易有限公司,联系电话：13769130491,地址：云南省昆明市五华区海源中路972号,昆明市
昆明市五华区华盟洗车场,联系电话：13888753935,地址：云南省昆明市五华区香格里拉大道,昆明市
金楠汽车美容会所,联系电话：13312588925,地址：云南省昆明市嵩明县玉明路72号,昆明市
昆明市官渡区小矮人汽车修理店,联系电话：13888381565,地址：云南省昆明市官渡区云秀路1518,昆明市
洁虎汽车美容,联系电话：13577046919,地址：环城西路23号汉庭酒店旁,昆明市
车禹汽车精养快修中心,联系电话：15391340882,地址：云南省昆明市安宁市安温路16,昆明市
春夏秋冬服务中心,联系电话：087168100911,地址：云南省昆明市西山区昌源南路291,昆明市
德国力魔汽车美护中心,联系电话：13769151907,地址：云南省昆明市盘龙区人民东路512号,昆明市
靓车洁汽车美容连锁,联系电话：18183817202,地址：云南省昆明市西山区滇池路799,昆明市
豪盾458汽车快修中心,联系电话：13518728784,地址：云南省曲靖市麒麟区教场西路,曲靖市
华阳汽修养护中心PA,联系电话：13732705558,地址：云南省曲靖市麒麟区长征路,曲靖市
曲靖市麒麟区车霸王美容保养服务部,联系电话：18788549100,地址：云南省曲靖市麒麟区彩云路,曲靖市
美高美汽车美容会所,联系电话：13887810962,地址：永昌路489号（三馆环岛南150米东）,保山市
膜力卡汽车美容中心,联系电话：13577736922,地址：东风北路18号龙发酒店停车场内,玉溪市
玉溪市鑫天福汽车服务有限公司,联系电话：0877-2661316,地址：玉溪市红塔区抚仙路15号,玉溪市
佳洁汽车美容中心,联系电话：18908738018,地址：温泉路（城隍庙隔壁）,红河哈尼族彝族自治州
君安快修洗车（君安汽车租赁有限公司）,联系电话：13988079277,地址：弥勒温泉路中段（温泉小区斜对面）,红河哈尼族彝族自治州
百加百汽车服务有限公司,联系电话：15752539060,地址：云南省红河哈尼族彝族自治州个旧市建设路100号,红河哈尼族彝族自治州
大拇指汽车美容服务中心,联系电话：0873-3695880,地址：云南省红河市蒙自市风尚国际三期1-11号商铺,红河哈尼族彝族自治州
普洱市凤驰汽车用品美容中心,联系电话：13987971685,地址：普洱市思茅区林源路中国石油加油站内,普洱市
古城区金锋汽车服务中心,联系电话：13908886261,地址：丽江市古城区香格里拉大道875号,丽江市
中威汽车装饰美容,联系电话：13508850355,地址：团结路延长县建华小区门口,楚雄彝族自治州
安宁万力兴达汽车服务有限公司,联系电话：087168729117,地址：云南省昆明市安宁市连然街399号,昆明市
宇宙汽修（云南）,联系电话：4008801768-3,地址：云南省昆明市盘龙区北京路864号,昆明市
昆明启程汽车美容服务有限公司,联系电话：18787043718,地址：云南省昆明市西山区金牛路,昆明市
车伯爵汽车美容（百加百）,联系电话：13668762529,地址：北京路864号楚春酒店院内,昆明市
铭泉汽车美容服务部,联系电话：0871-65387187,地址：云南省昆明市西山区何宏路198号,昆明市
兴明汽车美容,联系电话：13669753145,地址：昆明市官渡区环城南路687号,昆明市
云南真想莱汽车服务有限公司,联系电话：0871-63852106,地址：云南省昆明市盘龙区穿金路733号,昆明市
汇捷车管家莲花池店,联系电话：0871-65357555,地址：昆明市五华区民院路225号,昆明市
恒骋洗车服务部,联系电话：13769116601,地址：云南昆明永胜路56号，北京路永胜路停车场内（金茂停车场内）,昆明市
云南翔天汽车维修服务有限公司,联系电话：0871-64116733,地址：云南省昆明市西山区俊发.九夏云水(周家路南100米),昆明市
枫源洗车美容中心,联系电话：13708853098,地址：茨坝街道立欣洲小区森林酒吧旁,昆明市
长盛汽车装饰美容,联系电话：15924860336,地址：寥廓北路与三江大道交界处,曲靖市
广州汽车美容装饰,联系电话：13278782356,地址：云南省曲靖市麒麟区东星中路,曲靖市
无尘汽车美容,联系电话：15925010863,地址：云南省保山市隆阳区正阳北路128号,保山市
威洁士爱车会馆,联系电话：15287560662,地址：云南省保山市隆阳区如意巷73号,保山市
易新洗车装饰美容中心,联系电话：18187538059,地址：云南省保山市腾冲县华严路,保山市
及速美,联系电话：13987503568,地址：和平路80,保山市
谷柏特汽车服务生活馆PA,联系电话：13987585452,地址：云南省保山市隆阳区G320(永昌路),保山市
美高美汽车美容会所,联系电话：13887810962,地址：永昌路489号（三馆环岛南150米东）,保山市
车爵士汽车美容养护(界头分店),联系电话：15912709954,地址：云南省保山市腾冲县将台路,保山市
明香汽车美容,联系电话：15287530610,地址：云南省保山市腾冲县X195,保山市
