福建省,福州,雷朋汽车装潢,13799352120,永泰县马洋小区429号,09:00-18:00
福建省,福州,车品汇汽车美容,13799939690,闽清县白樟镇樟山村202号,08:00-18:00
福建省,福州,百吉汽车养护中心,15960152894,永泰县葛岭镇九老村九老新街17号,08:00-19:37
福建省,福州,嘉实多（车尚品汽车服务中心）,18060872929,闽清县梅城镇南山路南山隧道口300号,09:00-18:00
福建省,福州,大拇指汽车循环换油中心,15606913532,闽清县梅城镇台山路（城镇丽景旁）,07:30-19:00
福建省,福州,好运轮胎（霞河路店）,18960930607,福清市石竹街道霞河路口20号,08:00-22:00
福建省,福州,鑫盛汽车维修厂,15359195777,福清市清荣大道林中丰乐村路口,09:00-18:00
福建省,福州,风顺名车会所,15880186618,福清市龙田镇福庐中路16号,09:00-18:00
福建省,福州,晟鑫汽车会所,15392052888,福清市港头镇锦江路40号,09:00-18:00
福建省,福州,玛吉斯（车时代）,15980619972,福清市玉屏街道玉屏路72号,08:00-18:00
福建省,福州,靓车坊汽车美容养护中心,13599976731,福清市前南路186号（龙山街道办事处斜对面）,08:30-18:30
福建省,福州,信荣车行,18059098221,闽侯县马保路62号,09:00-18:00
福建省,福州,微微汽车服务,15980296603,闽侯县白沙镇白沙新城闽兴大道15号楼102号,09:00-18:00
福建省,福州,西点汽车精护,13850131415,闽侯县上街大学城源通东路118号福晟学府12号2-6店面,08:30-20:30
福建省,福州,精心汽车养护店,15980158470,闽侯县阳光理想城揽香6号,09:00-18:00
福建省,福州,阳光明途汽车养护,13107652872,仓山区金山大道413号丽景天成20号楼1层04店面,09:00-18:00
福建省,福州,红馆汽车美容中心,15080018110,仓山区石边路与金祥路交口西南角（春晓苑1号楼02号店面）,09:00-18:00
福建省,福州,车必达汽车服务中心,059183221392,仓山区金山大道413号,09:00-18:00
福建省,福州,乐道汽车服务(洪塘店）,15959195575,仓山区洪塘路花好月圆二期7号楼1-3号,09:00-18:00
福建省,福州,豪亮汽车美容服务中心,13600837417,闽侯县镜上路（海韵国际城）,09:00-18:00
福建省,福州,雷朋汽车装潢,13799352120,永泰县马洋小区429号,09:00-18:00
福建省,福州,车品汇汽车美容,13799939690,闽清县白樟镇樟山村202号,08:00-18:00
福建省,福州,百吉汽车养护中心,15960152894,永泰县葛岭镇九老村九老新街17号,08:00-19:37
福建省,福州,嘉实多（车尚品汽车服务中心）,18060872929,闽清县梅城镇南山路南山隧道口300号,09:00-18:00
福建省,福州,大拇指汽车循环换油中心,15606913532,闽清县梅城镇台山路（城镇丽景旁）,07:30-19:00
福建省,福州,好运轮胎（霞河路店）,18960930607,福清市石竹街道霞河路口20号,08:00-22:00
福建省,福州,鑫盛汽车维修厂,15359195777,福清市清荣大道林中丰乐村路口,09:00-18:00
福建省,福州,风顺名车会所,15880186618,福清市龙田镇福庐中路16号,09:00-18:00
福建省,福州,晟鑫汽车会所,15392052888,福清市港头镇锦江路40号,09:00-18:00
福建省,福州,玛吉斯（车时代）,15980619972,福清市玉屏街道玉屏路72号,08:00-18:00
福建省,福州,靓车坊汽车美容养护中心,13599976731,福清市前南路186号（龙山街道办事处斜对面）,08:30-18:30
福建省,福州,信荣车行,18059098221,闽侯县马保路62号,09:00-18:00
福建省,福州,微微汽车服务,15980296603,闽侯县白沙镇白沙新城闽兴大道15号楼102号,09:00-18:00
福建省,福州,西点汽车精护,13850131415,闽侯县上街大学城源通东路118号福晟学府12号2-6店面,08:30-20:30
福建省,福州,精心汽车养护店,15980158470,闽侯县阳光理想城揽香6号,09:00-18:00
福建省,福州,阳光明途汽车养护,13107652872,仓山区金山大道413号丽景天成20号楼1层04店面,09:00-18:00
福建省,福州,红馆汽车美容中心,15080018110,仓山区石边路与金祥路交口西南角（春晓苑1号楼02号店面）,09:00-18:00
福建省,福州,车必达汽车服务中心,059183221392,仓山区金山大道413号,09:00-18:00
福建省,福州,乐道汽车服务(洪塘店）,15959195575,仓山区洪塘路花好月圆二期7号楼1-3号,09:00-18:00
福建省,福州,豪亮汽车美容服务中心,13600837417,闽侯县镜上路（海韵国际城）,09:00-18:00
