四川省,成都,美车汽车美容养护中心,13398316110,简阳市红建路南段2幢200-202号,09:00-18:00
四川省,成都,爱车先锋美容养护中心,13819806653,简阳市红建路南段2幢200-202号,09:00-18:00
四川省,成都,澳托猫汽服(四川成都简阳华辉店),19130687747,简阳市成都市简阳市凤山路与凯立威大道交叉路口（中石化加油站内）,00:00-23:59
四川省,成都,靓车洁汽车美容连锁机构（简阳店）,15983336869,简阳市建设中路169-附4号,09:00-18:00
四川省,成都,宏通轿车维修中心,13982911726,简阳市安象街110号,08:00-18:00
四川省,成都,爱车汽修厂,18081690633,简阳市银河路217号1层,09:00-18:00
四川省,成都,咏昌汽贸,02884998988,金堂县淮口镇州城大道248号,08:00-18:00
四川省,成都,佳通轮胎(车爵士汽车美容店),15828036173,龙泉驿区鲸龙路14号（鲸龙路与星光东路交叉口）,07:40-19:20
四川省,成都,爱车之族,15828185860,龙泉驿区建材路89号（速8酒店旁）,06:00-18:00
四川省,成都,车魔亿家汽车美容酷装店,13882230558,龙泉驿区兴茂东街340号,09:00-18:00
四川省,成都,鑫芮心汽车,15008447059,龙泉驿区兴源上街66号,09:00-18:00
四川省,成都,澳托猫汽服(四川成都龙泉驿龙泉店),13608023204,龙泉驿区驿都大道四川科技职工大学旁中石化加油站,00:00-23:59
四川省,成都,洁安洗车场,18581845530,龙泉驿区双龙路博林广场负一楼,08:30-18:40
四川省,成都,宏音汽车装饰,18702888105,金堂县新龙路10号,09:00-18:00
四川省,成都,炬鑫汽车服务中心,18982109080,龙泉驿区翠柳街与驿都大道西路交叉口西南100米,08:30-19:00
四川省,成都,安乐途汽修中心,13488939499,龙泉驿区大面镇翠柳街80号,09:00-18:30
四川省,成都,优车堂汽车精养连锁,17311282802,龙泉驿区芙蓉东街409号,09:00-18:00
四川省,成都,靓点汽车养护中心,13540144114,金堂县滨江路一段347号,09:00-18:00
四川省,成都,腾杰汽车装饰,13693464273,金堂县金泉路186号,09:00-18:00
四川省,成都,澳托猫汽服(四川成都龙泉驿柳树店),13880151624,龙泉驿区龙泉驿区柳树南街1号,00:00-23:59
四川省,成都,畅洁汽车潮车馆,18000599582,金堂县迎宾大道1段-292,09:00-18:00
四川省,成都,名城汽车美容服务,13558700961,金堂县朝阳街36号,09:00-18:00
四川省,成都,3M金磊汽车精品装饰美容中心,13980951528,双流区双流县华阳镇二江路二段38-50号,09:00-18:00
四川省,成都,典典养车（富民路店）,18113191958,双流区富民路四段与富阳二街交叉口东北50米,09:00-18:00
四川省,成都,星睿龙快修汽车服务连锁,13550316888,金堂县康宁街(金堂中学对面),09:00-18:00
四川省,成都,宇霖美车,18181444733,金堂县赵镇金堂大道997号3栋1层,09:00-18:00
四川省,成都,快车手汽车美容行,15882130454,双流区华阳镇富民路三段68号,09:00-18:00
四川省,成都,佳洁汽车会所,13880935371,金堂县赵镇金园街75号,08:00-19:00
四川省,成都,嘉信宝驰汽车维修服务中心,15308232013,双流区新希望大道二段18号,09:00-18:00
四川省,成都,美国固铂轮胎（车宇汽修）,15828084818,双流区中和镇仁和路219号,09:00-18:00
四川省,成都,中国石油汽车服务中心,18980951199,金堂县十里大道一段528号,08:00-18:00
四川省,成都,波仕卡（双流店）,18080457458,双流区安公路一段126号,08:00-20:00
四川省,成都,聚蓉宏宇汽车服务中心,18982157180,双流区安公路一段82号,08:30-19:00
四川省,成都,小拇指汽车微修（龙泉驿店）,028-69150758,龙泉驿区三环路航天立交外侧100米,08:30-18:30
四川省,成都,华易汽车服务站,18908090843,双流区华阳街道新希望大道二段192号（音乐花园5号门对面）,09:00-18:00
四川省,成都,太阳红汽车服务有限公司,13086699827,龙泉驿区友谊东路43号,09:00-18:00
四川省,成都,嘉实多（赤兔养车）,15308032432,双流区协和街道剑和路一段312号,08:30-18:00
四川省,成都,利驰A Home汽车@家,18302830507,锦江区成龙路街道国槐街1272号,08:00-19:00
四川省,成都,澳托猫汽服(四川成都成华聚源店),15928613117,成华区成都市成华区迎晖路62号中石化聚源加油站,00:00-23:59
四川省,成都,成都达世隆汽车服务有限公司,18328686400,锦江区经天一街17号,09:00-18:00
四川省,成都,锐宝汽车美容养护中心,13708013910,双流区锦江路四段388号,09:00-18:00
四川省,成都,澳托猫汽服(四川成都锦江三圣店),15208366229,锦江区成都市锦江区静康路563号,00:00-23:59
四川省,成都,华鑫专业汽车美容,13880959234,锦江区琉璃一街76号附2号,09:00-18:00
四川省,成都,金典汽车美容服务,15982051604,锦江区晨辉一街33号,09:00-18:00
四川省,成都,晖腾汽车维修有限公司,13982229221,锦江区净居寺路20号附102号,09:00-18:00
四川省,成都,马立可汽车中心（精通店）,18980066561,锦江区琉璃场柳翠路90号,09:00-18:00
四川省,成都,嘉实多（来龙汽车维修中心）,13550167634,成华区龙潭寺成康路40号附28号,08:10-19:00
四川省,成都,美车居汽车美容中心,18380378858,成华区和顺西二路62号,08:00-19:30
四川省,成都,车乐部汽车生活,13880872473,成华区龙潭寺成康路40号附18号,09:00-18:00
四川省,成都,匠车坊一站式汽车生活馆（花郡店）,19983149159,成华区万年场双庆路99号（花样年花郡地下负2楼）,09:30-20:30
四川省,成都,优车堂（铁剑广场店）,18030628655,成华区东华一路47号,09:00-18:00
四川省,成都,景记汽车维修服务部,18781948624,青白江区祥福镇同心南街13号,07:00-22:00
四川省,成都,博奥汽车专业美容保养,15928987082,成华区经华北路19号附19-22号,08:00-19:00
四川省,成都,众意洗车美容,13608009280,武侯区火车南站西路17号2栋附11号,08:00-18:00
四川省,成都,洪洁汽车美容中心,13981983768,武侯区火车南站西路21号桂溪南站加油站左侧100米,09:00-18:00
四川省,成都,德胜名车维修中心,18116612713,武侯区府城大道788号,08:30-18:00
四川省,成都,蜀车行汽车服务中心,13882292006,锦江区水碾河路48号（娇子音乐厅停车场内）,08:00-19:00
四川省,成都,逸美佳汽车服务有限公司,13708193284,新都区成都市新都区泰兴镇美林路93号,09:00-18:00
四川省,成都,美轮美汽车养护中心,15184333963,成华区玉双路3号附50号,08:00-18:30
四川省,成都,水舞天车,13980021382,成华区新鸿路91号,08:00-18:30
四川省,成都,天和名车维修保养中心,18908089555,双流区黄河中路一段304号,08:30-18:00
四川省,成都,成都三省汽车,15198252500,成华区新鸿路91号,09:00-18:00
四川省,成都,渼邦汽车(武侯区店),15198074528,武侯区润新花园A区2栋1层5号（东北门右侧200米）,08:00-20:30
四川省,成都,雅朗和美,18702811846,武侯区新乐路97号,09:00-18:00
四川省,成都,斯美迪车臣服务中心,13699066716,成华区一环路东二段7号附5号（华联对面天桥下）,09:00-18:00
四川省,成都,新川汽修,13880872220,成华区二环路东一段18号（新川汽修院内）,09:00-18:00
四川省,成都,成都迎聚汽车服务有限公司,18980866966,武侯区文昌路646号,08:30-18:30
四川省,成都,斯美迪汽车连锁（玉沙店）,18782191217,锦江区七家巷43号,08:00-18:30
四川省,成都,精典汽车（青龙店）,15828288496,成华区致顺南二街66号,08:00-19:00
四川省,成都,川信汽车美容养护中心,13699091036,双流区学府路一段31号,06:30-20:30
四川省,成都,君临车行美容装饰养护中心,18980751285,成华区云龙路99号,09:00-18:00
四川省,成都,领车汽车服务部,18302869558,成华区西林街回归田园菜市场西南向100米,08:00-19:30
四川省,成都,恩卡汽车,17313212867,成华区仁义路1号,09:00-18:00
四川省,成都,典典养车（仁义路店）,18980591509,成华区仁义路57号,09:00-18:00
四川省,成都,赛浪快洁队（成华区店）,15884952775,成华区仁义路33号,09:00-18:00
四川省,成都,A HOME 汽车@家,02883592553,成华区东荆路842号,09:00-18:00
四川省,成都,群意洗车美容中心,13550044591,金牛区解放路二段329号（明珠国际酒店内）,09:00-18:00
四川省,成都,猴王美容精洗中心,18512875738,新津县花桥镇长绍街2号,08:30-17:30
四川省,成都,单行道汽车生活馆,19940715509,成华区西林一街星耀天都负一楼,09:30-20:00
四川省,成都,极美汽修,13666190404,武侯区太平园C区佳灵路265号（世华灯饰城背后）,08:30-18:00
四川省,成都,四川车师傅汽车服务有限公司,17358598292,双流区西航港街道常乐社区对面停车场左侧100米,09:00-18:00
四川省,成都,驹集地汽车护理中心（武侯店）,13308027465,武侯区四线沟路凉水井社区1组100号,08:20-18:15
四川省,成都,轩驰汽车装饰美容中心,15208130810,青白江区化工南路36-38号,09:00-18:00
四川省,成都,精典汽车（驷马桥店）,13408067791,成华区羊子山路10号,09:00-18:00
四川省,成都,玖壹汽车,18011539171,新都区马超东路617号,08:30-19:30
四川省,成都,智能云汽车服务中心,18208807338,成华区金科中心7幢负一楼G02号,09:00-18:00
四川省,成都,顶峰汽车美容,13547880630,青白江区华金大道二段137-145号（青白江区交通局左200米）,09:00-18:00
四川省,成都,浣仙汽美中心,02886980222,青羊区通锦桥路67号（敦煌酒店停车场内）,08:00-19:30
四川省,成都,帝意洗车美容中心,15882037747,青白江区政府南路75号,09:00-18:00
四川省,成都,爱车之家（新津店）,13882082034,新津县华林路147号,09:00-18:00
四川省,成都,德国马牌（荣辉汽车美容服务部）,13540353614,武侯区七里路1-7号,09:00-18:00
四川省,成都,京东京车会（赤兔养车簇桥店）,13547274946,武侯区智达二路818号,08:30-18:30
四川省,成都,快乐容颜汽车养护中心,13699400070,新津县希望路53号,08:00-18:00
四川省,成都,七特车会,13666222578,新都区育英路79号,09:00-18:00
四川省,成都,马立可汽车中心（聚荟店）,18280465501,武侯区聚荟街446-448号,09:00-18:00
四川省,成都,车爵印象汽车美容中心,028-83652213,青白江区政府北路80-92号,09:00-18:00
四川省,成都,捷美达汽车服务中心,15502803179,金牛区九里堤南路64号,08:00-19:30
四川省,成都,宇杰车爵仕快修服务,15308187779,成华区八里桥路204号,09:00-18:00
四川省,成都,壳牌（兴百仕达汽车服务）,13408089995,武侯区武侯大道顺江段68号,08:30-19:00
四川省,成都,琪华汽车,028-83896090,武侯区七里路382-388号,08:20-19:00
四川省,成都,倍耐力（佳陆车航轮胎经营部）,15982385108,成华区花径路276号,09:00-18:00
四川省,成都,嘉实多（阳晨汽车养护中心）,13550079859,金牛区九里堤中路123号,09:00-18:00
四川省,成都,探路者汽车美容维修养护中心,15008455308,青白江区同华大道1413号,09:00-18:00
四川省,成都,源益鑫汽车养护,17381586048,武侯区金花街1号,08:00-20:00
四川省,成都,养车宝汽车养护中心,15328856751,青羊区二环路西一段107号附3号,08:00-19:00
四川省,成都,迅美洁汽车美容,15390426611,武侯区武阳大道一段416号,09:00-18:00
四川省,成都,车爵仕(清源上街店),13402845123,新都区清源上街481号,09:00-18:00
四川省,成都,金骏汽修美容连锁,15928783822,金牛区五块石玉赛路9号附45号,08:00-18:00
四川省,成都,玖佳玖汽车,13981962481,新都区天海路121号,08:00-19:30
四川省,成都,嘉国汽修,18581999292,新都区蜀龙大道北段1号金光路237号,09:00-18:00
四川省,成都,成都泰捷安汽车维修服务有限公司,13980413960,金牛区营康路63号附33号,08:00-19:00
四川省,成都,城境汽车服务,13982072577,金牛区天回镇天新路314号,07:00-19:00
四川省,成都,926快洗洗车坊,15982146669,青羊区磨底河沿街101号附8-9号,08:00-19:00
四川省,成都,众援时代汽车服务连锁（水韵天府店）,13880657734,金牛区王贾西街19号2栋附14号,09:00-18:00
四川省,成都,甘氏汽修美容连锁（九里堤店）,18908036026,金牛区九里堤北路44号,06:00-18:00
四川省,成都,和诚汽车福特专修,02885366700,武侯区武青东二路53号,09:00-18:00
四川省,成都,科雷汽车服务中心（泉水东苑店）,15928859959,金牛区泉水东路8号,09:00-18:00
四川省,成都,泊林美车,18282456398,双流区东升街道涧槽中街59号9栋18号,08:20-19:00
四川省,成都,嘉实多（红枫汽车海棠湾店）,13688448833,双流区金河路3999号2幢1楼1号,09:00-18:00
四川省,成都,车之驿汽车美容装饰行,13550112669,新都区宝光大道中段65号,09:00-18:00
四川省,成都,创马汇,18030689167,武侯区机投东街11号,08:00-20:00
四川省,成都,嘉实多（来龙汽车维修中心金牛店）,A13550167634,金牛区天回镇冯家湾路103，109号,09:00-18:00
四川省,成都,顺车宝（琼楼路店）,13308085507,青羊区琼楼路4号,09:00-18:00
四川省,成都,美光汽车美容中心,18080863621,新都区香城大道华桂路32号,08:30-17:30
四川省,成都,佳陆车航汽车服务连锁,13981936893,金牛区长庆路5号附2号,09:00-18:00
四川省,成都,马立可汽车中心(双流店）,17358504052,双流区东升街道五洞桥北一段10-20号,08:30-18:00
四川省,成都,鑫干道汽修,18328603599,金牛区长兰路6号,08:00-20:00
四川省,成都,启星汽车服务连锁（瑞星店）,18190901992,青羊区瑞星路99号附18号,06:00-18:00
四川省,成都,尚品汽车养护中心,13402811939,双流区东升街道五洞桥北二街198号,09:00-18:00
四川省,成都,金牛区爱佳汽修,13541234937,金牛区同怡路6号附2号,06:00-18:00
四川省,成都,联达优特汽车美容中心,18828044952,青羊区东坡街道东顺路174号附1号,09:00-18:00
四川省,成都,汽车厨房,18583600438,新都区大天路福地广场负一楼,09:00-18:00
四川省,成都,洗车人家（万中店）,18502865180,青羊区培风路271号5栋1层8号,09:00-18:00
四川省,成都,林锐汽车维保中心,15008203239,青羊区培风路271号附12号,08:30-19:00
四川省,成都,车理念,18080089920,新都区大丰保利春天花语仁爱路275号,09:00-18:00
四川省,成都,银骅汽车,13688477204,新都区大丰蓉北路一段1号附1号,09:00-18:00
四川省,成都,嘉实多（骏城汽车维修服务有限公司）,13541023414,武侯区光华南三路36号附3号,09:00-18:00
四川省,成都,达卡斯汽车服务中心,15928946182,青羊区成飞大道南段108号,08:40-19:00
四川省,成都,引能仕（铁郎头车服务）,15680605067,新都区互惠大道94-102号,09:00-18:00
四川省,成都,铁郎头汽车美容,18109031613,新都区互惠大道107号,11:00-18:00
四川省,成都,舒耐特（成都锋铭工厂店）,15388197319,双流区鸿雁路329号,09:00-18:00
四川省,成都,普利司通轮胎（天行汽修）,15208475114,双流区双九路375-383号,09:00-18:00
四川省,成都,胜牌（任我行卓锦汽车服务）,17311280083,新都区崇义桥街475号,08:30-19:00
四川省,成都,领逸豪汽车美容服务部,13268092625,新都区大丰街道石犀路719号,09:00-18:00
四川省,成都,车世界汽车服务（新都店）,15184497956,新都区大丰街道花满庭2期2幢116号,09:00-18:00
四川省,成都,申奥汽车服务有限公司,13980816734,金牛区金科苑东街27附7号,08:30-18:00
四川省,成都,速洁专业洗车,13880616642,蒲江县广定路108号,09:00-18:00
四川省,成都,东腾汽车养生馆,13551834751,蒲江县朝阳大道309-311号（蒲东鼎城）,08:00-18:00
四川省,成都,乐宇欣汽车,028-87411778,青羊区文光路与成飞大道交汇处向南100米,08:30-18:00
四川省,成都,舶来品汽车美容中心,18200006080,金牛区清风路137-141号,09:00-18:00
四川省,成都,卷卷蒸汽精洗美容,13688061882,蒲江县朝阳大道与顺城路交叉口东100米,07:40-18:30
四川省,成都,成都名瑞精典汽车,13881958908,郫都区犀浦万福二街北段39号,09:00-18:00
四川省,成都,百事特酷车服务连锁,13408505841,新都区斑竹园镇南岸路57号（明新国际新城停车场旁50米）,08:00-21:00
四川省,成都,杰斯特汽车,18380307774,郫都区安靖镇解放街110号,08:30-19:00
四川省,成都,开四门汽车维修服务有限公司,18180978888,郫都区安靖镇方安路98号5栋1号,08:30-18:30
四川省,成都,新都区长明汽车维修服务部,15198040913,新都区斑竹园镇公益村4组新斑路507号,09:00-18:00
四川省,成都,群马汽车(文家场店),13982208826,青羊区文家大道文和居正门对面50米,09:00-18:00
四川省,成都,迅洁车业养护修理中心,13540310008,郫都区福梓路221号,09:00-18:00
四川省,成都,明海汽车一站式服务中心,13348866867,郫都区百草路293号,09:00-18:00
四川省,成都,晨风汽修养护中心,13880851531,郫都区天辰路101号（7天住宿左侧100米）,09:00-18:00
四川省,成都,宜佳汽车养护中心,13072829111,青羊区文乐二路49号,09:00-18:00
四川省,成都,车连众汽车维修中心,18228007820,郫都区天河路6号,08:30-19:30
四川省,成都,万利达汽车维修服务中心,13699428363,青羊区盐井三组（康庄小区北区右侧50米）,09:00-18:00
四川省,成都,靓洁汽车快修汽车装饰美容护理中心,13880723079,郫都区犀浦镇江西街五巷48-52号,06:00-18:00
四川省,成都,车之道汽车快捷服务中心,15114085466,郫都区江西街五巷8号,09:00-18:00
四川省,成都,车航汽车维修服务中心,13684040180,郫都区江西街五巷33号,09:00-18:00
四川省,成都,美车汇汽车美容服务部,18582522298,郫都区犀浦镇江西街五巷29号,08:00-19:00
四川省,成都,神马驿站汽车服务部,13408068551,郫都区犀浦镇江西街一巷17号,09:00-18:00
四川省,成都,都市车影汽车美容装饰,18819036374,郫都区犀浦镇江西街一巷12号,06:00-18:00
四川省,成都,新起点汽车美容养护中心,13551186551,郫都区百草路777号,09:00-18:00
四川省,成都,惠通汽车俱乐部,18908074009,郫都区犀浦镇珠江东街113号,09:00-18:00
四川省,成都,匠车坊一站式汽车生活馆,17711570317,温江区温泉大道三段399号,09:00-21:00
四川省,成都,悦驰汽车美容（永宁镇店）,17381876312,温江区永宁镇皇姑街213号,07:00-19:00
四川省,成都,道达尔（时利合汽车美容维修中心）,18080859618,新都区洪山堂西路瑞云社区8幢底层商铺1号,08:00-19:00
四川省,成都,强氏汽车（银润店）,18908091456,郫都区红光镇银润南二路45号,09:00-18:00
四川省,成都,快乐汽车美容,15682550986,郫都区红光镇红兴巷144号,08:00-20:00
四川省,成都,东升汽车美容,15828630365,郫都区红光镇仪隆巷100号,08:00-19:30
四川省,成都,宜洁汽修美容养护,13568819556,温江区公平街道锦绣巷72号,09:00-18:00
四川省,成都,港丰汽车美容装饰,15928179832,温江区光华大道三段2007号,06:00-18:00
四川省,成都,嘉实多（奋斗汽车一站式服务中心）,17628247501,温江区天乡路一段629号,08:30-19:00
四川省,成都,成都明嘉汽车维修服务有限公司,02882799592,温江区南熏大道一段189号,09:00-18:00
四川省,成都,车友道汽车服务,13320996643,温江区南江路1212号,08:00-19:00
四川省,成都,郫都区振丰汽修店,17742843110,郫都区港大路260号,08:00-19:00
四川省,成都,鑫和驹家汽车,13320968080,温江区滨江北路60号附19号,09:00-18:00
四川省,成都,今天汽车一站式服务部,18116589439,温江区柳城镇柳河南路57号,09:00-18:00
四川省,成都,开鑫大拇指汽车服务连锁,15308055574,温江区柳浪湾北四巷42-48号,09:00-18:00
四川省,成都,嘉实多（晶弘汽车维修服务中心）,13880422379,温江区南浦路西段562-569号,09:00-18:00
四川省,成都,匠仓汽车生活馆,02864259926,温江区杨柳西路北段33号,09:00-18:00
四川省,成都,新都区车之仕汽车美容中心,028-68630336,新都区新繁镇北一环路573号,08:30-18:00
四川省,成都,恒锐汽修养护中心,13880470134,温江区西凤街来凤路465号,09:00-18:00
四川省,成都,温江快美特汽车美容保养服务部,15828670115,温江区新南路635-641号（540厂旁）,06:00-18:00
四川省,成都,鹏越汽车服务连锁（学府店）,15123670979,温江区学府北路65号,09:00-18:00
四川省,成都,大富之家精品机油养护中心,18228018556,温江区万春镇春江东路270号,08:00-19:00
四川省,成都,三鑫汽车养护中心,13982180673,温江区万春镇春江东路244-248号,08:05-21:00
四川省,成都,强氏汽车（香缇店）,15828366134,郫都区顺河路237号,09:00-18:00
四川省,成都,强氏汽车（中心店）,18981856781,郫都区望从中路634号,09:00-18:00
四川省,成都,强氏汽车（赛浪店）,18502800170,郫都区郫筒镇东大街202号,09:00-18:00
四川省,成都,创美工匠汽车装饰美容服务连锁,15928043968,崇州市金鸡中兴路73-77号,08:30-17:30
四川省,成都,强氏汽车（晟光店）,13981971494,郫都区何公路117号,09:00-18:00
四川省,成都,强氏汽车（清江店）,15378182249,郫都区清江二街188号,09:00-18:00
四川省,成都,金典爱车一族,18215669080,郫都区望丛西路310号,08:00-19:00
四川省,成都,匠车坊一站式汽车服务连锁,18783510472,郫都区郫筒镇中信大道花样年龙年国际停车场负一楼,09:00-20:30
四川省,成都,思博汽车服务中心,13980777204,崇州市长城路龙腾世纪郎域2栋1号,09:00-18:00
四川省,成都,领航（志辉丽车坊汽车服务中心）,15828388063,邛崃市金宝街109号（段氏骨科医院和凯祥酒店之间）,09:00-18:00
四川省,成都,成都市鑫欢汽车服务有限公司,15982036884,邛崃市文南路214号,08:30-18:00
四川省,成都,森林汽车美容,18283596671,邛崃市司马大道477号,08:00-18:00
四川省,成都,十佳汽修服务部,158781935143,郫都区友爱镇石家桥顺春路8号,08:00-19:00
四川省,成都,鼎尚汽车,18081962002,崇州市永安东路105号,08:00-18:00
四川省,成都,靓美洁汽车美容养护中心 ,18980002312,邛崃市凤凰大道205号,07:30-18:00
四川省,成都,华美汽车美容养护中心,13458662418,邛崃市凤凰大道201号,09:00-18:00
四川省,成都,成信达名车服务,13308198658,彭州市大龙潭西路,09:00-18:00
四川省,成都,车帝汽车服务,15555222583,郫都区环城路259号（田园诗驿东南门右侧100米）,08:00-20:00
四川省,成都,博路凯龙轮胎专卖店,13808039402,彭州市天彭镇繁江南路506号,09:00-18:00
四川省,成都,英莱壳（永利美容护理中心）,13551265963,彭州市牡丹大道北端298号,08:00-18:00
四川省,成都,车视界汽车养护部,18011479738,彭州市泰安北路128号,08:00-18:00
四川省,成都,港龙汽车装饰精品行,18382149155,彭州市繁江南路437号,08:00-18:00
四川省,成都,爱车居汽车服务中心,18980056568,彭州市锈城路南段272号,08:30-18:00
四川省,成都,迈卡汽车养护中心,15198293408,大邑县甲子东路122-126号,09:00-18:00
四川省,成都,当代汽车快修美容,13666155570,彭州市繁江南路703号,08:00-18:00
四川省,成都,东吉汽车销售有限公司,18628127923,大邑县四川省成都市大邑县甲子东道154号,09:00-18:00
四川省,成都,壳牌（明洁汽车美容行）,18010575528,彭州市滨河路67号,09:00-18:00
四川省,成都,精典汽车(博伟店）,18080806705,大邑县雪山大道二段1号,08:10-18:00
四川省,成都,骏驰汽车美容保养服务中心,13708075530,大邑县孟湾东道通达路三段红绿灯交叉路口,09:00-18:00
四川省,成都,鑫烁汽车美容养护中心,02888385213,大邑县通达东路二段57号,09:00-18:00
四川省,成都,宝仕汽修,18030892936,大邑县官渡东路西二巷附四巷45-49号,08:20-17:40
四川省,成都,车之魂汽车美容装饰中心,17780078372,都江堰市车家桥街1号,09:00-17:00
四川省,成都,车马泡汽车美容装饰,13438859725,都江堰市幸福街道彩虹社区凤邻三巷135号,07:00-21:00
四川省,成都,昌杰三联汽车服务连锁,18081988076,都江堰市迎宾大道339号,08:10-18:00
四川省,成都,欣达汽车美容中心,13558743339,都江堰市宝莲路75-81号,08:30-18:00
四川省,成都,斗禾行洗车,13908230755,都江堰市莲花堰路文荟路3号,08:00-18:00
四川省,成都,创梦汽车修理服务部,15351437907,都江堰市玉堂镇玉府街793号,08:00-21:30
四川省,成都,酷车族汽车美容,15351206310,都江堰市彩虹大道北段,08:30-19:30
四川省,成都,御锦汽车美容中心,13551813213,都江堰市玉堂镇玉府新区1-2号,08:00-18:00
四川省,成都,德国马牌（都江堰店）,13684028871,都江堰市康复路153-171号,08:00-18:30
