重庆市,重庆,路易通汽车美容,02376666120,秀山土家族苗族自治县中和镇石莲路75号,09:00-18:00
重庆市,重庆,摩特（优洗汽车养护会所）,15320939876,秀山土家族苗族自治县秀山县中和街道武陵西路（青田酒店旁),08:00-19:00
重庆市,重庆,美达汽贸售后服务中心,13996932587,秀山土家族苗族自治县秀山县中和街道物流园区武陵汽博中心A4-1号,09:00-18:00
重庆市,重庆,万弘名车,02376886777,秀山土家族苗族自治县中和街道物流园区武陵汽博中心b2105,09:00-18:00
重庆市,重庆,亚欧汽贸,15095985083,秀山土家族苗族自治县物流园区武陵汽博中心B3栋1-1号,08:30-17:30
重庆市,重庆,中原一站汽车用品服务中心,15025751778,酉阳土家族苗族自治县城南何家坝路131号,09:00-18:00
重庆市,重庆,腾达汽车,18659093905,酉阳土家族苗族自治县城北酉兴路60号（质监局背后）,09:00-18:00
重庆市,重庆,车之翼普利司通轮胎（酉阳店）,19942287233,酉阳土家族苗族自治县酉阳县桃花源街道桃花源大道北路10号4幢1楼8号,09:00-18:00
重庆市,重庆,车之翼（黔江店）,023-79251444,黔江区河滨南路东段9号（江畔人家C幢）,09:00-18:00
重庆市,重庆,超立方汽车美容养护中心,13648250593,黔江区城西街道城西四路9号,09:00-18:00
重庆市,重庆,重庆市黔江区渝黔轮胎城,023-79244600,黔江区迎宾一路58号,09:00-18:00
重庆市,重庆,玫瑰湾唯美汽车美容,15025717788,黔江区城西街道石峡路9号,08:00-20:00
重庆市,重庆,保澳汽车服务中心,17308328999,黔江区城西街道迎宾大道89号,08:30-18:00
重庆市,重庆,洗乐汇汽车养护会所,13648268880,黔江区城西街道洞塘居委二组迎宾大道20号,09:00-18:00
重庆市,重庆,特福莱全球汽车连锁服务中心（彭水店）,18896168131,彭水苗族土家族自治县彭水县沙沱社区街道5号（顺通驾校对面）,09:00-18:00
重庆市,重庆,正鑫天煌汽车音响改装,15025605777,彭水苗族土家族自治县彭水县沱街6号,09:00-18:00
重庆市,重庆,爱车E无忧,15310211892,彭水苗族土家族自治县彭水县关口街道（黄角树对面）,09:00-18:00
重庆市,重庆,佳美汽车美容养护中心,13320399959,彭水苗族土家族自治县彭水县人民医院对面,07:00-19:00
重庆市,重庆,城北汽车美容装饰,17729621124,彭水苗族土家族自治县彭水县汉葭街道文庙居委（城北停车场内）,09:00-18:00
重庆市,重庆,鸿枫汽车美容中心,13527497789,彭水苗族土家族自治县彭水县外河坝67号,09:00-18:00
重庆市,重庆,邓禄普轮胎（陈军汽车美容养护中心）,18580555234,彭水苗族土家族自治县保家镇鹿山居委3组179号,08:00-20:00
重庆市,重庆,工匠快捷补漆汽车美容全国连锁,15025697555,武隆区滨江路廊桥水岸计生委斜对面,07:30-19:30
重庆市,重庆,嘉驹高级汽车会所,18083083956,武隆区芙蓉西路世纪广场负一楼80号,08:00-17:00
重庆市,重庆,小均汽车美容服务部,13330366227,武隆区南滨路1号（公安局对面）,09:00-18:00
重庆市,重庆,方圆汽车美容服务中心,15123689743,南川区北环路53号,07:30-20:00
重庆市,重庆,国能天街骏车汇汽车美容中心,13509426779,綦江区万盛松林路111号负3号,09:00-18:00
重庆市,重庆,圣捷汽车美容,13808302935,綦江区万盛区万东北路42号,09:00-18:00
重庆市,重庆,明珠汽车养护中心（南川店）,18996868198,南川区南城街道办事处林堡居委东城明珠B区90号,09:00-18:00
重庆市,重庆,喜车王二分店,02371991331,南川区东城街道办事处金山丽苑B区15号,07:30-22:00
重庆市,重庆,米其林轮胎服务（南川店）,18623251919,南川区三环路火车站对面环保局旁,09:00-18:00
重庆市,重庆,爱车之家汽车美容中心（万盛店）,15803637205,綦江区万盛南桐大道99号,08:00-19:00
重庆市,重庆,靓车地带汽车美容养护中心,19923158118,南川区金山大道17号8幢5门市,08:00-19:00
重庆市,重庆,喜车王一分店,02371678167,南川区东城街道花山西路66号,09:00-18:00
重庆市,重庆,百芳汽车服务,13996382167,南川区东城街道北郊居委四组北环路27号,09:00-18:00
重庆市,重庆,左聚NO.168汽车服务中心,17708369994,南川区温莎公馆3幢4-7号,08:00-18:00
重庆市,重庆,车呱呱汽车美容快修,18325032503,南川区东城街道北郊居委三组南涪路379号,08:00-19:00
重庆市,重庆,靓车洁（南川店）,13720865989,南川区西城街道办事处龙济路12号附1-3号,08:00-18:30
重庆市,重庆,洗车人家（车体精美工作室）,18581201523,南川区西城街道办事处文兴路9号,08:30-18:30
重庆市,重庆,久久汽车养护中心,13983590995,南川区西川街道办事处博翔誉峰15幢3-6号,09:00-18:00
重庆市,重庆,集信能源,18908273107,石柱土家族自治县石柱西互通南50米（甑子坪加油站内）,08:00-18:30
重庆市,重庆,众维汽车美容养护中心,15523960777,石柱土家族自治县红井路74号,07:30-19:00
重庆市,重庆,驰途汽车养护中心,02373369298,石柱土家族自治县红井路37号门面（粼江峰景一号门对面）,09:00-18:00
重庆市,重庆,智维汽车维修服务中心,023-73321111,石柱土家族自治县南宾镇街道城北路62号,09:00-18:00
重庆市,重庆,畅行汽车美容养护会所,15223855966,丰都县三合街道体育场车库B区,09:00-18:00
重庆市,重庆,名宇汽车装饰美容中心,18723875886,丰都县三合街道滨江东路228号,09:00-18:00
重庆市,重庆,瑞驰汽车美容装饰中心,15826224222,丰都县三合镇平都大道西段384号,09:00-18:00
重庆市,重庆,博友快车道,18696909555，18225230066,丰都县三合街道平都大道西段384号附3号,09:00-18:00
重庆市,重庆,第八区瑞驰汽车美容装饰中心,17783738828,丰都县三合镇平都大道西段384号,09:00-18:00
重庆市,重庆,三沃（禄弘汽车服务有限公司）,18183191222,綦江区通惠大道32号,08:00-18:00
重庆市,重庆,車爵仕汽车美容装饰养护服务,18983202306,綦江区滨河大道13号,09:00-18:00
重庆市,重庆,豪飞汽车美容店,15320516397,綦江区古南街道沱湾8号,09:00-18:00
重庆市,重庆,碧湾汽车服务中心,13637725925,綦江区文龙街道孟家院社区龙角路37号附5-10号,08:00-18:00
重庆市,重庆,车爵仕（文龙街道店）,17783698818,綦江区文龙街道8号,08:00-18:30
重庆市,重庆,洗车人家（建陶一路店）,15826290303,涪陵区江东街道建陶一路66号附5号,09:00-18:00
重庆市,重庆,巫山亨佳利汽车服务中心,18983526000,巫山县高唐街道宁江路555号,09:00-18:00
重庆市,重庆,宏泰汽车修理厂,17708390833,巫山县望霞路405号,09:00-18:00
重庆市,重庆,121汽车养护基地,13883758293,綦江区百玉街东70米阳光奥韵后门(大电杆),09:00-18:00
重庆市,重庆,河南车之友汽车美容装饰中心,15736587057,綦江区文龙街道渝南市场B区农贸市场45号门面,09:00-18:00
重庆市,重庆,车之友汽车美容中心,18523911366,綦江区古南街道中山路7号,09:00-18:00
重庆市,重庆,峻瑞汽车维修服务中心,13896508622,涪陵区顺园路29号（顺江花园下行农机局楼下）,08:00-18:00
重庆市,重庆,特福来汽车美容中心,18580186016,綦江区綦河春北渡鱼（金福花园店）西,09:00-18:00
重庆市,重庆,特福莱（望江路店）,13709497728,涪陵区望江路6号1幢负1-2号,09:00-18:00
重庆市,重庆,朋友汽车美容,15084358280,巫山县广东东路7号,09:00-18:00
重庆市,重庆,小拇指（涪陵店）,023-72226777,涪陵区顺江大道大塘新村（行政审批中心上行100米）,09:00-18:00
重庆市,重庆,鑫港汽车服务,13983311611,涪陵区太极大道28号星辰花园A幢负3-1,09:00-18:00
重庆市,重庆,盛迪思汽车服务中心,18523607952,涪陵区太极大道44号负2-5号,09:00-18:00
重庆市,重庆,车水马龙汽车美容（涪陵店）,13896640930,涪陵区兴华中路53号附1号,09:00-18:00
重庆市,重庆,特福莱（易家坝广场店）,17783328186,涪陵区易家坝广场环路14号,09:00-18:00
重庆市,重庆,爱车坊专业汽车美容,15310103041,涪陵区滨江大道二段8号香江豪庭4号楼,09:00-18:00
重庆市,重庆,盛洁隆汽车美容中心,15023549765,涪陵区滨江大道二段19号,09:00-18:00
重庆市,重庆,鑫驰汽车美容中心,15802350372,涪陵区松翠路口(环保局旁),09:00-18:00
重庆市,重庆,惠璨汽车服务,13038303257,涪陵区兴华西路报社招呼站海源大厦负一楼,09:00-18:00
重庆市,重庆,韩泰轮胎（荣耀汽车美容部）,13896810981,涪陵区黎海路8号(财政小区下行30米),07:00-18:00
重庆市,重庆,韵音改,18182255900,涪陵区百花路15号,08:00-20:00
重庆市,重庆,洗车人家(滨江大道店),15823699261,涪陵区滨江大道二段208号附50号,08:00-19:00
重庆市,重庆,茗汇坊汽车美容,18996815908,涪陵区滨江大道二段208号附12号,09:00-18:00
重庆市,重庆,洗车精洗车饰精品保险超市,17764801769,万州区龙驹镇川鄂街194号,09:00-18:00
重庆市,重庆,全洪汽车,023-85996333,奉节县鱼复街道三峡风负7楼2号门市,09:00-18:00
重庆市,重庆,旭恒名车,18996629997,奉节县永安街道诗仙西路426号,09:00-18:00
重庆市,重庆,鑫源汽车美容中心（江津蔡家店）,18716467068,江津区蔡家镇文昌村加油站左侧100米,09:00-18:00
重庆市,重庆,大拇哥汽车装饰美容,13658400600,涪陵区李渡新区奥体中央公园（马鞍体育场正对面）,09:00-18:00
重庆市,重庆,仁洲汽车美容,13658200518,忠县忠洲街道巴王路72号,09:00-18:00
重庆市,重庆,快车道汽车俱乐部,18223688658,忠县忠州镇大桥路19号附18号,09:00-18:00
重庆市,重庆,忠县红港汽车,17783676811,忠县乐天路3号,09:00-18:00
重庆市,重庆,名凯汽车,18512346721,涪陵区新城区和平社区太白大道21号（职教中心博习楼沿街2-14门面）,09:00-18:00
重庆市,重庆,鸿博汽车美容,13896983916,忠县中博大道40号附6号,09:00-18:00
重庆市,重庆,万鑫洗车美容中心,18996484200,巴南区东泉镇东泉正街38号（小瓦房旁）,09:00-18:00
重庆市,重庆,木洞老同学,13627632600,巴南区木洞镇保安村三峭湾组170号,09:00-18:00
重庆市,重庆,美之洁汽车服务一站式,17323964681,巴南区木洞镇新建路494号,08:00-19:00
重庆市,重庆,车友汽车养护中心,15730066086,巴南区惠民镇沙井村五合湾组75号,09:00-18:00
重庆市,重庆,李亮汽车美容装饰中心,18083002220,巴南区木洞镇小河边95号,09:00-18:00
重庆市,重庆,昊驰汽车养护中心,18683939520,巴南区木洞镇麻柳大道313号附1号,09:00-18:00
重庆市,重庆,嘉浚汽车养护中心,15213289199,巴南区界石镇东城大道1894号,08:00-18:30
重庆市,重庆,长城润滑油（永恒汽车美容养护中心）,15320551503,巴南区界石镇界南街101号附6-1号,09:00-18:00
重庆市,重庆,佳通轮胎（奔翔汽车美容中心）,13883160412,长寿区江南大道151号,09:00-18:00
重庆市,重庆,小宋换油中心,13883058086,南岸区迎龙镇蹇家边村公交站向左100米,07:20-19:59
重庆市,重庆,蓝钻汽车维修连锁（龙洲湾店）,15178843706,巴南区龙洲湾协信星澜汇72号附6号,09:00-18:00
重庆市,重庆,车爵士汽车美容一站式服务,13668057567,长寿区长寿路84号,07:00-19:00
重庆市,重庆,博派汽车装饰养护中心,18725717668,长寿区凤城骑鞍街7号,08:00-20:00
重庆市,重庆,刘姐汽车美容,15178718081,巴南区鱼胡路74号附163号,09:00-18:00
重庆市,重庆,车保姆汽车美容店,18983668797,长寿区文苑南路4号12幢1-6（清明上河坊可驭汽车对面),08:00-19:00
重庆市,重庆,峰驰汽车俱乐部,15923339066,长寿区文苑南路2号5幢1-14,09:00-18:00
重庆市,重庆,越达汽车美容中心,18323883822,长寿区凤城长寿路1号,09:00-18:00
重庆市,重庆,千氏汽车养护服务中心,13436081379,长寿区文苑大道5号,08:00-19:00
重庆市,重庆,龍腾汽车养护馆一站式服务专家,18523892071,巴南区鱼胡路一单元25号,09:00-18:00
重庆市,重庆,固特异轮胎（美车坊汽车养护会所）,15808019288,长寿区文苑大道5号附15号,09:00-18:00
重庆市,重庆,闯靖汽车一站式服务,023-62641655,南岸区蔷薇路66号附39号,09:00-18:00
重庆市,重庆,陆陆汽修一站式服务（长寿分店）,15023532398,长寿区文苑大道5号附19号,09:00-18:00
重庆市,重庆,爱车一族汽车美容中心（万州店）,13896912062,万州区龙沙镇龙沙中路2号,09:00-18:00
重庆市,重庆,佳燕汽车美容,15823912985,长寿区凤城街道平湖路8号,08:00-18:00
重庆市,重庆,泰兴汽车,17782318131,巴南区龙洲大道10号17栋2层,09:00-18:00
重庆市,重庆,爱尚汽车美容馆,13399848826,南岸区香溪路3号,08:00-19:00
重庆市,重庆,玖168汽车生活馆（龙州湾店）,02366235577,巴南区龙洲大道10号附19号（风花树小区车库旁）,09:00-18:00
重庆市,重庆,腾飞汽车美容服务中心,19823525430,长寿区平湖路8栋20号,09:00-18:00
重庆市,重庆,卡丽洁汽车美容,15320535225,巴南区金竹工业园区3号（上城时代后门斜对面）,07:30-20:00
重庆市,重庆,车匠美容维修保养,17502394803,巴南区龙州大道16号附1号,09:00-18:00
重庆市,重庆,炫酷汽车美容养护中心,17784430101,万州区天台路259号,07:30-18:15
重庆市,重庆,博世车联（重庆茶园店）,13608358239,南岸区茶园茶花路19号附1-8号,09:00-18:00
重庆市,重庆,纽卡汽车生活馆,02385788788,万州区百安大道125号,09:00-18:00
重庆市,重庆,重庆市茂达汽车修理厂,023-66231548,巴南区鱼洞箭河路87号,09:00-18:00
重庆市,重庆,靓车居汽车美容,19923693799,南岸区茶园新区同景路10号附18号,08:00-19:30
重庆市,重庆,迪港汽车生活馆（巴南店）,13500394458,巴南区龙州大道38号附8号,08:00-19:00
重庆市,重庆,靓车坊汽车美容中心（万州店）,02358596101,万州区五桥百安坝千口岩9号,08:00-18:00
重庆市,重庆,倍耐力轮胎（金洁汽车服务中心）,023-66216995,巴南区下河路2号交易厅1楼（竹木市场）,09:00-18:00
重庆市,重庆,东弘汽修,17783591680,长寿区桃源支路2号1幢1-5号,09:00-18:00
重庆市,重庆,车之洁汽车一站式服务,13308396111,巴南区鱼洞街道巴县大道83号附4号,08:00-18:40
重庆市,重庆,瑞爵车务（巴南店）,18166591015,巴南区龙洲大道99号附37-39号,09:00-18:00
重庆市,重庆,德国马牌（南渝汽车维修）,13983624563,巴南区鱼洞石子坪256号附14号,08:00-20:00
重庆市,重庆,展洁汽车美容中心,13452119084,南岸区广福大道17附13号,09:00-18:00
重庆市,重庆,靓之靓汽车美容护理中心,13650594345,巴南区鱼洞莲花社区石子坪261号附10号,07:30-19:00
重庆市,重庆,凯丽斯汽车美容装饰中心,13637991647,巴南区龙德路37号,07:30-19:30
重庆市,重庆,品派汽车空中养护会馆,13368195585,巴南区龙洲大道106号,09:00-18:00
重庆市,重庆,豪园汽车美容中心,18623612005,云阳县青龙街道民德路2号,07:00-18:30
重庆市,重庆,梅特莱斯汽车美容养护中心（云阳店）,18523157299,云阳县民德路2号,09:00-18:00
重庆市,重庆,玛吉斯（长合汽车服务中心）,18696504668,江津区珞璜镇长合村联建房5号楼A幢8号,09:00-18:00
重庆市,重庆,巴南小兵汽车维护,13372688556,巴南区鱼洞江滨路30号13幢1楼12-15门面,07:30-19:00
重庆市,重庆,呈朋汽车美容中心,15023831666,长寿区菩提街道菩提大道8号15幢1层,09:00-18:00
重庆市,重庆,和煦汽车维修中心,15922554074,江北区鱼嘴镇和煦路30号,09:00-18:00
重庆市,重庆,马立可汽车中心（长寿店）,18983119491,长寿区菩提街道菩提大道8号19幢负一层,08:30-18:00
重庆市,重庆,邓禄普轮胎（渝南店）,13658316471,巴南区渝南大道123号附1-2号,09:00-18:00
重庆市,重庆,诚奥汽车维修服务中心,023-40589966,长寿区卫古路陵园村九组8号,09:00-18:00
重庆市,重庆,奥恺汽车一站式服务中心,18290533533,万州区沙龙路三段3896-3898号（船王酒楼一号入口旁）,08:00-18:00
重庆市,重庆,赢峰汽车维修服务中心,18723467166,巴南区渝南大道118号7幢附28号,08:30-18:00
重庆市,重庆,车途养车互联网养车连锁（稻香店）,15320658078,云阳县双江街道稻香路68号C栋商业用房1层,08:30-19:00
重庆市,重庆,驰加汽车（云阳店）,02355185919,云阳县望江大道986-988号,09:00-18:00
重庆市,重庆,东八区汽车个性定制中心(巴南店）,17723198743,巴南区龙洲大道1966号附20号,08:30-20:00
重庆市,重庆,橡果国际润滑油（家亿汽车美容养护中心）,13629757648,巴南区渝南大道62号（汽车超市斜对面）,09:00-18:00
重庆市,重庆,嘉实多（禾田汽车美容）,13637856968,巴南区花溪街道红光大道19号附60号,07:45-19:30
重庆市,重庆,车来车往汽车美容,18696885121,云阳县双江街道云江大道1635号,07:30-18:00
重庆市,重庆,林英专业洗车,13628230770,万州区金泉路2号,09:00-18:00
重庆市,重庆,川源汽车美容国际连锁,13908350155,巴南区红光大道40号,08:00-19:00
重庆市,重庆,恒耀汽车装饰保养中心,02358960713,万州区沙龙路三段246号,09:00-18:00
重庆市,重庆,嘉实多（优客汽车修理厂）,18623386998,巴南区群乐路44号附1号,08:30-18:00
重庆市,重庆,美车汇汽车美容服务,13637798880,江津区白沙镇高屋长安村7社长安西路73号,09:00-18:00
重庆市,重庆,靓车坊汽车服务（二店）,02355666589,云阳县外滩广场一期9号楼A1-A3门市,09:00-18:00
重庆市,重庆,凯旋车饰(王牌路店),02358980339,万州区王牌路1298号,09:00-18:00
重庆市,重庆,宝信汽车维修中心,13330228900,江津区白沙镇东山村八社川江路9号,08:00-20:00
重庆市,重庆,宏远汽修,18581234123,云阳县滨江大道3316号,08:00-19:00
重庆市,重庆,纽卡汽车美容会所,15923881556,万州区王牌路1333号,09:00-18:00
重庆市,重庆,德国马牌轮胎（豪捷汽车服务）,13372672228,巴南区花溪街道红光大道71号,08:30-19:00
重庆市,重庆,长城润滑油（鑫发汽车养护美容中心）,13883886893,巴南区李家沱街道群乐路群乐佳苑25号附47号,08:02-21:00
重庆市,重庆,易新汽车一站式服务,17783588156,南岸区回龙路66号F2栋车库出口,08:40-17:00
重庆市,重庆,聚点汽车美容中心,13628445669,南岸区回龙路66号20幢1-18号,08:00-18:30
重庆市,重庆,1786养车部落汽车养护连锁（重庆旗舰店）,17772320734,南岸区南坪镇学府大道2号,09:00-18:00
重庆市,重庆,旭霆汽车美容护理中心,13983255177,大渡口区金桥路民新村路段（车家坪加油站旁）,09:00-18:00
重庆市,重庆,车汇坊一站式服务,13308266716,万州区移民广场好运来C栋4号门面,07:30-23:30
重庆市,重庆,普利司通轮胎（君临汽车服务中心）,02358696777,万州区江南第一城D区临街5-7号,08:00-18:00
重庆市,重庆,金上京汽车维修服务有限公司,15123283749,南岸区南坪江南大道43号（辅仁路快速理赔中心正对面）,09:00-18:00
重庆市,重庆,太仆车行,18983927373,南岸区南湖路19号附23号,08:30-18:00
重庆市,重庆,韩泰（重庆千大汽车服务中心）,13808339646,南岸区南湖路17号,09:00-18:00
重庆市,重庆,车之缘汽车一站式服务,023-62950525,南岸区烟雨路344号附17号,08:00-19:00
重庆市,重庆,美丽狮汽车服务公司,18623198488,南岸区南兴路230号1楼1-3号,09:00-18:00
重庆市,重庆,福祥汽车服务（白鹤路店）,13594105551,南岸区白鹤路139号,09:00-18:00
重庆市,重庆,英莱壳（洪升汽车维护中心）,13983614139,南岸区白鹤路103号,08:00-19:00
重庆市,重庆,车易家汽车精洗养护中心（巴南店）,15310939282,巴南区融汇大道8号附43号,08:00-18:30
重庆市,重庆,万寿汽车美容服务部,15922514161,南岸区南坪金紫街188号,08:00-19:00
重庆市,重庆,龙膜（辰钥汽车俱乐部）,17782206261,巫溪县赵家坝滨河北岸（地税小区右侧100米）,09:00-18:00
重庆市,重庆,浩瀚汽車美容中心,023-51510123,巫溪县城厢镇环保村四社石龙路32号,09:00-18:00
重庆市,重庆,卡悦汽车美容服务,18008382392,南岸区南坪海棠溪丁家嘴1号附23号,09:00-18:00
重庆市,重庆,梦曙汽车服务有限公司,13368284996,南岸区南坪东路52号,09:00-18:00
重庆市,重庆,韩泰（重庆千大商贸有限公司）,13908308675,南岸区南坪东路544号附13号,08:18-18:16
重庆市,重庆,欣安汽车美容中心,13272612376,江津区滨江大道东段394号,08:00-21:00
重庆市,重庆,极道汽车美容中心,13752805327,南岸区环湖路14号附35号（聚丰花园底楼）,09:00-18:00
重庆市,重庆,渝胜行汽车生活服务馆,13983607706,大渡口区华福大道中段2号附1号,08:30-17:30
重庆市,重庆,洗车人家(好望江汽车美容中心）,15923872803,万州区北山街好望江31号,09:00-18:00
重庆市,重庆,文鑫汽车服务中心,18623393820,南岸区鸡冠石正街148号附36号,09:00-18:00
重庆市,重庆,恒隆汽车养护中心,02358233389,万州区孙家书房路165号,09:00-18:00
重庆市,重庆,卡斯特汽车美容·洗车,13512333058,南岸区丹景路与明佳路交叉口东150米,07:00-19:31
重庆市,重庆,车羽汽车养护中心,15523233383,大渡口区金桥路3号附1-3号,09:00-18:00
重庆市,重庆,倍儿靓汽车美容快修中央工厂,18996127691,南岸区江南大道2号附1号,09:00-18:00
重庆市,重庆,康小胖汽车保养连锁,17783382718 ,大渡口区春晖南路3号,09:00-18:00
重庆市,重庆,优全汽车美容部落,17815242160,九龙坡区杨家坪直港大道40号附7号,07:01-22:35
重庆市,重庆,民泰安,13527504780,九龙坡区华福大道56号,09:00-18:00
重庆市,重庆,爱车堂汽车美容服务中心,18202390985,南岸区云满庭c区58号,08:00-20:00
重庆市,重庆,金仕达汽车美容服务中心,023-68523198,大渡口区九龙镇大堰五村28号,08:30-18:30
重庆市,重庆,车巢迈佳汽车精护中心,02358122011,万州区天诚大道302号,07:30-18:30
重庆市,重庆,重庆行者驿站汽车维修有限责任公司（速马力重庆旗舰店）, 17384044800,九龙坡区九龙镇大堰五村28号,09:00-19:00
重庆市,重庆,豪煜名车服务中心,13320336436,大渡口区翠园路109号附4号,08:00-19:30
重庆市,重庆,车之翼（江津店）,13996045768,江津区鼎山大道468号,09:00-18:00
重庆市,重庆,王牌汽车会所网络直销店,023-85555515,江津区鼎山街道长风路281号（江城加油站旁）,09:00-18:00
重庆市,重庆,重庆市万州区传承汽车美容服务部,02358892998,万州区天龙路280号,09:00-18:00
重庆市,重庆,车美佳汽车美容中心（江津店）,13594003000,江津区瑞安路15-19号,09:00-18:00
重庆市,重庆,车精灵快修,15923281896,江津区几江街道瑞安路水木年华朗苑10幢1楼1号,09:00-18:00
重庆市,重庆,诚意汽车美容中心,13608371229,南岸区鸡冠石镇盘龙花园c区盘龙山附18号,08:00-18:00
重庆市,重庆,天琥汽车维修中心,13668081957,九龙坡区马王乡兴堰路北大资源雁南1-26号,09:00-18:00
重庆市,重庆,快保先生,18883881052,大渡口区春晖街道松青路74号附3号,08:00-18:00
重庆市,重庆,城市车影汽车养护中心,15320301832,江津区德感九鼎御江山鼎邦浔苑104号,08:00-18:30
重庆市,重庆,世豪汽车美容中心,02363671222,九龙坡区黄杨路21号（鹅公岩小学对面）,08:00-19:30
重庆市,重庆,千帆汽车,18580683484,江津区滨江大道几江段31号,09:00-18:00
重庆市,重庆,车爵仕（紫荆花园店）,18102323222,江津区几江街道紫荆花园商务大厦282号,09:00-18:00
重庆市,重庆,中国一汽（寰渝汽修）,023 68080988,大渡口区枫丹筱筑水云居1号,08:30-18:00
重庆市,重庆,新胜英汽车美容,13271812226,九龙坡区华福路人和场西苑6号54-55号,10:40-17:00
重庆市,重庆,京东京车会（陆陆汽修南岸店）,17783855022,南岸区腾黄路11号附27号,09:00-18:00
重庆市,重庆,车宝汽车服务中心,18223469281,江津区滨江路津科苑A栋1层10-12号,07:30-19:00
重庆市,重庆,绿恋洗车美容中心,15123118558,万州区周家坝中国电信（对面派出所停车场内）,07:00-19:30
重庆市,重庆,壳牌（协孑顺汽车服务）,17708382117,渝中区大溪沟街69号,09:00-18:00
重庆市,重庆,渝中区九龍汽车修理厂,023-63617866,渝中区大溪沟三元桥码头1号桥孔,09:00-18:00
重庆市,重庆,王牌汽车（聚英直营店）,023-85555518,江津区滨江西路西段聚英花园A座1单元1-4号,08:10-18:00
重庆市,重庆,倍耐力轮胎（渝大昌汽车服务中心）,023-68159099,九龙坡区火炬大道8号绿云石都B区1栋1楼,09:00-18:00
重庆市,重庆,行进汽车维修服务,18680718255,九龙坡区华龙大道68号商龙城御府小区商业10-19号,08:00-19:00
重庆市,重庆,美合汽车一站式服务中心（龙城御府店）,15086658568,九龙坡区华龙大道68号附37号,09:00-18:00
重庆市,重庆,瑞含汽车一站式服务,13350385807,九龙坡区剑龙北路1号附27号,09:00-18:00
重庆市,重庆,NORDIC N93,15021557859,大渡口区双山路316号,09:00-18:00
重庆市,重庆,车怡汽车美容生活馆,18323294728,九龙坡区红狮大道22号附9号,09:00-18:00
重庆市,重庆,德国力魔（联源汽修）,15922795433,江北区北城三路1号附2号,08:00-18:00
重庆市,重庆,右耳汽车服务,15820229160,九龙坡区东山路与迎宾大道交叉口北150米,09:00-18:00
重庆市,重庆,车之益汽车美容,13594181337,渝中区嘉陵江滨江路251号负三层2号,08:30-18:00
重庆市,重庆,宜修汽车一站式服务中心,17749965765,九龙坡区石桥坪正街120号,09:00-18:00
重庆市,重庆,德国马牌（驰途汽车美容）,18324170202,大渡口区诗情路2号附83-84号,09:00-18:00
重庆市,重庆,老人头汽车服务(蟠龙大道店）,18580255583,九龙坡区蟠龙大道68号1-117号,09:00-18:00
重庆市,重庆,玛飞特汽车维修中心,13102374310,九龙坡区蟠龙大道68号1-123号,09:00-18:00
重庆市,重庆,尊爵名车汇（九龙坡店）,13983146730,九龙坡区九龙园区蟠龙大道68号34幢附217号,09:00-18:00
重庆市,重庆,利波汽修,17623007977,九龙坡区九龙园区蟠龙大道68号29栋1楼24号,09:00-18:00
重庆市,重庆,加宾道汽车美容服务中心（高博汽修）,13638311222,渝中区嘉宾路曾家岩轻轨站B出口,09:00-18:00
重庆市,重庆,美合汽车一站式服务中心,023-68061457,九龙坡区火炬大道金科绿韵康城6栋11-13号,09:00-18:00
重庆市,重庆,德国马牌(驰途汽车养护中心),18580648313,大渡口区东海诗情广场2号,09:00-18:00
重庆市,重庆,全家福汽车美容,18983613672,九龙坡区九龙园区火炬大道13号9幢附9号,07:00-21:00
重庆市,重庆,天林汽修中心,13648220604,大渡口区双城路4号附15号,09:00-18:00
重庆市,重庆,蓝宫汽车服务中心,17623188429,垫江县高安镇桥西路183号,09:00-18:00
重庆市,重庆,壳牌（幸运7汽车一站式服务）,028-68077747,九龙坡区华园路13号,08:00-18:30
重庆市,重庆,学友汽车装饰美容,18680708580,垫江县高安镇垫道过境路16号,07:40-19:00
重庆市,重庆,普利司通轮胎（红狮西路店）,13012325879,九龙坡区九龙园区红狮西路1号附4号,08:00-20:00
重庆市,重庆,全鑫汽车快修快保养护站,15683808571,江北区万丰西苑建新东路251号,09:00-18:00
重庆市,重庆,爱车之家汽车美容服务中心,13206188228,垫江县高安镇南阳宾馆正对面,09:00-18:00
重庆市,重庆,大园1号珑湾汽车美容服务,17783804383,江津区德感街道滨江西路乾和珑湾2栋1楼14号,09:00-18:00
重庆市,重庆,车掌门汽修养护中心,18580273334,江北区建国村9号附11号,08:00-20:00
重庆市,重庆,桂秀汽车美容,15123033210,江北区中兴段83号负2层8号,09:00-18:00
重庆市,重庆,车车乐汽车服务,18580190196,江北区海尔路9号附13号,08:00-18:30
重庆市,重庆,固特异（皇室车温暖）,18996052651,江北区华新村360号附20号1-8号,09:00-18:00
重庆市,重庆,鑫飞汽车装饰美容,13658390077,江北区建新东路69号,09:00-18:00
重庆市,重庆,滴滴客汽车服务（江北区店）,13452345257,渝北区龙塔街道洋河东路一巷45号长安丽都10幢,09:00-18:00
重庆市,重庆,玛吉斯轮胎（油溪店）,13101233285,江津区油溪镇委陵园街东30米,09:00-18:00
重庆市,重庆,量子膜（美合汽车）,15123675684,九龙坡区龙门阵大道201号1幢附17号,09:00-18:00
重庆市,重庆,壳牌喜力（康康汽修）,13983865152,九龙坡区华龙大道36号附26号,09:00-18:00
重庆市,重庆,京世林汽修, 13364021079,九龙坡区科技大道96号附19号,08:30-19:00
重庆市,重庆,渝莱汇汽车美容,13350370077,江北区海尔路199号附23号,09:00-18:00
重庆市,重庆,匠心道汽车美容呵护中心,023-68675015,九龙坡区红星美凯龙二郎店车库B2层,09:00-18:00
重庆市,重庆,铭塬汽车生活馆,18008336117,九龙坡区渝州路华轩支路53-55号,09:00-18:00
重庆市,重庆,博悦汽车服务中心(长安华都店),15922782212,渝北区黄泥磅长安华都兴盛大道36号,08:30-18:30
重庆市,重庆,新世杰（国际）名车销售维修中心,15213240596,九龙坡区朝阳路106号23-30号,09:00-18:00
重庆市,重庆,马石油（易通名车维修服务中心）,18523144679,渝北区长安华都36号,08:30-18:30
重庆市,重庆,车致汽车服务部洗车美容,13983509776,九龙坡区渝州路33号,08:00-18:30
重庆市,重庆,博众汽修,13983614139,九龙坡区渝州路渝州支路75号（五九宾馆对面）,09:00-18:00
重庆市,重庆,博众汽车全程服务,15902386594,九龙坡区石桥铺西亚支路华宇民都28号（幼儿园旁）,09:00-18:00
重庆市,重庆,壳牌（鑫嘉汽修）,13637826506,江津区德感工业园东江路焱炼重型机械厂右侧100米,09:00-18:00
重庆市,重庆,新奥鼎,18008363057,渝北区洋河北路20号,09:00-18:00
重庆市,重庆,嘉实多（博翼汽修）,13206111278,九龙坡区大长路1号附56号,08:00-18:00
重庆市,重庆,靓车洁(渝北店),15023284562,渝北区龙塔街道文慧路17号附18号香槟花园,08:30-19:30
重庆市,重庆,春来汽车美容中心,13883230334,江北区建新北路65号附129号（外经贸大厦地下停车场入口左侧100米）,08:00-20:00
重庆市,重庆,洗车人家汽车美容护理中心,17320497562,九龙坡区渝州路街道经纬大道半山七号商铺附16-17号,08:30-19:00
重庆市,重庆,雷驰汽车生活馆,13452535157,九龙坡区六店子小区4幢2号,08:00-19:00
重庆市,重庆,德国马牌（重庆崇荣汽车美容服务中心）,02389181108,江北区读书梁华新逸景10栋1号,09:00-18:00
重庆市,重庆,鲨鱼车体养护生活馆,13290020580,九龙坡区兰美路988号附101号,08:30-20:30
重庆市,重庆,百瑞特汽车快漆漆面养护服务连锁,023-68183188,沙坪坝区经纬大道1104号附12号,09:00-18:00
重庆市,重庆,爱车一族（上桥店）,13271816037,沙坪坝区东风新二村8号附11号,09:00-18:00
重庆市,重庆,西郊汽车服务连锁（渝北店）,023-67073808,渝北区松树桥红石路12号附1号,09:00-18:00
重庆市,重庆,兴盛汽车服务中心,18996326661,渝北区龙华大道1912-1914号,06:00-18:00
重庆市,重庆,金福汽修美容装饰,15086975750,江北区大石坝街道（大石坝一村公交站旁）,08:00-20:00
重庆市,重庆,嘉鸿汽车维修美容,13452471320,江北区嘉鸿大道229号,09:00-18:00
重庆市,重庆,壳牌（启超汽车维修）,18225012315,沙坪坝区凤鸣山凤鸣大道119附4号,09:00-18:00
重庆市,重庆,美光汽车维修服务中心,15215087805,江北区大石坝红兴路20号附22号,09:00-18:00
重庆市,重庆,壕润汽车服务中心,18702340717,沙坪坝区凤鸣山西物市场38号附1号,08:00-19:00
重庆市,重庆,渝车汇汽车用品超市,15223364934,渝北区龙溪街道红石路260号,09:00-18:00
重庆市,重庆,耀环汽车维修服务中心,15123215491,江北区北滨一路546号附75号,09:00-18:00
重庆市,重庆,新体线汽车沙龙,13228690458,沙坪坝区石小路72号附20号,09:00-18:00
重庆市,重庆,及时雨汽车服务,18983025808,渝北区红枫路邦兴佳苑5号附10号,06:00-18:00
重庆市,重庆,阿拉多娇汽车美容服务中心,18623553912,沙坪坝区凤鸣山凤天大道116号金华苑A栋2号,08:00-18:00
重庆市,重庆,膜士汽车,13308391893,渝北区天宫殿街道红枫路5号附7号,09:00-18:00
重庆市,重庆,驰瑞汽车美容中心（凤天图书馆店）,13896078386,沙坪坝区凤天大道110号附9号,09:00-18:00
重庆市,重庆,慧智汽车服务,13983062548,沙坪坝区凤天大道146号附41号,08:30-19:00
重庆市,重庆,力驰汽车维修美容钣喷服务连锁（凤天店）,15023731678,沙坪坝区凤天大道118号附7-10号,09:00-18:00
重庆市,重庆,名宿汽车总汇,18580235999,渝北区红叶路4号附2-28号,09:00-18:00
重庆市,重庆,都市洗车美容保养,18875246791,沙坪坝区高滩岩正街114号,09:00-18:00
重庆市,重庆,沙坪坝区庆渝汽车美容中心,15922622558,沙坪坝区重庆市沙坪坝区高滩岩正街51号,09:00-18:00
重庆市,重庆,豪杰奔宝（加油站店）,13368009099,渝北区龙溪街道松牌路151号,09:00-18:00
重庆市,重庆,精致洗车坊,19112868030,渝北区龙华大道66号,09:00-19:00
重庆市,重庆,米其林轮胎（金上京汽车维修服务站）,02367287611,渝北区龙溪镇松石大道225号,08:00-18:00
重庆市,重庆,勒邦汽车连锁服务中心,19923253329,渝北区太湖西路7号,06:30-23:00
重庆市,重庆,至美汽车生活馆,18680711176,垫江县澄溪镇冰河路416号,07:30-22:00
重庆市,重庆,威狮轮胎(机器猫汽车俱乐部),17723569902,渝北区回兴街道湖滨西路19号,07:00-20:00
重庆市,重庆,杰亚汽车美容装饰,15095851229,垫江县澄溪镇滨河路东50米,09:00-18:00
重庆市,重庆,名豪靓车汇,18983109222,渝北区人兴路301号附23号,06:00-19:00
重庆市,重庆,豪杰奔宝（龙湖店）,13320238126,渝北区龙华大道18号,09:00-18:00
重庆市,重庆,嘉实多（紫荆源汽车一站式服务中心）,15310909810,沙坪坝区天陈路29号附9号（爱德华医院后）,09:00-18:00
重庆市,重庆,车管家汽修（距胜店）,18225230766,垫江县澄溪镇滨河路富华新城斜对面,09:00-18:00
重庆市,重庆,御车邦汽车会所,023-67194062,渝北区回兴街道高原路261号（秀丽景苑正门斜对面）,09:00-18:00
重庆市,重庆,SRS（博众汽车养护中心）,15215016900,沙坪坝区红槽房正街99号,08:00-20:30
重庆市,重庆,佳韵汽车服务中心（沙坪坝店）,18719056769,沙坪坝区红槽房正街99号附275号,09:00-18:00
重庆市,重庆,法航润滑油（腾飞杨汽车快修美容店）,18580308201,渝北区回兴街道宝桐一路555号,09:00-18:00
重庆市,重庆,邓禄普轮胎（博义汽车服务中心）,13637829035,沙坪坝区沙中路88号（国家电网大厦正对面）,08:00-19:00
重庆市,重庆,爱车会汽车生活联盟,15696373377,渝北区龙山街道新南路247号北辰花园4幢1-19,09:00-18:00
重庆市,重庆,弗润滑油（循进汽修洗车美容）,15102353448,江北区松石大道506号附19号,09:00-18:00
重庆市,重庆,斯曼一站式汽车服务,18996222802,渝北区双龙湖街道翠湖路226号,09:00-18:00
重庆市,重庆,明都汽车服务,023-67135401,渝北区双湖路44号,09:00-18:00
重庆市,重庆,韩泰轮胎（晒光坪店）,13696483991,沙坪坝区晒光坪89号,09:00-18:00
重庆市,重庆,靓车洁（聚成汽车美容）,18523094942,江北区盘溪四支路54号,08:30-18:00
重庆市,重庆,壳牌(幸运7汽车服务渝北店),18512379707,渝北区金开大道同舟世纪苑1栋,09:00-18:00
重庆市,重庆,壳牌(幸运7汽车服务),18580303077,渝北区金开大道1006号,09:00-18:00
重庆市,重庆,嘉实多(魔卡汽车生活馆),15123220381,渝北区万年路498号,08:00-18:30
重庆市,重庆,爱卡洗车,15023265809,渝北区回兴渝越加油站后面,09:00-18:00
重庆市,重庆,高转堂,13618368110,渝北区冉家坝旗龙路60号附14-16号,08:30-18:30
重庆市,重庆,佳通轮胎（陆陆汽修）,18502335858,渝北区龙山街道余松路427-431号,09:00-18:00
重庆市,重庆,欧仆侍精致汽车坊,13389670671,渝北区两路回兴宝桐一路6号附1号,07:30-19:00
重庆市,重庆,陆陆汽修（回兴店）,18723771006,渝北区回兴街道兴科一路4号富丽苑B栋1-30号,07:00-20:00
重庆市,重庆,豪杰奔宝（颐和店）,18523532518,渝北区镜泊东路1号,09:00-18:00
重庆市,重庆,德国马牌（风车车汽车服务中心）,13990576288,沙坪坝区沙杨路重大B区研究生宿舍四舍外10号,09:00-18:00
重庆市,重庆,车靓点汽车养护中心,18696569920,渝北区金开大道1133-8号,07:30-20:00
重庆市,重庆,澳思莱汽车会所,15823471698,渝北区兰馨大道12号（盛景天下停车场入口）,09:00-18:00
重庆市,重庆,车八哥汽车美容养护,13452485644,江津区双福街道温家店幼儿园左侧100米,09:00-18:00
重庆市,重庆,嘉实多（渝兴汽修服务中心）,02367301075,渝北区鸳鸯龙展路55号,08:00-19:00
重庆市,重庆,亮典汽车服务,18225091883,沙坪坝区杨梨路503号,08:30-18:30
重庆市,重庆,车美伦汽车服务中心,15023233132,九龙坡区白市驿镇白龙路7号附2号,08:00-19:30
重庆市,重庆,仕涛一站式汽车服务中心,18623309988,江北区石马河曦城小区10号附3号,09:00-18:00
重庆市,重庆,途美汽车美容养护,18702335277,江北区锦馨苑5号附7号,08:00-19:00
重庆市,重庆,初创汽车维修美容服务,18680808138,渝北区鸳鸯龙文路91号,06:00-18:00
重庆市,重庆,嘉实多（靓丽汽车美容会所）,15825974889,渝北区鸳鸯街道龙文路1号（海阔天空后门）,09:00-18:00
重庆市,重庆,重庆华先汽车美容服务中心,15086858950,沙坪坝区教院路23号,09:00-18:00
重庆市,重庆,安渝汽车护理中心,17378302427,九龙坡区白市驿镇白龙路92号附1号（香满庭中石化出口旁）,09:00-18:00
重庆市,重庆,耀川汽车服务部,17729614801,渝北区空港大道长翔路嘉华盛世20附28-29号,08:10-19:00
重庆市,重庆,玉华汽车养护中心,15111881332,江津区双福新区双庆路228号,09:00-20:30
---------------------
重庆市,重庆,路易通汽车美容,02376666120,秀山土家族苗族自治县中和镇石莲路75号,09:00-18:00
重庆市,重庆,摩特（优洗汽车养护会所）,15320939876,秀山土家族苗族自治县秀山县中和街道武陵西路（青田酒店旁),08:00-19:00
重庆市,重庆,美达汽贸售后服务中心,13996932587,秀山土家族苗族自治县秀山县中和街道物流园区武陵汽博中心A4-1号,09:00-18:00
重庆市,重庆,万弘名车,02376886777,秀山土家族苗族自治县中和街道物流园区武陵汽博中心b2105,09:00-18:00
重庆市,重庆,亚欧汽贸,15095985083,秀山土家族苗族自治县物流园区武陵汽博中心B3栋1-1号,08:30-17:30
重庆市,重庆,中原一站汽车用品服务中心,15025751778,酉阳土家族苗族自治县城南何家坝路131号,09:00-18:00
重庆市,重庆,腾达汽车,18659093905,酉阳土家族苗族自治县城北酉兴路60号（质监局背后）,09:00-18:00
重庆市,重庆,车之翼普利司通轮胎（酉阳店）,19942287233,酉阳土家族苗族自治县酉阳县桃花源街道桃花源大道北路10号4幢1楼8号,09:00-18:00
重庆市,重庆,车之翼（黔江店）,023-79251444,黔江区河滨南路东段9号（江畔人家C幢）,09:00-18:00
重庆市,重庆,超立方汽车美容养护中心,13648250593,黔江区城西街道城西四路9号,09:00-18:00
江苏省,苏州,兴隆汽车美容装潢,18913075178,吴江区桃花源大道1076号,09:30-16:30
江苏省,苏州,福祥汽车服务中心,13621577622,吴江区华盛大道326号,07:30-17:30
江苏省,苏州,汽车之家（浔青路店）,15995570215,吴江区浔青路99号,08:00-23:59
江苏省,苏州,爱车族汽车护理养护中心,13913720300,吴江区迎春路3号,08:00-17:00
江苏省,苏州,清风汽车美容装潢,18537716688,吴江区吴越北路6038号,07:00-20:00
江苏省,苏州,德林特（胡万里汽车）,13912735866,吴江区望湖路1577号,07:51-17:30
江苏省,苏州,腾达汽车养护,18112723883,吴江区建中路26号,09:00-18:00
江苏省,苏州,超可依汽车养护中心,18721613221,吴江区頴塘路2470号,07:00-21:00
江苏省,苏州,英领汽车维修服务中心,15150296756,吴江区西二环路761号,08:30-17:30
江苏省,苏州,惠忠汽车养护中心,13951123970,吴江区庙震路642号,08:00-17:00
江苏省,苏州,镇夏洗车场,15050159661,吴中区梅园路镇夏华润超市对面,08:00-17:00
江苏省,苏州,苏州车滋润汽车服务中心,18551185920,吴江区天鸿国际家园15-101室,08:00-17:30
江苏省,苏州,隆昌汽车,13222260868,吴江区南环路1700号,09:00-18:00
江苏省,苏州,财神驾道（舜新南路店）,13862142206,吴江区舜新南路1008号,08:00-18:00
江苏省,苏州,德国马牌(金庭中远汽车修配厂),13358005018,吴中区金庭路75号,07:30-17:00
江苏省,苏州,优科豪马(车之侣汽车修理),18912642230,吴中区洞庭路16号,08:00-17:00
江苏省,苏州,车之恋汽车服务中心（梅堰店）,13913708267,吴江区梅龙路10号,08:00-17:30
江苏省,苏州,友谊汽车养护,18662110828,吴江区晨莺路13号,08:00-18:00
江苏省,苏州,和顺汽修,15050393039,吴江区平运路15号,09:00-18:00
江苏省,苏州,艾姆肯汽车（莺湖路店）,13141876931,吴江区吴江平望镇莺湖路96号（金沙碧浪对面）,09:00-18:00
江苏省,苏州,车杰艺汽车一站式服务,15850038976,吴中区木东路8329号,07:30-17:00
江苏省,苏州,美之瑞养车馆,17775007892,吴中区环镇路西100米,08:00-17:00
江苏省,苏州,张亮汽车维修部,13776145866,吴江区黎里镇汤角集宿区卫生服务站右侧,09:00-18:00
江苏省,苏州,苏州杰尔盛汽车服务有限公司,18915588657,吴中区木东路6018号,08:00-17:00
江苏省,苏州,车饰美汽车装潢美容,13585985912,吴江区中山南路上亿国际汽车城19栋113—116号,08:30-18:00
江苏省,苏州,车玛珂汽车养护中心,18914098748,吴中区横泾街道嘉盛花园1幢101室,07:00-17:00
江苏省,苏州,嘉实多(苏州车壹元汽车服务有限公司),15150205888,吴中区木东路7525号,08:00-17:30
江苏省,苏州,美瑞阁汽车一站式服务,18351636260,吴中区东山大道8号,08:00-17:00
江苏省,苏州,领威（车朋轩汽车美容养护）,13349099556,吴江区庞杨路城南花苑1519号,07:30-19:30
江苏省,苏州,万车港汽修,15591302050,吴江区芦荡路1号,08:00-17:30
江苏省,苏州,宝盛汽车服务有限公司,18913595705,吴中区胥口吉祥路207号,07:00-20:00
江苏省,苏州,新焦点修理厂,18662210073,吴中区胥口茅蓬路968号,08:00-17:00
江苏省,苏州,车享家（苏州花园路店）,051263986831,吴江区松陵镇花园路1832-1836号,09:00-17:30
江苏省,苏州,德国马牌（壹车仆汽车服务连锁）,13913115525,吴中区孙武路601号西南方向70米,08:00-18:00
江苏省,苏州,车洁饰汽车美容会所,13906132506,吴江区笠泽路935号,09:00-18:00
江苏省,苏州,苏州旺山汽修,18651115751,吴中区旺山村路与生态路交叉口东150米,09:00-17:00
江苏省,苏州,APEX（知车坊）,13913715850,吴江区文苑路88号（东恒盛酒店停车场）,08:00-17:30
江苏省,苏州,爱马社汽修,18913509376,虎丘区西华路338号,08:00-18:00
江苏省,苏州,苏旺汽修,15956612881,吴中区旺山村路北150米,08:00-17:00
江苏省,苏州,格灵润滑（以勒车业）,13771685387,吴江区体育路125号,08:00-17:30
江苏省,苏州,爱车驿馆一站式服务中心,15162382120,吴江区交通南路2351号,07:50-19:00
江苏省,苏州,吴江一一汽车维修服务站,13912737373,吴江区临沪东路475号,08:00-17:30
江苏省,苏州,祥瑞汽修（锦安小区）,17712675508,吴江区永康路与锦业路交叉口,08:00-20:00
江苏省,苏州,优科豪马轮胎（浩锦汽车服务）,13732646941,吴中区藏书穹灵路2483号,08:00-17:30
江苏省,苏州,锦湖轮胎(腾飞车业),15190097413,吴中区穹灵路2335号,08:00-17:00
江苏省,苏州,车享家（苏州垂虹路店）,051263969635,吴江区松陵镇花园路2318号27,28#,09:00-17:30
江苏省,苏州,苏州美丽基业汽车维修服务有限公司,13814816113,虎丘区绣品街396号,09:00-18:00
江苏省,苏州,捷腾汽车美容,15962577728,吴江区垂虹路173号,09:00-18:00
江苏省,苏州,靓车一族汽车服务,15995555995,吴江区江兴西路862号,09:00-18:00
江苏省,苏州,驰奔行汽车服务,15995610351,吴江区江兴西路860号,08:00-17:00
江苏省,苏州,车享家（苏州梅石路店）,051263986863,吴江区梅石路1629~1631号,09:00-17:30
江苏省,苏州,威狮轮胎(车福鑫汽车配件店）,13451526634,吴中区姑苏西路129号,08:00-17:00
江苏省,苏州,车亿友一站式汽修,18962119026,吴中区方家桥小区107号,08:00-17:00
江苏省,苏州,苏州梦园汽车维修服务有限公司,18762892248,吴中区孙武路54号,08:00-17:00
江苏省,苏州,舒车堂汽车养护会所,18626157836,吴中区姑苏西路11号,08:00-17:00
江苏省,苏州,汾湖汽车维护有限公司,13004568822,吴江区金厍路238号,08:00-17:00
江苏省,苏州,百汇汽车美容部,18762945650,吴江区江兴西路563号,09:00-18:00
江苏省,苏州,壳牌（明达汽修）,13914058062,吴中区庄马路58号,08:00-17:00
江苏省,苏州,普利司通（于淼轮胎配件有限公司）,13855764248,吴中区庄马路341号,08:00-17:00
江苏省,苏州,小马汽修美容中心,17768012935,吴中区庄马路373号,08:00-17:00
江苏省,苏州,君利来汽车服务有限公司,15950078609,吴中区庄马路287号,08:00-17:00
江苏省,苏州,嘉实多(德奥行汽车一站式服务),13915532334,吴中区庄马路291号,08:00-18:00
江苏省,苏州,玛吉斯轮胎汽车一站式服务,15150144781,吴中区庄马路88号,08:00-17:00
江苏省,苏州,车之居汽车1站式服务,15262519777,吴江区江兴西路400号,08:30-17:30
江苏省,苏州,至达美汽车,15051726798,吴江区运东农贸外22号,08:00-20:00
江苏省,苏州,远顺汽车服务,13771648711,吴江区金厍路572号,09:00-18:00
江苏省,苏州,大拇指汽车生活馆(西塘河路店),18452766208,吴江区西塘河路19号,08:00-18:00
江苏省,苏州,尊卡汽车维修美容,15051597421,吴中区木渎镇明清街12号,08:00-17:00
江苏省,苏州,韦尔斯润滑油（车爵仕一站式服务）,18012650888,吴江区中山北二路777号,09:00-18:00
江苏省,苏州,埃斯(诚盛汽车服务养护中心),15995898227,吴中区香港街3-1号,09:00-17:00
江苏省,苏州,车享家（苏州香港路店）,051268418750,吴中区木渎镇天平村天灵1组陆家村68号,09:00-17:30
江苏省,苏州,壳牌（美丽车仆汽车）,13328000441,吴江区运东大道937号,07:30-20:00
江苏省,苏州,杰维行汽车服务,18550901435,虎丘区东渚镇美田里路2号2幢110室,08:00-18:00
江苏省,苏州,翔龙汽修,18752998148,吴江区新传路488号,08:00-20:00
江苏省,苏州,秋名山汽车美容,13862527182,吴江区新传路439号,08:00-18:00
江苏省,苏州,SMC汽车美容改装,15800782120,吴中区木渎镇梅林路71号宏锋产业园内50米左拐,08:30-18:30
江苏省,苏州,固特异(潇洋汽车服务有限公司),13915500021,吴中区吴山街11-13号,08:00-17:00
江苏省,苏州,鸿达汽车维修,15501612617,虎丘区树园路119号,09:00-18:00
江苏省,苏州,骏逸车业（木渎店）,15062535008,吴中区木渎金山南路47号,09:00-18:00
江苏省,苏州,道达尔（苏州隆晟汽车维修有限公司）,15995712112,吴中区竹园西路98号,08:00-17:00
江苏省,苏州,新奥车业一站式汽车服务,13375195680,吴中区木渎镇竹园路688号(金山石雕艺术有限公司旁边),08:00-18:00
江苏省,苏州,德国马牌（民生汽车维修美容）,13656257162,吴江区227省道4580号,08:00-17:00
江苏省,苏州,固特异（海洋轮胎销售有限公司）,18796804909,吴中区竹园路5号,07:30-20:30
江苏省,苏州,顺德汽车一站式服务,18912734997,吴江区迎燕东路101号,09:00-18:00
江苏省,苏州,上海车居(同里店),13306250081,吴江区迎燕东路66号,09:00-18:00
江苏省,苏州,开心汽车（凯马广场店）,15312183852,吴中区中山东路170号,08:30-17:30
江苏省,苏州,秀车一族汽车养护专家,051266910009,虎丘区科技城科创路20号,09:00-18:00
江苏省,苏州,龙捷快修（影视城店）,0512-66571555,吴中区金山南路288号,09:00-18:00
江苏省,苏州,新奇特车业（竹园路店）,051266299333,吴中区竹园路128号,09:00-18:00
江苏省,苏州,苏城车友汽车俱乐部,18550097938,吴中区珠江路159号,08:20-17:00
江苏省,苏州,炫车坊汽车美容装饰(西湖花苑店）,18914028062,吴江区西湖花苑一区1230号,09:00-18:00
江苏省,苏州,澳托猫汽服(沪苏九站店),15821114286,吴中区木渎镇金枫路与竹园路交叉口西侧中石化加油站内（新华路公交站台后面）,08:00-17:00
江苏省,苏州,车美丽汽车生活馆,18796431113,虎丘区梦之城3层,07:18-19:18
江苏省,苏州,志恒汽车维修部,18094258409,吴中区枫瑞路178号,08:00-17:00
江苏省,苏州,苏州犀友车业,15250429420,吴中区长江路9号长江壹号生活广场负一层,08:00-19:00
江苏省,苏州,车居仕汽车美容装潢,18914070770,吴江区中山北路2608号,08:00-17:00
江苏省,苏州,斯创汽车技术服务(吴中店）,18962194026,吴中区观音山路369号,08:00-19:00
江苏省,苏州,苏捷通汽车服务,15106206508,吴中区田上江路185号,08:00-19:00
江苏省,苏州,公里速（新区店）,13115162800,虎丘区紫金街36号,08:00-18:00
江苏省,苏州,锦湖轮胎(泰洁汽修),15051788377,吴中区蠡昂路274号,08:00-18:00
江苏省,苏州,普利司通（鸿玉汽车配件经营部）,15895525491,吴江区屯村大道59号,09:00-18:00
江苏省,苏州,米其林（友客汽修）,18118159583,吴江区屯村东路加油站对面,09:00-18:00
江苏省,苏州,苏奥汽车维修,15962117768,吴江区清扬路迎春华府向东1000米,08:00-17:00
江苏省,苏州,嘉实多(酷锐汽车服务部),18606252188,虎丘区迎宾路16号,09:00-18:00
江苏省,苏州,加德士(恩典汽车维修中心),13222281549,吴中区兴南路19号,08:00-17:00
江苏省,苏州,车享家（苏州苏蠡路店）,051267079312,吴中区苏蠡路36号,09:00-17:30
江苏省,苏州,旭瑞车业,15850221722,吴中区枫津南路22号2幢,09:00-18:00
江苏省,苏州,新奇特一站式汽车养护中心(枫津店),0512-82283580,吴中区枫津南路22号3幢,09:00-18:00
江苏省,苏州,1999汽车美容装潢,13585361996,吴江区屯村东路358号,07:00-20:00
江苏省,苏州,车享家（苏州世贸运河城店）,051262380108,姑苏区宝带西路1199号1幢101-103室,09:00-17:30
江苏省,苏州,邓禄普（海超汽车）,18912608477,姑苏区太湖西路1188号,08:00-17:00
江苏省,苏州,永翔一站式汽车服务,17388087189,吴中区东吴南路125号,08:00-17:00
江苏省,苏州,龙捷快修（狮山店）,0512-66571500,虎丘区金山路78号,09:00-19:00
江苏省,苏州,壳牌（鑫升祥车业）,18012733338,吴中区天灵路200号1幢,08:00-17:00
江苏省,苏州,车艺族一站式汽车服务连锁,18912797802,虎丘区玉山路80号,09:00-18:00
江苏省,苏州,固特异(航盛一站式服务连锁),13382186988,虎丘区滨河路558号,09:00-18:00
江苏省,苏州,三道汽车连锁(吴中店),13812654999,吴中区东吴南路155-6号,08:00-17:00
江苏省,苏州,壳牌（万佳汽配汽修）,13862102227,吴中区枫津路107号,08:30-17:00
江苏省,苏州,苏州胜宝汽修一站式服务中心,13013897696,吴中区天灵路25号25-4,08:00-17:00
江苏省,苏州,壹车仆汽车服务,15262471650,吴中区花园街40号,08:00-17:00
江苏省,苏州,苏州骏诚车业,18206206939,姑苏区友新路1188号,08:30-18:30
江苏省,苏州,锦宏汽修,13732632707,姑苏区解放西路91号,08:30-17:00
江苏省,苏州,龙捷快修连锁（友新路店）,15950068461,姑苏区友新路1188号,09:00-18:00
江苏省,苏州,烈马骑士汽车养护专家,13739170812,虎丘区长江路511号,08:00-17:30
江苏省,苏州,倍耐力(嘉腾汽车一站式),18913128107,吴中区龙西路98号,08:00-17:30
江苏省,苏州,车享家（苏州云庭路店）,051268225362,姑苏区云庭路3-4-5号,09:00-17:30
江苏省,苏州,正新轮胎（新友汽车服务）,18915553222,姑苏区友新路友联二村85幢104座,08:00-18:00
江苏省,苏州,嘉实多(阿香车一站式汽车服务),13338691453,虎丘区金山路3号,08:30-18:00
江苏省,苏州,骏逸车利捷（新区店）,18012772225,虎丘区鹿山路85号4号楼,09:00-18:00
江苏省,苏州,爱客汽车服务连锁（吴中店）,18913521260,吴中区水香街190号,08:00-17:00
江苏省,苏州,新奇特汽车服务（盘蠡路店）,051282283569,吴中区盘蠡路水香六村19幢,09:00-18:00
江苏省,苏州,骏逸一站式汽车服务（精维店）,18118110810,姑苏区桐泾南路311号,07:40-18:00
江苏省,苏州,韩泰轮胎（康隆汽车维修服务部）,13862575358,姑苏区南环西路651号,09:00-17:30
江苏省,苏州,米其林轮胎（竞驰汽车服务有限公司）,15850214158,吴中区尹中路66号商铺1-103号,08:30-17:00
江苏省,苏州,睿君汽车,15850192526,吴中区东吴北路新苏国际大厦负二楼,09:00-18:00
江苏省,苏州,车享家（苏州长江路店）,051265368875,虎丘区长江路612号,09:00-17:30
江苏省,苏州,道达尔(车迪仕汽车服务中心),18013566739,吴中区郭巷镇彩虹路37号,08:00-17:00
江苏省,苏州,仙奇车业,17712631582,吴中区郭巷彩虹路43号,08:00-17:00
江苏省,苏州,车马驿站汽车服务,18662268617,吴中区文曲路203号,08:00-17:00
江苏省,苏州,壳牌（养车堂一站式服务中心）,13625284172,吴中区文曲路280号,07:30-17:00
江苏省,苏州,乐驾汽车服务有限公司,18118162889,吴中区文曲路232号,08:00-17:00
江苏省,苏州,富鑫汽车一站式服务,15306139566,吴中区吴中东路118号,08:00-17:30
江苏省,苏州,车享家（苏州吴中东路店）,051267074359,吴中区吴中东路119-5号,09:00-17:30
江苏省,苏州,APEX(豪门汽车会所),13915503757,吴中区迎春路174号,08:00-17:00
江苏省,苏州,佳良汽车用品,18012616299,姑苏区西园路767号闻钟苑12幢,09:00-18:00
江苏省,苏州,美孚（威杰汽车服务有限公司）,18118161769,姑苏区金门路小商品市场出口处,08:00-17:00
江苏省,苏州,车享家（苏州南环东路店）,051268556965,姑苏区南环东路869-875号,09:00-17:30
江苏省,苏州,宝雪龙汽车服务中心,18662172355,吴中区吴东路1198号,08:00-17:00
江苏省,苏州,骏逸一站式汽车服务连锁(东环店),17625580629,吴中区吴东路1111号,08:00-17:00
江苏省,苏州,盛唐汽修美容,13776040053,姑苏区南环大街279号正南方向70米,08:00-17:00
江苏省,苏州,苏州锦安汽车一站式服务中心,13405055222,虎丘区运新路15号（鸿基科技园东北门）,08:00-19:00
江苏省,苏州,众驰汽修,15250049149,吴中区纬二路综合保税区A楼背面,08:00-17:00
江苏省,苏州,车艺骏汽车服务,18260116202,姑苏区锦南巷77号（姑苏生鲜南环市场B1层 ）,08:00-18:30
江苏省,苏州,李健汽车快修,15190069722,虎丘区兴贤路阳山花苑一区102幢,08:00-17:00
江苏省,苏州,马上汽车（南门路店）,15850129291,姑苏区南门路851号,08:30-19:00
江苏省,苏州,标龙汽修（新区店）,17371532878,虎丘区长江路858号,08:00-17:30
江苏省,苏州,集结号汽车服务中心,15150424029,虎丘区长江路876号中交名品商务广场3幢107,09:00-18:00
江苏省,苏州,加德士（赣商阳阳汽车服务）,18913159818,姑苏区西环路3108号,07:30-19:00
江苏省,苏州,美仕途汽车生活馆,17729955551,姑苏区虎阜路999号虎丘婚纱B区负1楼b3入口,09:00-18:00
江苏省,苏州,维车仕车业,13862053967,吴中区叠翠峰东门1幢101室,08:00-17:30
江苏省,苏州,三道汽车,18912621921,苏州工业园区东兴路118号星叶广场负一楼,08:00-18:00
江苏省,苏州,有车一族汽车美容装潢店,18915505682,姑苏区南园北路6号,08:30-17:00
江苏省,苏州,龙捷快修(浒关店),18136177100,虎丘区文昌路天玺街负一层,09:00-18:00
江苏省,苏州,80车盟,13915578827,苏州工业园区东方大道双银国际金融城4-1238,08:00-17:00
江苏省,苏州,车享家（苏州东兴路店）,051265152595,苏州工业园区东兴路38号,09:00-17:30
江苏省,苏州,神彩汽车养护中心,15806216013,姑苏区杨枝塘路102号,07:30-18:30
江苏省,苏州,夏园汽车一站式服务（湖岸名家店）,18913606652,苏州工业园区通达路1875-1号,08:00-17:00
江苏省,苏州,邓禄普（靓途批发零售店）,18994313449,相城区迎湖路8号,09:00-18:00
江苏省,苏州,玛吉斯（靓途车业）,18994313449,相城区迎湖路2号,08:15-16:50
江苏省,苏州,龙捷快修（广济店）,13771684881,姑苏区钱万里桥公交首末站,08:00-17:00
江苏省,苏州,鑫宏汽车一站式服务（旗舰店）,13073362262,相城区问渡路12号,09:00-18:00
江苏省,苏州,宝雪龙汽车维修服务公司,17761941563,姑苏区葑门路10号,09:00-18:00
江苏省,苏州,艾车宝汽车维修服务部,13205176642,姑苏区虎殿路与陆步桥街交叉口南100米,07:30-18:30
江苏省,苏州,车驿堂汽车,18061937880,苏州工业园区万科美好广场负一层,10:00-18:00
江苏省,苏州,曼塔汽车服务中心,15365314639,苏州工业园区星湖街218号生物纳米B2负一层,08:00-17:00
江苏省,苏州,车享家（苏州平泷路店）,051267529370,姑苏区平泷路1258号105室,09:00-17:30
江苏省,苏州,加德士（捷驰汽车维修服务）,13013812568,姑苏区平川路锦芳街苏锦一村小区大门口,08:00-18:00
江苏省,苏州,苏州车易润,18362724516,姑苏区平齐路平齐花苑14幢107室,08:00-17:00
江苏省,苏州,马上汽车（贵都服务店）,15250933922,苏州工业园区贵都邻里中心天天向上斜对面,09:00-17:00
江苏省,苏州,美孚（星程汽车美容装潢）,15962256163,姑苏区锦荷街103号,08:30-17:00
江苏省,苏州,长城一站式汽车服务中心,15952403181,苏州工业园区工业技术学校东门,08:00-17:00
江苏省,苏州,马上汽修（惠邻汽车）,13862045218,苏州工业园区斜塘街道车坊东方文荟苑21-109店铺,07:00-18:00
江苏省,苏州,森诚汽车维修服务中心,15250062929,姑苏区齐门外大街313号,08:10-18:30
江苏省,苏州,爱客汽车服务连锁（独墅湖店）,0512-66986900,苏州工业园区若水路1号,08:00-18:00
江苏省,苏州,骏逸车业（园区卡马仕店）,18151092525,苏州工业园区苏慕路117号（湖西派出所旁）,08:00-18:00
江苏省,苏州,壳牌(苏州万福源汽车服务有限公司),15150451577，18896500288,苏州工业园区娄门路86号,08:00-17:00
江苏省,苏州,美车饰汽车一站式服务中心,18912797873,苏州工业园区苏虹西路百合街10号,07:30-18:00
江苏省,苏州,龙捷汽修(繁花店),15950068460,相城区澄湖西路964号繁花中心地下负二楼,09:00-21:00
江苏省,苏州,欧德联一站式汽车服务（相城店）,18606209696,相城区黄桥镇永旺家园东100米,08:00-18:00
江苏省,苏州,嘉实多（馨车航汽车服务部）,15062344305,相城区善济路107号合景峰汇3期,08:00-18:00
江苏省,苏州,车享家（苏州人民路店）,051265866996,相城区人民路与聚贤路交汇处峰汇商务广场3幢124室一层,09:00-17:30
江苏省,苏州,车享家（苏州星湖街店）,051262981961,苏州工业园区星湖街1260-1262号,09:00-17:30
江苏省,苏州,迪奥迪美汽车修理有限公司,15051401855,相城区春申湖西路901号,09:00-18:00
江苏省,苏州,苏州车无忧,15699998849,相城区沈思港路95号,08:00-18:00
江苏省,苏州,苏州车侣汽车服务有限公司,13402699183,相城区荷馨街95号,07:30-18:00
江苏省,苏州,龙捷快修（相城店）,13625270994,相城区齐门北大街71号,08:00-17:00
江苏省,苏州,韦尔斯(名车之旅),13004515468,相城区长旺路97号,09:00-18:00
江苏省,苏州,航盛车业一站式汽车服务连锁,0512-62511555,苏州工业园区东福路45号,09:00-18:00
江苏省,苏州,奇胜汽车一站式服务中心,05126630669,苏州工业园区东富路32号,08:00-18:00
江苏省,苏州,车子佳汽车连锁,13701410469,相城区兴旺路1号,09:00-18:00
江苏省,苏州,加德士（车之杰汽车会所）,15250027413,相城区苏隶方浜加油站向南30米,08:00-18:30
江苏省,苏州,兴塘豪华车专修连锁（园区店）,15370198866,苏州工业园区民生路28号,08:00-17:00
江苏省,苏州,佳诚汽车服务中心,15050409111,相城区元和街道聚元街475号,07:00-19:30
江苏省,苏州,捷美汽车美容,18261894006,相城区齐门北大街1578号,09:00-18:00
江苏省,苏州,朋城汽修,18118449166,苏州工业园区孟下村笛普智慧智慧园,08:00-17:00
江苏省,苏州,名华汽车一站式服务中心,18550086238,相城区齐门北大街1598号,07:30-19:00
江苏省,苏州,道得尔（传胜汽车会所）,15950041757,相城区春申湖中路283号,09:00-18:00
江苏省,苏州,一番车道（苏虹中路店）,18621378956,苏州工业园区苏虹中路399号,09:00-18:00
江苏省,苏州,爱客汽车服务连锁(苏虹路店),051262583303,苏州工业园区苏虹中路399号7幢1号单元,09:00-18:00
江苏省,苏州,宝车仕汽车一站式服务,17625586208,相城区书香路9号,05:00-20:00
江苏省,苏州,车利捷（相城店）,18915556918,相城区华元路99号,07:40-17:30
江苏省,苏州,后浪汽车服务,18962111418,苏州工业园区唯亭葑亭大道678号4号厂房,08:00-17:00
江苏省,苏州,轟众车业一站式汽车服务中心,15250114558,相城区澄云路31号,08:00-17:00
江苏省,苏州,华胜车业连锁（园区店）,13814497940,苏州工业园区苏虹中路45号,08:30-17:00
江苏省,苏州,龙捷汽修（广前店）,17751294225,相城区广前路11号广济医院地下停车负一楼,08:30-17:00
江苏省,苏州,正新轮胎(甪直正新汽车维修部),18506217832,吴中区甪直镇甫澄北路12号甫澄熙岸二期西门,8:00:-17:00
江苏省,苏州,车享家（苏州亭盛街店）,051265914553,苏州工业园区亭盛街65幢101-103号,09:00-17:30
江苏省,苏州,美孚（易加能汽车美容养护）,18118477176,苏州工业园区亭盛街50号唯盛邻里中心负一楼,09:00-19:30
江苏省,苏州,清风车业维修保养中心,15262411197,苏州工业园区胜浦瑞祥商业广场2栋133-135室,08:00-17:30
江苏省,苏州,爱车逸族,18115512325,苏州工业园区星龙街298号,09:00-17:00
江苏省,苏州,美孚（甪捷汽车维修）,13584888145,吴中区甪直镇育才路1号,08:00-17:00
江苏省,苏州,乐语汽车修理厂,18862337020,苏州工业园区唯新路7号,08:30-17:00
江苏省,苏州,德国马牌（宏达汽修一站式）,13656244639,昆山市震阳路88号,09:00-18:00
江苏省,苏州,渡客车业,13913501787,苏州工业园区葑亭大道355号,08:00-17:30
江苏省,苏州,苏皖汽车养护,15995831792,苏州工业园区金陵西路商业街2期,07:00-17:30
江苏省,苏州,矫马(金扳手漕湖维修中心),18550208029,相城区漕湖商业广场4-108号,08:30-17:00
江苏省,苏州,龙捷快修（漕湖店）,0512-65720981,相城区观塘路漕湖邻里中心1楼F144号（西南角）,09:00-18:00
江苏省,苏州,米其林（志诚乐乐汽车一站式服务）,0512-67591767,相城区兴太路22号,08:30-19:00
江苏省,苏州,壳牌（欧泰汽车维修）,18662518831,相城区太平街道开泰路1576号,08:00-18:00
江苏省,苏州,正新轮胎(顺佳轮胎有限公司),13815258572,苏州工业园区金陵东路338号,08:00-17:00
江苏省,苏州,车享家（苏州太东路店）,051265448950,相城区太平街道太东路2号7-103-105,09:00-17:30
江苏省,苏州,车缘点（太平店）,18020597877,相城区太平金澄广场9幢30号,08:00-18:00
江苏省,苏州,车易好汽车维修股份有限公司,18662271958,相城区河东路2-12号,08:10-18:00
江苏省,苏州,路航（车居士汽车服务中心）,17857252655,相城区太平镇富升路3号,08:00-17:00
江苏省,苏州,车艺匠汽修,13776045214,相城区珍珠湖路12号,08:00-18:00
江苏省,苏州,车享家（苏州澄阳路店）,051266834647,相城区渭塘镇澄阳路2588号110室,09:00-17:30
江苏省,苏州,御祥一站式汽车服务,15190152375,昆山市千灯镇南浦东路508号,08:00-20:00
江苏省,苏州,路欧峰（豫北汽车用品店）,15001877862,昆山市炎东路5号,06:30-23:59
江苏省,苏州,车享家（苏州昆山人和路店）,051250151998,昆山市千灯镇人和路225-229号,09:00-17:30
江苏省,苏州,车帝一站式汽车服务,18118173444,昆山市南浦东路154号,09:00-18:00
江苏省,苏州,豪车码头汽车服务中心,18662355269,昆山市名人华城33栋27号,07:30-20:00
江苏省,苏州,帝车会汽车服务中心,15050217638,昆山市千灯镇少卿西路510号,07:00-16:30
江苏省,苏州,玛吉斯（博众汽车美容维修）,18013287746,昆山市南湾路836号,09:00-18:00
江苏省,苏州,嘉实多(小岳汽车服务中心),13218174256,相城区凤北公路与相城大道交叉口北100米,09:00-18:00
江苏省,苏州,车厘子理车（千灯店）,15250200155,昆山市千灯镇少卿路3号3幢,08:00-19:00
江苏省,苏州,普利司通（千灯店）,13584958084,昆山市秦峰花园32号,09:00-18:00
江苏省,苏州,轟众车业（阳澄湖店）,18015655755,相城区凤阳路318号,08:00-17:30
江苏省,苏州,车俊翔汽车美容服务中心,18255679918,昆山市巴城镇通澄向日葵花园81号楼103商铺,07:30-21:00
江苏省,苏州,车享家（苏州昆山前进西路店）,051236910121,昆山市巴城镇通澄花园四期81幢101号,09:00-17:30
江苏省,苏州,壳牌（天使爱车一站式服务）,15895651431,昆山市明澄路257号,07:30-18:30
江苏省,苏州,安耐普养护快修服务中心,18862173918,昆山市巴城镇金澄路279号,09:00-18:00
江苏省,苏州,苏州正车堂汽车服务有限公司,13771935130,相城区凤阳路163号,09:00-18:00
江苏省,苏州,嘉实多（艺车堂一站式汽车服务）,13771892090,相城区凤阳路159号,08:00-18:00
江苏省,苏州,美孚（车品会汽车服务中心）,13912657663,昆山市创业路588号,07:30-18:30
江苏省,苏州,欧德耐汽车生活馆,18917577781,昆山市衡山路288号,08:00-19:00
江苏省,苏州,德骏行,13806268244,昆山市城西民新路1号,08:00-18:00
江苏省,苏州,迪奥车业,18662516555,常熟市辛庄新阳大道65-1号,09:00-18:00
江苏省,苏州,壳牌（车之隆一站式服务中心）,15150468225,昆山市合兴西路189号,07:20-19:00
江苏省,苏州,汽车e族一站式服务,13218175993,常熟市新阳大道57号,09:00-18:00
江苏省,苏州,昆山树德汽车用品有限公司,18912689788,昆山市陆家镇陆丰西路88号建伟国际汽车城7幢24号,08:00-18:00
江苏省,苏州,正新（唐彪汽修美容）,13616268247,昆山市联谊路251号,07:00-22:00
江苏省,苏州,MOTUL(小赵汽车服务),18012661250,昆山市鹿城路605号,09:00-18:00
江苏省,苏州,玛吉斯（晟通车业）,18662549801,昆山市友谊东路001号,09:00-18:00
江苏省,苏州,韩泰轮胎（清风车影）,15151669178,昆山市玉山镇鹿城路750-756号,09:00-18:00
江苏省,苏州,卡诺嘉（爱车一族）,17372615250,昆山市长江南路1164号,08:00-18:00
江苏省,苏州,车享家（苏州昆山庆丰东路店）,051250161686,昆山市庆丰东路345-351号,09:00-17:30
江苏省,苏州,美车有道,13764130773,昆山市春天大道258号20室,07:40-21:00
江苏省,苏州,美车有道(花桥店),18702101455,昆山市春天大道258号20室,08:00-20:00
江苏省,苏州,有途汽车服务部（花园路店）,17712471773,昆山市花园路1915号,09:00-18:00
江苏省,苏州,车之邦一站式汽车服务中心,18602159462,昆山市花园路1731号,08:00-18:30
江苏省,苏州,德国马牌（联浩轮胎商行）,15006267849,昆山市巷浦路1号,09:00-18:00
江苏省,苏州,苏雄汽车服务部,18626248753,昆山市景王路33号,08:00-19:00
江苏省,苏州,道得尔（艺荣车臣汽车养护中心）,15921780163,昆山市商银路1255号,08:00-20:00
江苏省,苏州,车艺驰车体极致护理,15155761823,昆山市花桥镇绿地大道双联国际1幢,08:00-18:00
江苏省,苏州,牛牛车坊,15221616818,昆山市商银路1255号6栋001（双联国际商务中心）,09:00-18:00
江苏省,苏州,海睿汽修服务中心,17501429325,昆山市玉山镇昆太路686号,07:00-19:00
江苏省,苏州,舒车堂汽车服务连锁,18118176295,昆山市富士康路1183号,09:00-18:00
江苏省,苏州,车厘子理车,17712473607,昆山市前进东路1008号,07:30-18:00
江苏省,苏州,车感觉汽车维修养护,19951267427,昆山市花安路430号,08:00-18:00
江苏省,苏州,懂车帝汽车保养维修中心,13245057777,昆山市横泾路与昆太路交叉口,08:00-18:00
江苏省,苏州,车享家（苏州昆山春晖路店）,051236691320,昆山市周市镇春晖路611号一层部分商铺、613号一层部分商铺,09:00-17:30
江苏省,苏州,昆山鸿隆汽车服务有限公司,13052889488,昆山市昆嘉路341号,08:20-18:00
江苏省,苏州,车享家（苏州昆山金浦路店）,051257995286,昆山市周市镇金浦路344号,09:00-17:30
江苏省,苏州,米其林（安通轮胎）,15906516973,昆山市青阳北路168号,08:00-18:00
江苏省,苏州,尚美汽车一站式服务,15162679275,昆山市白塔路黄金海岸西门,09:00-18:00
江苏省,苏州,洁美汽车养护中心,15298832699,常熟市东升路33号,05:00-23:00
江苏省,苏州,宝捷龙车业,17312670655,昆山市萧林东路1258号,08:00-18:30
江苏省,苏州,壳牌（广顺汽车服务部）,13773020377,常熟市练塘大道16号,07:00-20:00
江苏省,苏州,玛吉斯（天文路店）,13817469661,昆山市天文路20号,07:30-17:00
江苏省,苏州,养车坊汽车服务中心（华寓路店）,13584993260,昆山市华寓路与石鑫路交口东行50米路北（环湖佳苑1号楼）,07:30-18:00
江苏省,苏州,茂林汽修,15062666041,昆山市华寓路与石鑫路交口东行50米路北（环湖佳苑1号楼）,07:00-20:00
江苏省,苏州,路欧峰（小蒋汽车美容）,18112757505,常熟市尚湖大道工商银行旁,09:00-18:00
江苏省,苏州,快捷汽车服务,18361997311,昆山市蓬溪北路882号,07:00-18:00
江苏省,苏州,华云汽车服务中心,13584900236,昆山市蓬莱路53号,06:00-23:59
江苏省,苏州,恒源汽修一站式服务,18914978690,昆山市益伸路489号,09:00-18:00
江苏省,苏州,车享家（苏州常熟汇金一路店）,051252179130,常熟市湖山路333号同济科技广场2号楼114-116室,09:00-17:30
江苏省,苏州,嘉实多（昆山至尊汽车服务）,18068074772,昆山市周新路与永工路交叉口西南150米,08:00-18:00
江苏省,苏州,勇顺汽车服务部,15962483177,常熟市三塘路234号,07:00-18:30
江苏省,苏州,枫林汽车,13372127333,常熟市枫林路205号,09:00-18:00
江苏省,苏州,养车堡汽车养护中心,13915584237,常熟市琴湖广场五号楼121号,08:30-17:00
江苏省,苏州,固特异轮胎（太仓启驾汽车）,15051632161,太仓市东古路2号,07:30-18:30
江苏省,苏州,速锐汽修服务部,15895563011,太仓市东古路2-28号,08:00-18:30
江苏省,苏州,韦尔斯（路路通汽车美容装饰中心）,15851519694,常熟市琴湖路268号,09:00-18:00
江苏省,苏州,欧帕斯（靓车点汽车装饰）,13814583489,太仓市长春南路12号,07:30-17:30
江苏省,苏州,邓禄普轮胎（富康汽车美容装潢）,13962498245,常熟市富康路16号,09:00-18:00
江苏省,苏州,车友汇汽车一站式服务,15161592401,太仓市上海西路53号,08:30-17:30
江苏省,苏州,壳牌(甬江汽车维修养护中心),13773027463,常熟市甬江路20号,09:00-18:00
江苏省,苏州,畅速汽车养护中心,18796893073,太仓市长春北路9-2号,08:00-17:00
江苏省,苏州,车享家（苏州常熟黄河路店）,051252832163,常熟市黄河路777号佳和商业中心5幢103号,09:00-17:30
江苏省,苏州,欧罗来（新感觉汽车）,18550029720,常熟市珠江路168号,09:00-18:00
江苏省,苏州,鑫顺汽车美容装潢中心,18151575556,常熟市李闸路395-1号,09:00-18:00
江苏省,苏州,菱威汽车服务有限公司,18962329199,常熟市文学街722号,08:00-17:00
江苏省,苏州,诚力好先生,13306223753,太仓市人民北路30号,08:00-18:30
江苏省,苏州,车享家（苏州常熟珠江东路店）,051252416231,常熟市珠江东路世贸世纪中心-创富世纪3幢103-104号,09:00-17:30
江苏省,苏州,洗车人家（锦州路口店）,13862295812,太仓市朝阳路锦州路口,08:00-17:00
江苏省,苏州,德国马牌（宁鸿汽车）,15962494699,常熟市文学街与金源路交叉口,09:00-18:00
江苏省,苏州,百隆汽车一站式服务,15051661331,太仓市朝阳东路22号,08:00-18:00
江苏省,苏州,爱车计划服务连锁,18552019669,太仓市太平北路66号,08:30-17:30
江苏省,苏州,雷霆车友,15150379771,常熟市勤丰路53号,09:00-18:00
江苏省,苏州,航顺达汽车美容,15851560763,常熟市古里镇政府斜对面,07:30-18:00
江苏省,苏州,邓禄普（凤凰车浩饰洗车行）,15366261338,张家港市凤凰路40-15号,07:00-20:00
江苏省,苏州,思家车汽修,18795490582,太仓市郑和中路万鸿塞纳丽舍21号楼,08:00-17:00
江苏省,苏州,凯特一站式服务中心,15162569486,常熟市老街静海路老街一期南门对面,06:30-19:00
江苏省,苏州,车享家（苏州太仓滨河东路店）,051253577235,太仓市滨河路168-34号,09:00-17:30
江苏省,苏州,车享家（苏州太仓郑和中路店）,051253201013,太仓市郑和中路376号塞纳丽舍20幢8号一层,09:00-17:30
江苏省,苏州,胜华车业有限公司一站式服务,15051497719,常熟市常浒路2888号,08:00-20:00
江苏省,苏州,卡卡爱车俱乐部,13182682112,太仓市郑和中路65号,08:00-17:00
江苏省,苏州,精诚汽车养护中心,15861633165,张家港市凤凰镇栏杆桥100号,07:00-20:00
江苏省,苏州,睿洗超级中心,051253978237,太仓市天津路100号,08:10-16:30
江苏省,苏州,东昇杰汽车美容装潢,15851625235,张家港市吴湖路1号,07:00-18:00
江苏省,苏州,爱车地带汽车维修一站式服务,15962332863,常熟市常浒公路32号（大虹桥警务室旁）,07:00-18:00
江苏省,苏州,嘉途汽车服务,17712692213,太仓市常胜北路50号,07:30-20:00
江苏省,苏州,浩羽汽车养护,13862227872,张家港市东区大道与汤联路交叉口西150米,08:30-16:30
江苏省,苏州,鸿安汽车养护中心,15666902928,太仓市常胜北路50号1幢101室,08:00-17:00
江苏省,苏州,168汽车俱乐部旗舰店,13773269606,张家港市金港大道338号,09:00-18:00
江苏省,苏州,德国马牌（宝驰汽车服务有限公司）,15021153789,张家港市金谷路1号,07:10-20:00
江苏省,苏州,锦源汽车维修养护中心,13665185307,张家港市凤凰镇西张西秒路金谷小区九栋105,09:00-18:00
江苏省,苏州,车护士汽车美容装潢（金港镇）,15358896445,张家港市江海南路39号,09:00-18:00
江苏省,苏州,车仕多汽车一站式服务,13338027125,常熟市西环路2号108室,07:30-23:59
江苏省,苏州,金典汽车美容装饰服务部,18962286736,张家港市馨苑路61-63号,09:00-18:00
江苏省,苏州,车享家（苏州张家港馨苑路店）,051256900019,张家港市杨舍镇湖东花苑房号7幢-M5,09:00-17:30
江苏省,苏州,宣路达汽车一站式服务,15995590922,太仓市板桥路113号,07:00-19:00
江苏省,苏州,骆驼蓄电池(云修连锁汽车服务中心）,15298806695,张家港市文星南路后塍新塍小区大门口,09:00-18:00
江苏省,苏州,车管家汽车装饰服务部,17351256787,张家港市东山南路68号,07:00-23:00
江苏省,苏州,美车堂(小菜巷路店),15851666181,张家港市小菜巷路25号,08:00-17:00
江苏省,苏州,快乐洗车中心（浦家湾弄店）,18013615767,张家港市浦家湾弄15号,07:00-17:00
江苏省,苏州,龙捷快修（客运站店）,17751191811,张家港市华昌南路3号,09:00-18:00
江苏省,苏州,优科豪马（天涯汽车美容装饰）,18118113315,张家港市河西南路95号,07:00-19:30
江苏省,苏州,壳牌（零距离车饰）,15371881803,常熟市香州路15号,08:00-18:00
江苏省,苏州,车享家（苏州张家港东环路店）,051258261196,张家港市东环路皇家首座23-27号,09:00-17:30
江苏省,苏州,诚辉汽车换油服务中心,18114592311,张家港市水站陆家巷37号,08:30-18:00
江苏省,苏州,车享家（苏州张家港南苑东路店）,051258261192,张家港市南苑东路29号帝景豪园南门10栋35号,09:00-17:30
江苏省,苏州,阿特拉斯轮胎（建宏汽车）,13262988855,张家港市港城大道182号,09:00-18:00
江苏省,苏州,运恒汽车生活馆,15206224447,太仓市沙溪镇印溪南路,08:00-18:30
江苏省,苏州,酷车汇汽车服务部（沙溪店）,13771161351,太仓市沙南西路98号,08:00-19:00
江苏省,苏州,车臣汽车美容养护中心,18626221265,太仓市中市东路东方雅苑6-1号,08:00-17:00
江苏省,苏州,美泊莱汽车维修服务中心,18021640935,张家港市天台南路156号,07:30-19:00
江苏省,苏州,百援汽车连锁服务中心,18915672868,张家港市黄泗浦西路137号,06:00-18:00
江苏省,苏州,途马汽车养护中心,15151515883,张家港市蟠港南路49号,07:00-20:00
江苏省,苏州,玛吉斯（车之恋换油养护服务有限公司）,18605120494,张家港市敬安路8号,08:00-17:00
江苏省,苏州,光明汽修,13962235101,张家港市蒋乘路28号,07:30-18:00
江苏省,苏州,博世汽车专业维修（金港镇店）,13776099446,张家港市中圩路与江海中路交叉口东150米,07:40-17:30
江苏省,苏州,蒸功夫汽车服务部,18021633807,常熟市学前路17号,07:00-23:37
江苏省,苏州,奔帝汽车美容装潢服务部,18962411982,太仓市印溪东路662号,08:00-17:00
江苏省,苏州,博胜汽车服务有限公司,18551111366,太仓市印溪东路662号,08:00-17:00
江苏省,苏州,超人汽车会,18662637793,张家港市中港北路3号,07:55-18:34
江苏省,苏州,米其林（中兴路店）,15962395313,张家港市中兴路红绿灯东10米,07:30-17:30
江苏省,苏州,张家港凯瑞达汽车养护装潢中心,18921997117,张家港市和鑫路和鑫花园社区对面,09:00-18:00
江苏省,苏州,锦鸿汽车维修美容中心,13862319969,常熟市府前路欧德福超市后面,07:30-19:00
江苏省,苏州,翔顺汽车装潢部,18962338536,常熟市梅北路55-19号,09:00-18:00
江苏省,苏州,隆腾汽车美容服务中心,13584418762,张家港市世晨锦苑M16号,08:00-17:00
江苏省,苏州,广东顺发汽车装潢,15051767317,常熟市人民路92号,09:00-18:00
江苏省,苏州,爱尚车汽修美容,13041898060,常熟市通江路26号,09:00-18:00
江苏省,苏州,金标汽车换油服务中心,18550134030,张家港市银苑中路与银苑西路交叉口西50米,09:00-18:00
江苏省,苏州,车百科汽车装潢美容,15301572991,常熟市人民路76-78号,07:00-20:00
江苏省,苏州,玛吉斯轮胎（德成鑫汽车养护服务部）,13913636201,常熟市梅李镇交警中队北100米,07:00-21:00
江苏省,苏州,玛吉斯（新港公路店）,15051504421,太仓市新港中路258号,09:30-16:30
江苏省,苏州,正新轮胎（车之佳汽车养护）,13814994844,常熟市何市公交车站斜对面,09:00-18:00
江苏省,苏州,强盛汽车美容装潢中心,051253290857,太仓市归北路18号,08:00-17:00
江苏省,苏州,小广汽车装饰,13862287123,太仓市郑和路888号,07:30-17:30
