江苏省,苏州,兴隆汽车美容装潢,18913075178,吴江区桃花源大道1076号,09:30-16:30
江苏省,苏州,福祥汽车服务中心,13621577622,吴江区华盛大道326号,07:30-17:30
江苏省,苏州,汽车之家（浔青路店）,15995570215,吴江区浔青路99号,08:00-23:59
江苏省,苏州,爱车族汽车护理养护中心,13913720300,吴江区迎春路3号,08:00-17:00
江苏省,苏州,清风汽车美容装潢,18537716688,吴江区吴越北路6038号,07:00-20:00
江苏省,苏州,德林特（胡万里汽车）,13912735866,吴江区望湖路1577号,07:51-17:30
江苏省,苏州,腾达汽车养护,18112723883,吴江区建中路26号,09:00-18:00
江苏省,苏州,超可依汽车养护中心,18721613221,吴江区頴塘路2470号,07:00-21:00
江苏省,苏州,英领汽车维修服务中心,15150296756,吴江区西二环路761号,08:30-17:30
江苏省,苏州,惠忠汽车养护中心,13951123970,吴江区庙震路642号,08:00-17:00
江苏省,苏州,镇夏洗车场,15050159661,吴中区梅园路镇夏华润超市对面,08:00-17:00
江苏省,苏州,苏州车滋润汽车服务中心,18551185920,吴江区天鸿国际家园15-101室,08:00-17:30
江苏省,苏州,隆昌汽车,13222260868,吴江区南环路1700号,09:00-18:00
江苏省,苏州,财神驾道（舜新南路店）,13862142206,吴江区舜新南路1008号,08:00-18:00
江苏省,苏州,德国马牌(金庭中远汽车修配厂),13358005018,吴中区金庭路75号,07:30-17:00
江苏省,苏州,优科豪马(车之侣汽车修理),18912642230,吴中区洞庭路16号,08:00-17:00
江苏省,苏州,车之恋汽车服务中心（梅堰店）,13913708267,吴江区梅龙路10号,08:00-17:30
江苏省,苏州,友谊汽车养护,18662110828,吴江区晨莺路13号,08:00-18:00
江苏省,苏州,和顺汽修,15050393039,吴江区平运路15号,09:00-18:00
江苏省,苏州,艾姆肯汽车（莺湖路店）,13141876931,吴江区吴江平望镇莺湖路96号（金沙碧浪对面）,09:00-18:00
江苏省,苏州,车杰艺汽车一站式服务,15850038976,吴中区木东路8329号,07:30-17:00
江苏省,苏州,美之瑞养车馆,17775007892,吴中区环镇路西100米,08:00-17:00
江苏省,苏州,张亮汽车维修部,13776145866,吴江区黎里镇汤角集宿区卫生服务站右侧,09:00-18:00
江苏省,苏州,苏州杰尔盛汽车服务有限公司,18915588657,吴中区木东路6018号,08:00-17:00
江苏省,苏州,车饰美汽车装潢美容,13585985912,吴江区中山南路上亿国际汽车城19栋113—116号,08:30-18:00
江苏省,苏州,车玛珂汽车养护中心,18914098748,吴中区横泾街道嘉盛花园1幢101室,07:00-17:00
江苏省,苏州,嘉实多(苏州车壹元汽车服务有限公司),15150205888,吴中区木东路7525号,08:00-17:30
江苏省,苏州,美瑞阁汽车一站式服务,18351636260,吴中区东山大道8号,08:00-17:00
江苏省,苏州,领威（车朋轩汽车美容养护）,13349099556,吴江区庞杨路城南花苑1519号,07:30-19:30
江苏省,苏州,万车港汽修,15591302050,吴江区芦荡路1号,08:00-17:30
江苏省,苏州,宝盛汽车服务有限公司,18913595705,吴中区胥口吉祥路207号,07:00-20:00
江苏省,苏州,新焦点修理厂,18662210073,吴中区胥口茅蓬路968号,08:00-17:00
江苏省,苏州,车享家（苏州花园路店）,051263986831,吴江区松陵镇花园路1832-1836号,09:00-17:30
江苏省,苏州,德国马牌（壹车仆汽车服务连锁）,13913115525,吴中区孙武路601号西南方向70米,08:00-18:00
江苏省,苏州,车洁饰汽车美容会所,13906132506,吴江区笠泽路935号,09:00-18:00
江苏省,苏州,苏州旺山汽修,18651115751,吴中区旺山村路与生态路交叉口东150米,09:00-17:00
江苏省,苏州,APEX（知车坊）,13913715850,吴江区文苑路88号（东恒盛酒店停车场）,08:00-17:30
江苏省,苏州,爱马社汽修,18913509376,虎丘区西华路338号,08:00-18:00
江苏省,苏州,苏旺汽修,15956612881,吴中区旺山村路北150米,08:00-17:00
江苏省,苏州,格灵润滑（以勒车业）,13771685387,吴江区体育路125号,08:00-17:30
江苏省,苏州,爱车驿馆一站式服务中心,15162382120,吴江区交通南路2351号,07:50-19:00
江苏省,苏州,吴江一一汽车维修服务站,13912737373,吴江区临沪东路475号,08:00-17:30
江苏省,苏州,祥瑞汽修（锦安小区）,17712675508,吴江区永康路与锦业路交叉口,08:00-20:00
江苏省,苏州,优科豪马轮胎（浩锦汽车服务）,13732646941,吴中区藏书穹灵路2483号,08:00-17:30
江苏省,苏州,锦湖轮胎(腾飞车业),15190097413,吴中区穹灵路2335号,08:00-17:00
江苏省,苏州,车享家（苏州垂虹路店）,051263969635,吴江区松陵镇花园路2318号27,28#,09:00-17:30
江苏省,苏州,苏州美丽基业汽车维修服务有限公司,13814816113,虎丘区绣品街396号,09:00-18:00
江苏省,苏州,捷腾汽车美容,15962577728,吴江区垂虹路173号,09:00-18:00
江苏省,苏州,靓车一族汽车服务,15995555995,吴江区江兴西路862号,09:00-18:00
江苏省,苏州,驰奔行汽车服务,15995610351,吴江区江兴西路860号,08:00-17:00
江苏省,苏州,车享家（苏州梅石路店）,051263986863,吴江区梅石路1629~1631号,09:00-17:30
江苏省,苏州,威狮轮胎(车福鑫汽车配件店）,13451526634,吴中区姑苏西路129号,08:00-17:00
江苏省,苏州,车亿友一站式汽修,18962119026,吴中区方家桥小区107号,08:00-17:00
江苏省,苏州,苏州梦园汽车维修服务有限公司,18762892248,吴中区孙武路54号,08:00-17:00
江苏省,苏州,舒车堂汽车养护会所,18626157836,吴中区姑苏西路11号,08:00-17:00
江苏省,苏州,汾湖汽车维护有限公司,13004568822,吴江区金厍路238号,08:00-17:00
江苏省,苏州,百汇汽车美容部,18762945650,吴江区江兴西路563号,09:00-18:00
江苏省,苏州,壳牌（明达汽修）,13914058062,吴中区庄马路58号,08:00-17:00
江苏省,苏州,普利司通（于淼轮胎配件有限公司）,13855764248,吴中区庄马路341号,08:00-17:00
江苏省,苏州,小马汽修美容中心,17768012935,吴中区庄马路373号,08:00-17:00
江苏省,苏州,君利来汽车服务有限公司,15950078609,吴中区庄马路287号,08:00-17:00
江苏省,苏州,嘉实多(德奥行汽车一站式服务),13915532334,吴中区庄马路291号,08:00-18:00
江苏省,苏州,玛吉斯轮胎汽车一站式服务,15150144781,吴中区庄马路88号,08:00-17:00
江苏省,苏州,车之居汽车1站式服务,15262519777,吴江区江兴西路400号,08:30-17:30
江苏省,苏州,至达美汽车,15051726798,吴江区运东农贸外22号,08:00-20:00
江苏省,苏州,远顺汽车服务,13771648711,吴江区金厍路572号,09:00-18:00
江苏省,苏州,大拇指汽车生活馆(西塘河路店),18452766208,吴江区西塘河路19号,08:00-18:00
江苏省,苏州,尊卡汽车维修美容,15051597421,吴中区木渎镇明清街12号,08:00-17:00
江苏省,苏州,韦尔斯润滑油（车爵仕一站式服务）,18012650888,吴江区中山北二路777号,09:00-18:00
江苏省,苏州,埃斯(诚盛汽车服务养护中心),15995898227,吴中区香港街3-1号,09:00-17:00
江苏省,苏州,车享家（苏州香港路店）,051268418750,吴中区木渎镇天平村天灵1组陆家村68号,09:00-17:30
江苏省,苏州,壳牌（美丽车仆汽车）,13328000441,吴江区运东大道937号,07:30-20:00
江苏省,苏州,杰维行汽车服务,18550901435,虎丘区东渚镇美田里路2号2幢110室,08:00-18:00
江苏省,苏州,翔龙汽修,18752998148,吴江区新传路488号,08:00-20:00
江苏省,苏州,秋名山汽车美容,13862527182,吴江区新传路439号,08:00-18:00
江苏省,苏州,SMC汽车美容改装,15800782120,吴中区木渎镇梅林路71号宏锋产业园内50米左拐,08:30-18:30
江苏省,苏州,固特异(潇洋汽车服务有限公司),13915500021,吴中区吴山街11-13号,08:00-17:00
江苏省,苏州,鸿达汽车维修,15501612617,虎丘区树园路119号,09:00-18:00
江苏省,苏州,骏逸车业（木渎店）,15062535008,吴中区木渎金山南路47号,09:00-18:00
江苏省,苏州,道达尔（苏州隆晟汽车维修有限公司）,15995712112,吴中区竹园西路98号,08:00-17:00
江苏省,苏州,新奥车业一站式汽车服务,13375195680,吴中区木渎镇竹园路688号(金山石雕艺术有限公司旁边),08:00-18:00
江苏省,苏州,德国马牌（民生汽车维修美容）,13656257162,吴江区227省道4580号,08:00-17:00
江苏省,苏州,固特异（海洋轮胎销售有限公司）,18796804909,吴中区竹园路5号,07:30-20:30
江苏省,苏州,顺德汽车一站式服务,18912734997,吴江区迎燕东路101号,09:00-18:00
江苏省,苏州,上海车居(同里店),13306250081,吴江区迎燕东路66号,09:00-18:00
江苏省,苏州,开心汽车（凯马广场店）,15312183852,吴中区中山东路170号,08:30-17:30
江苏省,苏州,秀车一族汽车养护专家,051266910009,虎丘区科技城科创路20号,09:00-18:00
江苏省,苏州,龙捷快修（影视城店）,0512-66571555,吴中区金山南路288号,09:00-18:00
江苏省,苏州,新奇特车业（竹园路店）,051266299333,吴中区竹园路128号,09:00-18:00
江苏省,苏州,苏城车友汽车俱乐部,18550097938,吴中区珠江路159号,08:20-17:00
江苏省,苏州,炫车坊汽车美容装饰(西湖花苑店）,18914028062,吴江区西湖花苑一区1230号,09:00-18:00
江苏省,苏州,澳托猫汽服(沪苏九站店),15821114286,吴中区木渎镇金枫路与竹园路交叉口西侧中石化加油站内（新华路公交站台后面）,08:00-17:00
江苏省,苏州,车美丽汽车生活馆,18796431113,虎丘区梦之城3层,07:18-19:18
江苏省,苏州,志恒汽车维修部,18094258409,吴中区枫瑞路178号,08:00-17:00
江苏省,苏州,苏州犀友车业,15250429420,吴中区长江路9号长江壹号生活广场负一层,08:00-19:00
江苏省,苏州,车居仕汽车美容装潢,18914070770,吴江区中山北路2608号,08:00-17:00
江苏省,苏州,斯创汽车技术服务(吴中店）,18962194026,吴中区观音山路369号,08:00-19:00
江苏省,苏州,苏捷通汽车服务,15106206508,吴中区田上江路185号,08:00-19:00
江苏省,苏州,公里速（新区店）,13115162800,虎丘区紫金街36号,08:00-18:00
江苏省,苏州,锦湖轮胎(泰洁汽修),15051788377,吴中区蠡昂路274号,08:00-18:00
江苏省,苏州,普利司通（鸿玉汽车配件经营部）,15895525491,吴江区屯村大道59号,09:00-18:00
江苏省,苏州,米其林（友客汽修）,18118159583,吴江区屯村东路加油站对面,09:00-18:00
江苏省,苏州,苏奥汽车维修,15962117768,吴江区清扬路迎春华府向东1000米,08:00-17:00
江苏省,苏州,嘉实多(酷锐汽车服务部),18606252188,虎丘区迎宾路16号,09:00-18:00
江苏省,苏州,加德士(恩典汽车维修中心),13222281549,吴中区兴南路19号,08:00-17:00
江苏省,苏州,车享家（苏州苏蠡路店）,051267079312,吴中区苏蠡路36号,09:00-17:30
江苏省,苏州,旭瑞车业,15850221722,吴中区枫津南路22号2幢,09:00-18:00
江苏省,苏州,新奇特一站式汽车养护中心(枫津店),0512-82283580,吴中区枫津南路22号3幢,09:00-18:00
江苏省,苏州,1999汽车美容装潢,13585361996,吴江区屯村东路358号,07:00-20:00
江苏省,苏州,车享家（苏州世贸运河城店）,051262380108,姑苏区宝带西路1199号1幢101-103室,09:00-17:30
江苏省,苏州,邓禄普（海超汽车）,18912608477,姑苏区太湖西路1188号,08:00-17:00
江苏省,苏州,永翔一站式汽车服务,17388087189,吴中区东吴南路125号,08:00-17:00
江苏省,苏州,龙捷快修（狮山店）,0512-66571500,虎丘区金山路78号,09:00-19:00
江苏省,苏州,壳牌（鑫升祥车业）,18012733338,吴中区天灵路200号1幢,08:00-17:00
江苏省,苏州,车艺族一站式汽车服务连锁,18912797802,虎丘区玉山路80号,09:00-18:00
江苏省,苏州,固特异(航盛一站式服务连锁),13382186988,虎丘区滨河路558号,09:00-18:00
江苏省,苏州,三道汽车连锁(吴中店),13812654999,吴中区东吴南路155-6号,08:00-17:00
江苏省,苏州,壳牌（万佳汽配汽修）,13862102227,吴中区枫津路107号,08:30-17:00
江苏省,苏州,苏州胜宝汽修一站式服务中心,13013897696,吴中区天灵路25号25-4,08:00-17:00
江苏省,苏州,壹车仆汽车服务,15262471650,吴中区花园街40号,08:00-17:00
江苏省,苏州,苏州骏诚车业,18206206939,姑苏区友新路1188号,08:30-18:30
江苏省,苏州,锦宏汽修,13732632707,姑苏区解放西路91号,08:30-17:00
江苏省,苏州,龙捷快修连锁（友新路店）,15950068461,姑苏区友新路1188号,09:00-18:00
江苏省,苏州,烈马骑士汽车养护专家,13739170812,虎丘区长江路511号,08:00-17:30
江苏省,苏州,倍耐力(嘉腾汽车一站式),18913128107,吴中区龙西路98号,08:00-17:30
江苏省,苏州,车享家（苏州云庭路店）,051268225362,姑苏区云庭路3-4-5号,09:00-17:30
江苏省,苏州,正新轮胎（新友汽车服务）,18915553222,姑苏区友新路友联二村85幢104座,08:00-18:00
江苏省,苏州,嘉实多(阿香车一站式汽车服务),13338691453,虎丘区金山路3号,08:30-18:00
江苏省,苏州,骏逸车利捷（新区店）,18012772225,虎丘区鹿山路85号4号楼,09:00-18:00
江苏省,苏州,爱客汽车服务连锁（吴中店）,18913521260,吴中区水香街190号,08:00-17:00
江苏省,苏州,新奇特汽车服务（盘蠡路店）,051282283569,吴中区盘蠡路水香六村19幢,09:00-18:00
江苏省,苏州,骏逸一站式汽车服务（精维店）,18118110810,姑苏区桐泾南路311号,07:40-18:00
江苏省,苏州,韩泰轮胎（康隆汽车维修服务部）,13862575358,姑苏区南环西路651号,09:00-17:30
江苏省,苏州,米其林轮胎（竞驰汽车服务有限公司）,15850214158,吴中区尹中路66号商铺1-103号,08:30-17:00
江苏省,苏州,睿君汽车,15850192526,吴中区东吴北路新苏国际大厦负二楼,09:00-18:00
江苏省,苏州,车享家（苏州长江路店）,051265368875,虎丘区长江路612号,09:00-17:30
江苏省,苏州,道达尔(车迪仕汽车服务中心),18013566739,吴中区郭巷镇彩虹路37号,08:00-17:00
江苏省,苏州,仙奇车业,17712631582,吴中区郭巷彩虹路43号,08:00-17:00
江苏省,苏州,车马驿站汽车服务,18662268617,吴中区文曲路203号,08:00-17:00
江苏省,苏州,壳牌（养车堂一站式服务中心）,13625284172,吴中区文曲路280号,07:30-17:00
江苏省,苏州,乐驾汽车服务有限公司,18118162889,吴中区文曲路232号,08:00-17:00
江苏省,苏州,富鑫汽车一站式服务,15306139566,吴中区吴中东路118号,08:00-17:30
江苏省,苏州,车享家（苏州吴中东路店）,051267074359,吴中区吴中东路119-5号,09:00-17:30
江苏省,苏州,APEX(豪门汽车会所),13915503757,吴中区迎春路174号,08:00-17:00
江苏省,苏州,佳良汽车用品,18012616299,姑苏区西园路767号闻钟苑12幢,09:00-18:00
江苏省,苏州,美孚（威杰汽车服务有限公司）,18118161769,姑苏区金门路小商品市场出口处,08:00-17:00
江苏省,苏州,车享家（苏州南环东路店）,051268556965,姑苏区南环东路869-875号,09:00-17:30
江苏省,苏州,宝雪龙汽车服务中心,18662172355,吴中区吴东路1198号,08:00-17:00
江苏省,苏州,骏逸一站式汽车服务连锁(东环店),17625580629,吴中区吴东路1111号,08:00-17:00
江苏省,苏州,盛唐汽修美容,13776040053,姑苏区南环大街279号正南方向70米,08:00-17:00
江苏省,苏州,苏州锦安汽车一站式服务中心,13405055222,虎丘区运新路15号（鸿基科技园东北门）,08:00-19:00
江苏省,苏州,众驰汽修,15250049149,吴中区纬二路综合保税区A楼背面,08:00-17:00
江苏省,苏州,车艺骏汽车服务,18260116202,姑苏区锦南巷77号（姑苏生鲜南环市场B1层 ）,08:00-18:30
江苏省,苏州,李健汽车快修,15190069722,虎丘区兴贤路阳山花苑一区102幢,08:00-17:00
江苏省,苏州,马上汽车（南门路店）,15850129291,姑苏区南门路851号,08:30-19:00
江苏省,苏州,标龙汽修（新区店）,17371532878,虎丘区长江路858号,08:00-17:30
江苏省,苏州,集结号汽车服务中心,15150424029,虎丘区长江路876号中交名品商务广场3幢107,09:00-18:00
江苏省,苏州,加德士（赣商阳阳汽车服务）,18913159818,姑苏区西环路3108号,07:30-19:00
江苏省,苏州,美仕途汽车生活馆,17729955551,姑苏区虎阜路999号虎丘婚纱B区负1楼b3入口,09:00-18:00
江苏省,苏州,维车仕车业,13862053967,吴中区叠翠峰东门1幢101室,08:00-17:30
江苏省,苏州,三道汽车,18912621921,苏州工业园区东兴路118号星叶广场负一楼,08:00-18:00
江苏省,苏州,有车一族汽车美容装潢店,18915505682,姑苏区南园北路6号,08:30-17:00
江苏省,苏州,龙捷快修(浒关店),18136177100,虎丘区文昌路天玺街负一层,09:00-18:00
江苏省,苏州,80车盟,13915578827,苏州工业园区东方大道双银国际金融城4-1238,08:00-17:00
江苏省,苏州,车享家（苏州东兴路店）,051265152595,苏州工业园区东兴路38号,09:00-17:30
江苏省,苏州,神彩汽车养护中心,15806216013,姑苏区杨枝塘路102号,07:30-18:30
江苏省,苏州,夏园汽车一站式服务（湖岸名家店）,18913606652,苏州工业园区通达路1875-1号,08:00-17:00
江苏省,苏州,邓禄普（靓途批发零售店）,18994313449,相城区迎湖路8号,09:00-18:00
江苏省,苏州,玛吉斯（靓途车业）,18994313449,相城区迎湖路2号,08:15-16:50
江苏省,苏州,龙捷快修（广济店）,13771684881,姑苏区钱万里桥公交首末站,08:00-17:00
江苏省,苏州,鑫宏汽车一站式服务（旗舰店）,13073362262,相城区问渡路12号,09:00-18:00
江苏省,苏州,宝雪龙汽车维修服务公司,17761941563,姑苏区葑门路10号,09:00-18:00
江苏省,苏州,艾车宝汽车维修服务部,13205176642,姑苏区虎殿路与陆步桥街交叉口南100米,07:30-18:30
江苏省,苏州,车驿堂汽车,18061937880,苏州工业园区万科美好广场负一层,10:00-18:00
江苏省,苏州,曼塔汽车服务中心,15365314639,苏州工业园区星湖街218号生物纳米B2负一层,08:00-17:00
江苏省,苏州,车享家（苏州平泷路店）,051267529370,姑苏区平泷路1258号105室,09:00-17:30
江苏省,苏州,加德士（捷驰汽车维修服务）,13013812568,姑苏区平川路锦芳街苏锦一村小区大门口,08:00-18:00
江苏省,苏州,苏州车易润,18362724516,姑苏区平齐路平齐花苑14幢107室,08:00-17:00
江苏省,苏州,马上汽车（贵都服务店）,15250933922,苏州工业园区贵都邻里中心天天向上斜对面,09:00-17:00
江苏省,苏州,美孚（星程汽车美容装潢）,15962256163,姑苏区锦荷街103号,08:30-17:00
江苏省,苏州,长城一站式汽车服务中心,15952403181,苏州工业园区工业技术学校东门,08:00-17:00
江苏省,苏州,马上汽修（惠邻汽车）,13862045218,苏州工业园区斜塘街道车坊东方文荟苑21-109店铺,07:00-18:00
江苏省,苏州,森诚汽车维修服务中心,15250062929,姑苏区齐门外大街313号,08:10-18:30
江苏省,苏州,爱客汽车服务连锁（独墅湖店）,0512-66986900,苏州工业园区若水路1号,08:00-18:00
江苏省,苏州,骏逸车业（园区卡马仕店）,18151092525,苏州工业园区苏慕路117号（湖西派出所旁）,08:00-18:00
江苏省,苏州,壳牌(苏州万福源汽车服务有限公司),15150451577，18896500288,苏州工业园区娄门路86号,08:00-17:00
江苏省,苏州,美车饰汽车一站式服务中心,18912797873,苏州工业园区苏虹西路百合街10号,07:30-18:00
江苏省,苏州,龙捷汽修(繁花店),15950068460,相城区澄湖西路964号繁花中心地下负二楼,09:00-21:00
江苏省,苏州,欧德联一站式汽车服务（相城店）,18606209696,相城区黄桥镇永旺家园东100米,08:00-18:00
江苏省,苏州,嘉实多（馨车航汽车服务部）,15062344305,相城区善济路107号合景峰汇3期,08:00-18:00
江苏省,苏州,车享家（苏州人民路店）,051265866996,相城区人民路与聚贤路交汇处峰汇商务广场3幢124室一层,09:00-17:30
江苏省,苏州,车享家（苏州星湖街店）,051262981961,苏州工业园区星湖街1260-1262号,09:00-17:30
江苏省,苏州,迪奥迪美汽车修理有限公司,15051401855,相城区春申湖西路901号,09:00-18:00
江苏省,苏州,苏州车无忧,15699998849,相城区沈思港路95号,08:00-18:00
江苏省,苏州,苏州车侣汽车服务有限公司,13402699183,相城区荷馨街95号,07:30-18:00
江苏省,苏州,龙捷快修（相城店）,13625270994,相城区齐门北大街71号,08:00-17:00
江苏省,苏州,韦尔斯(名车之旅),13004515468,相城区长旺路97号,09:00-18:00
江苏省,苏州,航盛车业一站式汽车服务连锁,0512-62511555,苏州工业园区东福路45号,09:00-18:00
江苏省,苏州,奇胜汽车一站式服务中心,05126630669,苏州工业园区东富路32号,08:00-18:00
江苏省,苏州,车子佳汽车连锁,13701410469,相城区兴旺路1号,09:00-18:00
江苏省,苏州,加德士（车之杰汽车会所）,15250027413,相城区苏隶方浜加油站向南30米,08:00-18:30
江苏省,苏州,兴塘豪华车专修连锁（园区店）,15370198866,苏州工业园区民生路28号,08:00-17:00
江苏省,苏州,佳诚汽车服务中心,15050409111,相城区元和街道聚元街475号,07:00-19:30
江苏省,苏州,捷美汽车美容,18261894006,相城区齐门北大街1578号,09:00-18:00
江苏省,苏州,朋城汽修,18118449166,苏州工业园区孟下村笛普智慧智慧园,08:00-17:00
江苏省,苏州,名华汽车一站式服务中心,18550086238,相城区齐门北大街1598号,07:30-19:00
江苏省,苏州,道得尔（传胜汽车会所）,15950041757,相城区春申湖中路283号,09:00-18:00
江苏省,苏州,一番车道（苏虹中路店）,18621378956,苏州工业园区苏虹中路399号,09:00-18:00
江苏省,苏州,爱客汽车服务连锁(苏虹路店),051262583303,苏州工业园区苏虹中路399号7幢1号单元,09:00-18:00
江苏省,苏州,宝车仕汽车一站式服务,17625586208,相城区书香路9号,05:00-20:00
江苏省,苏州,车利捷（相城店）,18915556918,相城区华元路99号,07:40-17:30
江苏省,苏州,后浪汽车服务,18962111418,苏州工业园区唯亭葑亭大道678号4号厂房,08:00-17:00
江苏省,苏州,轟众车业一站式汽车服务中心,15250114558,相城区澄云路31号,08:00-17:00
江苏省,苏州,华胜车业连锁（园区店）,13814497940,苏州工业园区苏虹中路45号,08:30-17:00
江苏省,苏州,龙捷汽修（广前店）,17751294225,相城区广前路11号广济医院地下停车负一楼,08:30-17:00
江苏省,苏州,正新轮胎(甪直正新汽车维修部),18506217832,吴中区甪直镇甫澄北路12号甫澄熙岸二期西门,8:00:-17:00
江苏省,苏州,车享家（苏州亭盛街店）,051265914553,苏州工业园区亭盛街65幢101-103号,09:00-17:30
江苏省,苏州,美孚（易加能汽车美容养护）,18118477176,苏州工业园区亭盛街50号唯盛邻里中心负一楼,09:00-19:30
江苏省,苏州,清风车业维修保养中心,15262411197,苏州工业园区胜浦瑞祥商业广场2栋133-135室,08:00-17:30
江苏省,苏州,爱车逸族,18115512325,苏州工业园区星龙街298号,09:00-17:00
江苏省,苏州,美孚（甪捷汽车维修）,13584888145,吴中区甪直镇育才路1号,08:00-17:00
江苏省,苏州,乐语汽车修理厂,18862337020,苏州工业园区唯新路7号,08:30-17:00
江苏省,苏州,德国马牌（宏达汽修一站式）,13656244639,昆山市震阳路88号,09:00-18:00
江苏省,苏州,渡客车业,13913501787,苏州工业园区葑亭大道355号,08:00-17:30
江苏省,苏州,苏皖汽车养护,15995831792,苏州工业园区金陵西路商业街2期,07:00-17:30
江苏省,苏州,矫马(金扳手漕湖维修中心),18550208029,相城区漕湖商业广场4-108号,08:30-17:00
江苏省,苏州,龙捷快修（漕湖店）,0512-65720981,相城区观塘路漕湖邻里中心1楼F144号（西南角）,09:00-18:00
江苏省,苏州,米其林（志诚乐乐汽车一站式服务）,0512-67591767,相城区兴太路22号,08:30-19:00
江苏省,苏州,壳牌（欧泰汽车维修）,18662518831,相城区太平街道开泰路1576号,08:00-18:00
江苏省,苏州,正新轮胎(顺佳轮胎有限公司),13815258572,苏州工业园区金陵东路338号,08:00-17:00
江苏省,苏州,车享家（苏州太东路店）,051265448950,相城区太平街道太东路2号7-103-105,09:00-17:30
江苏省,苏州,车缘点（太平店）,18020597877,相城区太平金澄广场9幢30号,08:00-18:00
江苏省,苏州,车易好汽车维修股份有限公司,18662271958,相城区河东路2-12号,08:10-18:00
江苏省,苏州,路航（车居士汽车服务中心）,17857252655,相城区太平镇富升路3号,08:00-17:00
江苏省,苏州,车艺匠汽修,13776045214,相城区珍珠湖路12号,08:00-18:00
江苏省,苏州,车享家（苏州澄阳路店）,051266834647,相城区渭塘镇澄阳路2588号110室,09:00-17:30
江苏省,苏州,御祥一站式汽车服务,15190152375,昆山市千灯镇南浦东路508号,08:00-20:00
江苏省,苏州,路欧峰（豫北汽车用品店）,15001877862,昆山市炎东路5号,06:30-23:59
江苏省,苏州,车享家（苏州昆山人和路店）,051250151998,昆山市千灯镇人和路225-229号,09:00-17:30
江苏省,苏州,车帝一站式汽车服务,18118173444,昆山市南浦东路154号,09:00-18:00
江苏省,苏州,豪车码头汽车服务中心,18662355269,昆山市名人华城33栋27号,07:30-20:00
江苏省,苏州,帝车会汽车服务中心,15050217638,昆山市千灯镇少卿西路510号,07:00-16:30
江苏省,苏州,玛吉斯（博众汽车美容维修）,18013287746,昆山市南湾路836号,09:00-18:00
江苏省,苏州,嘉实多(小岳汽车服务中心),13218174256,相城区凤北公路与相城大道交叉口北100米,09:00-18:00
江苏省,苏州,车厘子理车（千灯店）,15250200155,昆山市千灯镇少卿路3号3幢,08:00-19:00
江苏省,苏州,普利司通（千灯店）,13584958084,昆山市秦峰花园32号,09:00-18:00
江苏省,苏州,轟众车业（阳澄湖店）,18015655755,相城区凤阳路318号,08:00-17:30
江苏省,苏州,车俊翔汽车美容服务中心,18255679918,昆山市巴城镇通澄向日葵花园81号楼103商铺,07:30-21:00
江苏省,苏州,车享家（苏州昆山前进西路店）,051236910121,昆山市巴城镇通澄花园四期81幢101号,09:00-17:30
江苏省,苏州,壳牌（天使爱车一站式服务）,15895651431,昆山市明澄路257号,07:30-18:30
江苏省,苏州,安耐普养护快修服务中心,18862173918,昆山市巴城镇金澄路279号,09:00-18:00
江苏省,苏州,苏州正车堂汽车服务有限公司,13771935130,相城区凤阳路163号,09:00-18:00
江苏省,苏州,嘉实多（艺车堂一站式汽车服务）,13771892090,相城区凤阳路159号,08:00-18:00
江苏省,苏州,美孚（车品会汽车服务中心）,13912657663,昆山市创业路588号,07:30-18:30
江苏省,苏州,欧德耐汽车生活馆,18917577781,昆山市衡山路288号,08:00-19:00
江苏省,苏州,德骏行,13806268244,昆山市城西民新路1号,08:00-18:00
江苏省,苏州,迪奥车业,18662516555,常熟市辛庄新阳大道65-1号,09:00-18:00
江苏省,苏州,壳牌（车之隆一站式服务中心）,15150468225,昆山市合兴西路189号,07:20-19:00
江苏省,苏州,汽车e族一站式服务,13218175993,常熟市新阳大道57号,09:00-18:00
江苏省,苏州,昆山树德汽车用品有限公司,18912689788,昆山市陆家镇陆丰西路88号建伟国际汽车城7幢24号,08:00-18:00
江苏省,苏州,正新（唐彪汽修美容）,13616268247,昆山市联谊路251号,07:00-22:00
江苏省,苏州,MOTUL(小赵汽车服务),18012661250,昆山市鹿城路605号,09:00-18:00
江苏省,苏州,玛吉斯（晟通车业）,18662549801,昆山市友谊东路001号,09:00-18:00
江苏省,苏州,韩泰轮胎（清风车影）,15151669178,昆山市玉山镇鹿城路750-756号,09:00-18:00
江苏省,苏州,卡诺嘉（爱车一族）,17372615250,昆山市长江南路1164号,08:00-18:00
江苏省,苏州,车享家（苏州昆山庆丰东路店）,051250161686,昆山市庆丰东路345-351号,09:00-17:30
江苏省,苏州,美车有道,13764130773,昆山市春天大道258号20室,07:40-21:00
江苏省,苏州,美车有道(花桥店),18702101455,昆山市春天大道258号20室,08:00-20:00
江苏省,苏州,有途汽车服务部（花园路店）,17712471773,昆山市花园路1915号,09:00-18:00
江苏省,苏州,车之邦一站式汽车服务中心,18602159462,昆山市花园路1731号,08:00-18:30
江苏省,苏州,德国马牌（联浩轮胎商行）,15006267849,昆山市巷浦路1号,09:00-18:00
江苏省,苏州,苏雄汽车服务部,18626248753,昆山市景王路33号,08:00-19:00
江苏省,苏州,道得尔（艺荣车臣汽车养护中心）,15921780163,昆山市商银路1255号,08:00-20:00
江苏省,苏州,车艺驰车体极致护理,15155761823,昆山市花桥镇绿地大道双联国际1幢,08:00-18:00
江苏省,苏州,牛牛车坊,15221616818,昆山市商银路1255号6栋001（双联国际商务中心）,09:00-18:00
江苏省,苏州,海睿汽修服务中心,17501429325,昆山市玉山镇昆太路686号,07:00-19:00
江苏省,苏州,舒车堂汽车服务连锁,18118176295,昆山市富士康路1183号,09:00-18:00
江苏省,苏州,车厘子理车,17712473607,昆山市前进东路1008号,07:30-18:00
江苏省,苏州,车感觉汽车维修养护,19951267427,昆山市花安路430号,08:00-18:00
江苏省,苏州,懂车帝汽车保养维修中心,13245057777,昆山市横泾路与昆太路交叉口,08:00-18:00
江苏省,苏州,车享家（苏州昆山春晖路店）,051236691320,昆山市周市镇春晖路611号一层部分商铺、613号一层部分商铺,09:00-17:30
江苏省,苏州,昆山鸿隆汽车服务有限公司,13052889488,昆山市昆嘉路341号,08:20-18:00
江苏省,苏州,车享家（苏州昆山金浦路店）,051257995286,昆山市周市镇金浦路344号,09:00-17:30
江苏省,苏州,米其林（安通轮胎）,15906516973,昆山市青阳北路168号,08:00-18:00
江苏省,苏州,尚美汽车一站式服务,15162679275,昆山市白塔路黄金海岸西门,09:00-18:00
江苏省,苏州,洁美汽车养护中心,15298832699,常熟市东升路33号,05:00-23:00
江苏省,苏州,宝捷龙车业,17312670655,昆山市萧林东路1258号,08:00-18:30
江苏省,苏州,壳牌（广顺汽车服务部）,13773020377,常熟市练塘大道16号,07:00-20:00
江苏省,苏州,玛吉斯（天文路店）,13817469661,昆山市天文路20号,07:30-17:00
江苏省,苏州,养车坊汽车服务中心（华寓路店）,13584993260,昆山市华寓路与石鑫路交口东行50米路北（环湖佳苑1号楼）,07:30-18:00
江苏省,苏州,茂林汽修,15062666041,昆山市华寓路与石鑫路交口东行50米路北（环湖佳苑1号楼）,07:00-20:00
江苏省,苏州,路欧峰（小蒋汽车美容）,18112757505,常熟市尚湖大道工商银行旁,09:00-18:00
江苏省,苏州,快捷汽车服务,18361997311,昆山市蓬溪北路882号,07:00-18:00
江苏省,苏州,华云汽车服务中心,13584900236,昆山市蓬莱路53号,06:00-23:59
江苏省,苏州,恒源汽修一站式服务,18914978690,昆山市益伸路489号,09:00-18:00
江苏省,苏州,车享家（苏州常熟汇金一路店）,051252179130,常熟市湖山路333号同济科技广场2号楼114-116室,09:00-17:30
江苏省,苏州,嘉实多（昆山至尊汽车服务）,18068074772,昆山市周新路与永工路交叉口西南150米,08:00-18:00
江苏省,苏州,勇顺汽车服务部,15962483177,常熟市三塘路234号,07:00-18:30
江苏省,苏州,枫林汽车,13372127333,常熟市枫林路205号,09:00-18:00
江苏省,苏州,养车堡汽车养护中心,13915584237,常熟市琴湖广场五号楼121号,08:30-17:00
江苏省,苏州,固特异轮胎（太仓启驾汽车）,15051632161,太仓市东古路2号,07:30-18:30
江苏省,苏州,速锐汽修服务部,15895563011,太仓市东古路2-28号,08:00-18:30
江苏省,苏州,韦尔斯（路路通汽车美容装饰中心）,15851519694,常熟市琴湖路268号,09:00-18:00
江苏省,苏州,欧帕斯（靓车点汽车装饰）,13814583489,太仓市长春南路12号,07:30-17:30
江苏省,苏州,邓禄普轮胎（富康汽车美容装潢）,13962498245,常熟市富康路16号,09:00-18:00
江苏省,苏州,车友汇汽车一站式服务,15161592401,太仓市上海西路53号,08:30-17:30
江苏省,苏州,壳牌(甬江汽车维修养护中心),13773027463,常熟市甬江路20号,09:00-18:00
江苏省,苏州,畅速汽车养护中心,18796893073,太仓市长春北路9-2号,08:00-17:00
江苏省,苏州,车享家（苏州常熟黄河路店）,051252832163,常熟市黄河路777号佳和商业中心5幢103号,09:00-17:30
江苏省,苏州,欧罗来（新感觉汽车）,18550029720,常熟市珠江路168号,09:00-18:00
江苏省,苏州,鑫顺汽车美容装潢中心,18151575556,常熟市李闸路395-1号,09:00-18:00
江苏省,苏州,菱威汽车服务有限公司,18962329199,常熟市文学街722号,08:00-17:00
江苏省,苏州,诚力好先生,13306223753,太仓市人民北路30号,08:00-18:30
江苏省,苏州,车享家（苏州常熟珠江东路店）,051252416231,常熟市珠江东路世贸世纪中心-创富世纪3幢103-104号,09:00-17:30
江苏省,苏州,洗车人家（锦州路口店）,13862295812,太仓市朝阳路锦州路口,08:00-17:00
江苏省,苏州,德国马牌（宁鸿汽车）,15962494699,常熟市文学街与金源路交叉口,09:00-18:00
江苏省,苏州,百隆汽车一站式服务,15051661331,太仓市朝阳东路22号,08:00-18:00
江苏省,苏州,爱车计划服务连锁,18552019669,太仓市太平北路66号,08:30-17:30
江苏省,苏州,雷霆车友,15150379771,常熟市勤丰路53号,09:00-18:00
江苏省,苏州,航顺达汽车美容,15851560763,常熟市古里镇政府斜对面,07:30-18:00
江苏省,苏州,邓禄普（凤凰车浩饰洗车行）,15366261338,张家港市凤凰路40-15号,07:00-20:00
江苏省,苏州,思家车汽修,18795490582,太仓市郑和中路万鸿塞纳丽舍21号楼,08:00-17:00
江苏省,苏州,凯特一站式服务中心,15162569486,常熟市老街静海路老街一期南门对面,06:30-19:00
江苏省,苏州,车享家（苏州太仓滨河东路店）,051253577235,太仓市滨河路168-34号,09:00-17:30
江苏省,苏州,车享家（苏州太仓郑和中路店）,051253201013,太仓市郑和中路376号塞纳丽舍20幢8号一层,09:00-17:30
江苏省,苏州,胜华车业有限公司一站式服务,15051497719,常熟市常浒路2888号,08:00-20:00
江苏省,苏州,卡卡爱车俱乐部,13182682112,太仓市郑和中路65号,08:00-17:00
江苏省,苏州,精诚汽车养护中心,15861633165,张家港市凤凰镇栏杆桥100号,07:00-20:00
江苏省,苏州,睿洗超级中心,051253978237,太仓市天津路100号,08:10-16:30
江苏省,苏州,东昇杰汽车美容装潢,15851625235,张家港市吴湖路1号,07:00-18:00
江苏省,苏州,爱车地带汽车维修一站式服务,15962332863,常熟市常浒公路32号（大虹桥警务室旁）,07:00-18:00
江苏省,苏州,嘉途汽车服务,17712692213,太仓市常胜北路50号,07:30-20:00
江苏省,苏州,浩羽汽车养护,13862227872,张家港市东区大道与汤联路交叉口西150米,08:30-16:30
江苏省,苏州,鸿安汽车养护中心,15666902928,太仓市常胜北路50号1幢101室,08:00-17:00
江苏省,苏州,168汽车俱乐部旗舰店,13773269606,张家港市金港大道338号,09:00-18:00
江苏省,苏州,德国马牌（宝驰汽车服务有限公司）,15021153789,张家港市金谷路1号,07:10-20:00
江苏省,苏州,锦源汽车维修养护中心,13665185307,张家港市凤凰镇西张西秒路金谷小区九栋105,09:00-18:00
江苏省,苏州,车护士汽车美容装潢（金港镇）,15358896445,张家港市江海南路39号,09:00-18:00
江苏省,苏州,车仕多汽车一站式服务,13338027125,常熟市西环路2号108室,07:30-23:59
江苏省,苏州,金典汽车美容装饰服务部,18962286736,张家港市馨苑路61-63号,09:00-18:00
江苏省,苏州,车享家（苏州张家港馨苑路店）,051256900019,张家港市杨舍镇湖东花苑房号7幢-M5,09:00-17:30
江苏省,苏州,宣路达汽车一站式服务,15995590922,太仓市板桥路113号,07:00-19:00
江苏省,苏州,骆驼蓄电池(云修连锁汽车服务中心）,15298806695,张家港市文星南路后塍新塍小区大门口,09:00-18:00
江苏省,苏州,车管家汽车装饰服务部,17351256787,张家港市东山南路68号,07:00-23:00
江苏省,苏州,美车堂(小菜巷路店),15851666181,张家港市小菜巷路25号,08:00-17:00
江苏省,苏州,快乐洗车中心（浦家湾弄店）,18013615767,张家港市浦家湾弄15号,07:00-17:00
江苏省,苏州,龙捷快修（客运站店）,17751191811,张家港市华昌南路3号,09:00-18:00
江苏省,苏州,优科豪马（天涯汽车美容装饰）,18118113315,张家港市河西南路95号,07:00-19:30
江苏省,苏州,壳牌（零距离车饰）,15371881803,常熟市香州路15号,08:00-18:00
江苏省,苏州,车享家（苏州张家港东环路店）,051258261196,张家港市东环路皇家首座23-27号,09:00-17:30
江苏省,苏州,诚辉汽车换油服务中心,18114592311,张家港市水站陆家巷37号,08:30-18:00
江苏省,苏州,车享家（苏州张家港南苑东路店）,051258261192,张家港市南苑东路29号帝景豪园南门10栋35号,09:00-17:30
江苏省,苏州,阿特拉斯轮胎（建宏汽车）,13262988855,张家港市港城大道182号,09:00-18:00
江苏省,苏州,运恒汽车生活馆,15206224447,太仓市沙溪镇印溪南路,08:00-18:30
江苏省,苏州,酷车汇汽车服务部（沙溪店）,13771161351,太仓市沙南西路98号,08:00-19:00
江苏省,苏州,车臣汽车美容养护中心,18626221265,太仓市中市东路东方雅苑6-1号,08:00-17:00
江苏省,苏州,美泊莱汽车维修服务中心,18021640935,张家港市天台南路156号,07:30-19:00
江苏省,苏州,百援汽车连锁服务中心,18915672868,张家港市黄泗浦西路137号,06:00-18:00
江苏省,苏州,途马汽车养护中心,15151515883,张家港市蟠港南路49号,07:00-20:00
江苏省,苏州,玛吉斯（车之恋换油养护服务有限公司）,18605120494,张家港市敬安路8号,08:00-17:00
江苏省,苏州,光明汽修,13962235101,张家港市蒋乘路28号,07:30-18:00
江苏省,苏州,博世汽车专业维修（金港镇店）,13776099446,张家港市中圩路与江海中路交叉口东150米,07:40-17:30
江苏省,苏州,蒸功夫汽车服务部,18021633807,常熟市学前路17号,07:00-23:37
江苏省,苏州,奔帝汽车美容装潢服务部,18962411982,太仓市印溪东路662号,08:00-17:00
江苏省,苏州,博胜汽车服务有限公司,18551111366,太仓市印溪东路662号,08:00-17:00
江苏省,苏州,超人汽车会,18662637793,张家港市中港北路3号,07:55-18:34
江苏省,苏州,米其林（中兴路店）,15962395313,张家港市中兴路红绿灯东10米,07:30-17:30
江苏省,苏州,张家港凯瑞达汽车养护装潢中心,18921997117,张家港市和鑫路和鑫花园社区对面,09:00-18:00
江苏省,苏州,锦鸿汽车维修美容中心,13862319969,常熟市府前路欧德福超市后面,07:30-19:00
江苏省,苏州,翔顺汽车装潢部,18962338536,常熟市梅北路55-19号,09:00-18:00
江苏省,苏州,隆腾汽车美容服务中心,13584418762,张家港市世晨锦苑M16号,08:00-17:00
江苏省,苏州,广东顺发汽车装潢,15051767317,常熟市人民路92号,09:00-18:00
江苏省,苏州,爱尚车汽修美容,13041898060,常熟市通江路26号,09:00-18:00
江苏省,苏州,金标汽车换油服务中心,18550134030,张家港市银苑中路与银苑西路交叉口西50米,09:00-18:00
江苏省,苏州,车百科汽车装潢美容,15301572991,常熟市人民路76-78号,07:00-20:00
江苏省,苏州,玛吉斯轮胎（德成鑫汽车养护服务部）,13913636201,常熟市梅李镇交警中队北100米,07:00-21:00
江苏省,苏州,玛吉斯（新港公路店）,15051504421,太仓市新港中路258号,09:30-16:30
江苏省,苏州,正新轮胎（车之佳汽车养护）,13814994844,常熟市何市公交车站斜对面,09:00-18:00
江苏省,苏州,强盛汽车美容装潢中心,051253290857,太仓市归北路18号,08:00-17:00
江苏省,苏州,小广汽车装饰,13862287123,太仓市郑和路888号,07:30-17:30
江苏省,苏州,爱车宝汽修,13651702262,太仓市郑和东路88-4号,06:00-18:00
江苏省,苏州,牌楼汽车美容生活馆,15150317172,太仓市浏双线117号,07:00-18:00
江苏省,苏州,财神驾道（小广东车饰）,13814911202,常熟市新溪路38号,09:00-18:00
江苏省,苏州,泉鑫汽车养护,16605204619,张家港市新联花苑37幢26-27号,07:40-18:00
江苏省,苏州,通达汽车维修汽配,15150202046,张家港市杨锦公路56号,06:00-23:00
江苏省,苏州,美邦汽车,15250365076,张家港市府前路阳光家园北门M03号,08:00-18:00
江苏省,苏州,益思特汽车服务中心,17625396290,张家港市府前路富华佳园2-30号 ,08:00-18:30
江苏省,苏州,永通汽修汽配,13952420755,太仓市龙江路大转盘向北200米路东侧,08:00-17:00
江苏省,苏州,车世界美容会所（璜泾店）,17351717802,太仓市璜泾沙鹿路新华侨,08:00-17:00
江苏省,苏州,红壹佰汽车美容装饰,18013778500,太仓市璜泾镇荣文路与永乐环路交叉路口东一百米,08:00-17:00
江苏省,苏州,小鲍汽车美容中心,13196614801,太仓市荣文路幼儿园向东400米,07:00-19:00
江苏省,苏州,捷豪汽修,13776286977,太仓市新港东路上海春天小区靠东,08:00-17:00
江苏省,苏州,亿佳汽车美容装饰,13913689903,太仓市棉北路108号,05:30-20:00
江苏省,苏州,晶秀汽车维修服务中心,13814580768,太仓市和平路南天主题酒店南100米,08:00-17:00
江苏省,苏州,闸北汽车美容装潢,15580853631,太仓市中兴街54号,09:00-17:00
江苏省,苏州,青中汽车美容装潢部,13962458158,张家港市乐兴南路星辰花苑9幢98号,09:00-18:00
江苏省,苏州,盛达汽车换油中心,18913616196,张家港市华润路2号（金鹿集团正大门斜对面）,09:00-18:00
江苏省,苏州,洗车人家汽车服务（江海汇店）,15995995052,张家港市永新路与青年路交叉口（锦都中央广场1幢）,08:03-18:03
江苏省,苏州,车享家（苏州张家港永新路店）,051256956833,张家港市锦丰镇锦苑1幢104~107室,09:00-17:30
