路易通汽车美容,02376666120,重庆,秀山土家族苗族自治县中和镇石莲路75号,09:00-18:00,
摩特（优洗汽车养护会所）,15320939876,重庆,秀山土家族苗族自治县秀山县中和街道武陵西路（青田酒店旁),08:00-19:00,
美达汽贸售后服务中心,13996932587,重庆,秀山土家族苗族自治县秀山县中和街道物流园区武陵汽博中心A4-1号,09:00-18:00,
万弘名车,02376886777,重庆,秀山土家族苗族自治县中和街道物流园区武陵汽博中心b2105,09:00-18:00,
亚欧汽贸,15095985083,重庆,秀山土家族苗族自治县物流园区武陵汽博中心B3栋1-1号,08:30-17:30,
中原一站汽车用品服务中心,15025751778,重庆,酉阳土家族苗族自治县城南何家坝路131号,09:00-18:00,
腾达汽车,18659093905,重庆,酉阳土家族苗族自治县城北酉兴路60号（质监局背后）,09:00-18:00,
车之翼普利司通轮胎（酉阳店）,19942287233,重庆,酉阳土家族苗族自治县酉阳县桃花源街道桃花源大道北路10号4幢1楼8号,09:00-18:00,
车之翼（黔江店）,023-79251444,重庆,黔江区河滨南路东段9号（江畔人家C幢）,09:00-18:00,
超立方汽车美容养护中心,13648250593,重庆,黔江区城西街道城西四路9号,09:00-18:00,
重庆市黔江区渝黔轮胎城,023-79244600,重庆,黔江区迎宾一路58号,09:00-18:00,
玫瑰湾唯美汽车美容,15025717788,重庆,黔江区城西街道石峡路9号,08:00-20:00,
洗乐汇汽车养护会所,13648268880,重庆,黔江区城西街道洞塘居委二组迎宾大道20号,09:00-18:00,
特福莱全球汽车连锁服务中心（彭水店）,18896168131,重庆,彭水苗族土家族自治县彭水县沙沱社区街道5号（顺通驾校对面）,09:00-18:00,
正鑫天煌汽车音响改装,15025605777,重庆,彭水苗族土家族自治县彭水县沱街6号,09:00-18:00,
爱车E无忧,15310211892,重庆,彭水苗族土家族自治县彭水县关口街道（黄角树对面）,09:00-18:00,
佳美汽车美容养护中心,13320399959,重庆,彭水苗族土家族自治县彭水县人民医院对面,07:00-19:00,
城北汽车美容装饰,17729621124,重庆,彭水苗族土家族自治县彭水县汉葭街道文庙居委（城北停车场内）,09:00-18:00,
鸿枫汽车美容中心,13527497789,重庆,彭水苗族土家族自治县彭水县外河坝67号,09:00-18:00,
邓禄普轮胎（陈军汽车美容养护中心）,18580555234,重庆,彭水苗族土家族自治县保家镇鹿山居委3组179号,08:00-20:00,
工匠快捷补漆汽车美容全国连锁,15025697555,重庆,武隆区滨江路廊桥水岸计生委斜对面,07:30-19:30,
方圆汽车美容服务中心,15123689743,重庆,南川区北环路53号,07:30-20:00,
国能天街骏车汇汽车美容中心,13509426779,重庆,綦江区万盛松林路111号负3号,09:00-18:00,
圣捷汽车美容,13808302935,重庆,綦江区万盛区万东北路42号,09:00-18:00,
明珠汽车养护中心（南川店）,18996868198,重庆,南川区南城街道办事处林堡居委东城明珠B区90号,09:00-18:00,
顺风汽车服务中心（南川店）,13996233769,重庆,南川区南城街道办事处林堡7组15号,09:00-18:00,
喜车王二分店,02371991331,重庆,南川区东城街道办事处金山丽苑B区15号,07:30-22:00,
米其林轮胎服务（南川店）,18623251919,重庆,南川区三环路火车站对面环保局旁,09:00-18:00,
爱车之家汽车美容中心（万盛店）,15803637205,重庆,璧山区万盛南桐大道99号,08:00-19:00,
靓车地带汽车美容养护中心,19923158118,重庆,南川区金山大道17号8幢5门市,08:00-19:00,
喜车王一分店,02371678167,重庆,南川区东城街道花山西路66号,09:00-18:00,
百芳汽车服务,13996382167,重庆,南川区东城街道北郊居委四组北环路27号,09:00-18:00,
左聚NO.168汽车服务中心,17708369994,重庆,南川区温莎公馆3幢4-7号,08:00-18:00,
车呱呱汽车美容快修,18325032503,重庆,南川区东城街道北郊居委三组南涪路379号,08:00-19:00,
靓车洁（南川店）,13720865989,重庆,南川区西城街道办事处龙济路12号附1-3号,08:00-18:30,
久久汽车养护中心,13983590995,重庆,南川区西川街道办事处博翔誉峰15幢3-6号,09:00-18:00,
集信能源,18908273107,重庆,石柱土家族自治县石柱西互通南50米（甑子坪加油站内）,08:00-18:30,
众维汽车美容养护中心,15523960777,重庆,石柱土家族自治县红井路74号,07:30-19:00,
驰途汽车养护中心,02373369298,重庆,石柱土家族自治县红井路37号门面（粼江峰景一号门对面）,09:00-18:00,
杰友汽车美容服务有限公司,18225383909,重庆,石柱土家族自治县南宾镇城南路7号附22号,09:00-18:00,
新雅汽车美容服务,13452203354,重庆,石柱土家族自治县城南路7号附25号,09:00-18:00,
智维汽车维修服务中心,023-73321111,重庆,石柱土家族自治县南宾镇街道城北路62号,09:00-18:00,
畅行汽车美容养护会所,15223855966,重庆,丰都县三合街道体育场车库B区,09:00-18:00,
名宇汽车装饰美容中心,18723875886,重庆,丰都县三合街道滨江东路228号,09:00-18:00,
波仕卡,13706671698,重庆,丰都县三合街道滨江西路综合停车楼由西向东3-4商铺,09:00-18:00,
博友快车道,18696909555，18225230066,重庆,丰都县三合街道平都大道西段384号附3号,09:00-18:00,
瑞驰汽车美容装饰中心,15826224222,重庆,丰都县三合镇平都大道西段384号,09:00-18:00,
三沃（禄弘汽车服务有限公司）,18183191222,重庆,綦江区通惠大道32号,08:00-18:00,
車爵仕汽车美容装饰养护服务,18983202306,重庆,璧山区滨河大道13号,09:00-18:00,
豪飞汽车美容店,15320516397,重庆,綦江区古南街道沱湾8号,09:00-18:00,
碧湾汽车服务中心,13637725925,重庆,綦江区文龙街道孟家院社区龙角路37号附5-10号,08:00-18:00,
车爵仕（文龙街道店）,17783698818,重庆,綦江区文龙街道8号,08:00-18:30,
洗车人家（建陶一路店）,15826290303,重庆,涪陵区江东街道建陶一路66号附5号,09:00-18:00,
巫山亨佳利汽车服务中心,18983526000,重庆,巫山县高唐街道宁江路555号,09:00-18:00,
宏泰汽车修理厂,17708390833,重庆,巫山县望霞路405号,09:00-18:00,
河南车之友汽车美容装饰中心,15736587057,重庆,綦江区文龙街道渝南市场B区农贸市场45号门面,09:00-18:00,
121汽车养护基地,13883758293,重庆,綦江区百玉街东70米阳光奥韵后门(大电杆),09:00-18:00,
车之友汽车美容中心,18523911366,重庆,綦江区古南街道中山路7号,09:00-18:00,
峻瑞汽车维修服务中心,13896508622,重庆,涪陵区顺园路29号（顺江花园下行农机局楼下）,08:00-18:00,
特福来汽车美容中心,18580186016,重庆,綦江区綦河春北渡鱼（金福花园店）西,09:00-18:00,
特福莱（望江路店）,13709497728,重庆,涪陵区望江路6号1幢负1-2号,09:00-18:00,
小拇指（涪陵店）,023-72226777,重庆,涪陵区顺江大道大塘新村（行政审批中心上行100米）,09:00-18:00,
鑫港汽车服务,13983311611,重庆,涪陵区太极大道28号星辰花园A幢负3-1,09:00-18:00,
盛迪思汽车服务中心,18523607952,重庆,涪陵区太极大道44号负2-5号,09:00-18:00,
车水马龙汽车美容（涪陵店）,13896640930,重庆,涪陵区兴华中路53号附1号,09:00-18:00,
特福莱（易家坝广场店）,17783328186,重庆,涪陵区易家坝广场环路14号,09:00-18:00,
爱车坊专业汽车美容,15310103041,重庆,涪陵区滨江大道二段8号香江豪庭4号楼,09:00-18:00,
盛洁隆汽车美容中心,15023549765,重庆,涪陵区滨江大道二段19号,09:00-18:00,
鑫驰汽车美容中心,15802350372,重庆,涪陵区松翠路口(环保局旁),09:00-18:00,
惠璨汽车服务,13038303257,重庆,涪陵区兴华西路报社招呼站海源大厦负一楼,09:00-18:00,
韩泰轮胎（荣耀汽车美容部）,13896810981,重庆,涪陵区黎海路8号(财政小区下行30米),07:00-18:00,
韵音改,18182255900,重庆,涪陵区百花路15号,08:00-20:00,
洗车人家(滨江大道店),15823699261,重庆,涪陵区滨江大道二段208号附50号,08:00-19:00,
茗汇坊汽车美容,18996815908,重庆,涪陵区滨江大道二段208号附12号,09:00-18:00,
洗车精洗车饰精品保险超市,17764801769,重庆,万州区龙驹镇川鄂街194号,09:00-18:00,
全洪汽车,023-85996333,重庆,奉节县鱼复街道三峡风负7楼2号门市,09:00-18:00,
旭恒名车,18996629997,重庆,奉节县永安街道诗仙西路426号,09:00-18:00,
鑫源汽车美容中心（江津蔡家店）,18716467068,重庆,江津区蔡家镇文昌村加油站左侧100米,09:00-18:00,
大拇哥汽车装饰美容,13658400600,重庆,涪陵区李渡新区奥体中央公园（马鞍体育场正对面）,09:00-18:00,
快车道汽车俱乐部,18223688658,重庆,忠县忠州镇大桥路19号附18号,09:00-18:00,
忠县红港汽车,17783676811,重庆,忠县乐天路3号,09:00-18:00,
名凯汽车,18512346721,重庆,涪陵区新城区和平社区太白大道21号（职教中心博习楼沿街2-14门面）,09:00-18:00,
顺成汽车服务,18523289855,重庆,忠县忠州街道果园路82号G5栋B单元4-7号,09:00-18:00,
鸿博汽车美容,13896983916,重庆,忠县中博大道40号附6号,09:00-18:00,
万鑫洗车美容中心,18996484200,重庆,巴南区东泉镇东泉正街38号（小瓦房旁）,09:00-18:00,
木洞老同学,13627632600,重庆,巴南区木洞镇保安村三峭湾组170号,09:00-18:00,
美之洁汽车服务一站式,17323964681,重庆,巴南区木洞镇新建路494号,08:00-19:00,
车友汽车养护中心,15730066086,重庆,巴南区惠民镇沙井村五合湾组75号,09:00-18:00,
李亮汽车美容装饰中心,18083002220,重庆,巴南区木洞镇小河边95号,09:00-18:00,
昊驰汽车养护中心,18683939520,重庆,巴南区木洞镇麻柳大道313号附1号,09:00-18:00,
嘉浚汽车养护中心,15213289199,重庆,巴南区界石镇东城大道1894号,08:00-18:30,
长城润滑油（永恒汽车美容养护中心）,15320551503,重庆,巴南区界石镇界南街101号附6-1号,09:00-18:00,
佳通轮胎（奔翔汽车美容中心）,13883160412,重庆,长寿区江南大道151号,09:00-18:00,
小宋换油中心,13883058086,重庆,南岸区迎龙镇蹇家边村公交站向左100米,07:20-19:59,
蓝钻汽车维修连锁（龙洲湾店）,15178843706,重庆,巴南区龙洲湾协信星澜汇72号附6号,09:00-18:00,
车保姆汽车美容店,18983668797,重庆,长寿区文苑南路4号12幢1-6（清明上河坊可驭汽车对面),08:00-19:00,
峰驰汽车俱乐部,15923339066,重庆,长寿区文苑南路2号5幢1-14,09:00-18:00,
越达汽车美容中心,18323883822,重庆,长寿区凤城长寿路1号,09:00-18:00,
千氏汽车养护服务中心,13436081379,重庆,长寿区文苑大道5号,08:00-19:00,
龍腾汽车养护馆一站式服务专家,18523892071,重庆,巴南区鱼胡路一单元25号,09:00-18:00,
固特异轮胎（美车坊汽车养护会所）,15808019288,重庆,长寿区文苑大道5号附15号,09:00-18:00,
陆陆汽修一站式服务（长寿分店）,15023532398,重庆,长寿区文苑大道5号附19号,09:00-18:00,
佳燕汽车美容,15823912985,重庆,长寿区凤城街道平湖路8号,08:00-18:00,
爱车一族汽车美容中心（万州店）,13896912062,重庆,万州区龙沙镇龙沙中路2号,09:00-18:00,
泰兴汽车,17782318131,重庆,巴南区龙洲大道10号17栋2层,09:00-18:00,
爱尚汽车美容馆,13399848826,重庆,南岸区香溪路3号,08:00-19:00,
玖168汽车生活馆（龙州湾店）,02366235577,重庆,巴南区龙洲大道10号附19号（风花树小区车库旁）,09:00-18:00,
腾飞汽车美容服务中心,15223283589,重庆,长寿区平湖路8栋20号,09:00-18:00,
卡丽洁汽车美容,15320535225,重庆,巴南区金竹工业园区3号（上城时代后门斜对面）,07:30-20:00,
长荣汽车美容服务中心,023-62641655,重庆,南岸区长生桥河街51号（长荣驾校）,09:00-18:00,
炫酷汽车美容养护中心,17784430101,重庆,万州区天台路259号,07:30-18:15,
纽卡汽车生活馆,02385788788,重庆,万州区百安大道125号,09:00-18:00,
佰安汽车美容养护中心,18223715809,重庆,万州区百安大道124号,09:00-18:00,
重庆市茂达汽车修理厂,023-66231548,重庆,巴南区鱼洞箭河路87号,09:00-18:00,
靓车居汽车美容,19923693799,重庆,南岸区茶园新区同景路10号附18号,08:00-19:30,
迪港汽车生活馆（巴南店）,13500394458,重庆,巴南区龙州大道38号附8号,08:00-19:00,
靓车坊汽车美容中心（万州店）,02358596101,重庆,万州区五桥百安坝千口岩9号,08:00-18:00,
倍耐力轮胎（金洁汽车服务中心）,023-66216995,重庆,巴南区下河路2号交易厅1楼（竹木市场）,09:00-18:00,
东弘汽修,17783591680,重庆,长寿区桃源支路2号1幢1-5号,09:00-18:00,
车之洁汽车一站式服务,13308396111,重庆,巴南区鱼洞街道巴县大道83号附4号,08:00-18:40,
瑞爵车务（巴南店）,18166591015,重庆,巴南区龙洲大道99号附37-39号,09:00-18:00,
德国马牌（南渝汽车维修）,13983624563,重庆,巴南区鱼洞石子坪256号附14号,08:00-20:00,
展洁汽车美容中心,13452119084,重庆,南岸区广福大道17附13号,09:00-18:00,
靓之靓汽车美容护理中心,13650594345,重庆,巴南区鱼洞莲花社区石子坪261号附10号,07:30-19:00,
凯丽斯汽车美容装饰中心,13637991647,重庆,巴南区龙德路37号,07:30-19:30,
品派汽车空中养护会馆,13368195585,重庆,巴南区龙洲大道106号,09:00-18:00,
梅特莱斯汽车美容养护中心（云阳店）,18523157299,重庆,云阳县民德路2号,09:00-18:00,
豪园汽车美容中心,18623612005,重庆,云阳县青龙街道民德路2号,07:00-18:30,
玛吉斯（长合汽车服务中心）,18696504668,重庆,江津区珞璜镇长合村联建房5号楼A幢8号,09:00-18:00,
巴南小兵汽车维护,13372688556,重庆,巴南区鱼洞江滨路30号13幢1楼12-15门面,07:30-19:00,
呈朋汽车美容中心,15023831666,重庆,长寿区菩提街道菩提大道8号15幢1层,09:00-18:00,
和煦汽车维修中心,15922554074,重庆,江北区鱼嘴镇和煦路30号,09:00-18:00,
马立可汽车中心（长寿店）,18983119491,重庆,长寿区菩提街道菩提大道8号19幢负一层,08:30-18:00,
邓禄普轮胎（渝南店）,13658316471,重庆,巴南区渝南大道123号附1-2号,09:00-18:00,
诚奥汽车维修服务中心,023-40589966,重庆,长寿区卫古路陵园村九组8号,09:00-18:00,
赢峰汽车维修服务中心,18723467166,重庆,巴南区渝南大道118号7幢附28号,08:30-18:30,
车途养车互联网养车连锁（稻香店）,15320658078,重庆,云阳县双江街道稻香路68号C栋商业用房1层,08:30-19:00,
驰加汽车（云阳店）,02355185919,重庆,云阳县望江大道986-988号,09:00-18:00,
橡果国际润滑油（家亿汽车美容养护中心）,13629757648,重庆,巴南区渝南大道62号（汽车超市斜对面）,09:00-18:00,
嘉实多（禾田汽车美容）,13637856968,重庆,巴南区花溪街道红光大道19号附60号,07:45-19:30,
车来车往汽车美容,18696885121,重庆,云阳县双江街道云江大道1635号,07:30-18:00,
林英专业洗车,13628230770,重庆,万州区金泉路2号,09:00-18:00,
川源汽车美容国际连锁,13908350155,重庆,巴南区红光大道40号,08:00-19:00,
恒耀汽车装饰保养中心,02358960713,重庆,万州区沙龙路三段246号,09:00-18:00,
嘉实多（优客汽车修理厂）,18623386998,重庆,巴南区群乐路44号附1号,08:30-18:00,
美车汇汽车美容服务,13637798880,重庆,江津区白沙镇高屋长安村7社长安西路73号,09:00-18:00,
靓车坊汽车服务（二店）,02355666589,重庆,云阳县外滩广场一期9号楼A1-A3门市,09:00-18:00,
凯旋车饰(王牌路店),02358980339,重庆,万州区王牌路1298号,09:00-18:00,
宝信汽车维修中心,13330228900,重庆,江津区白沙镇东山村八社川江路9号,08:00-20:00,
纽卡汽车美容会所,15923881556,重庆,万州区王牌路1333号,09:00-18:00,
德国马牌轮胎（豪捷汽车服务）,13372672228,重庆,巴南区花溪街道红光大道71号,08:30-19:00,
长城润滑油（鑫发汽车养护美容中心）,13883886893,重庆,巴南区李家沱街道群乐路群乐佳苑25号附47号,08:02-21:00,
长亮汽车装饰美容,13436251038,重庆,万州区北大道观涛宛A幢11-12号,09:00-18:00,
易新汽车一站式服务,17783588156,重庆,南岸区回龙路66号F2栋车库出口,08:40-17:00,
聚点汽车美容中心,13628445669,重庆,南岸区回龙路66号20幢1-18号,08:00-18:30,
1786养车部落汽车养护连锁（重庆旗舰店）,17772320734,重庆,南岸区南坪镇学府大道2号,09:00-18:00,
旭霆汽车美容护理中心,13983255177,重庆,大渡口区金桥路民新村路段（车家坪加油站旁）,09:00-18:00,
车汇坊一站式服务,13308266716,重庆,万州区移民广场好运来C栋4号门面,07:30-18:30,
普利司通轮胎（君临汽车服务中心）,02358696777,重庆,万州区江南第一城D区临街5-7号,07:30-18:30,
东旭汽车装饰服务,15320250159,重庆,九龙坡区西彭镇桥凼农民新村13幢1单元1号,09:00-18:00,
点赞汽车养护中心,18623113266,重庆,南岸区南湖路26号,08:30-18:30,
金上京汽车维修服务有限公司,15123283749,重庆,南岸区南坪江南大道43号（辅仁路快速理赔中心正对面）,09:00-18:00,
太仆车行,18983927373,重庆,南岸区南湖路19号附23号,08:30-18:00,
韩泰（重庆千大汽车服务中心）,13808339646,重庆,南岸区南湖路17号,09:00-18:00,
车之缘汽车一站式服务,023-62950525,重庆,南岸区烟雨路344号附17号,08:00-19:00,
美丽狮汽车服务公司,18623198488,重庆,南岸区南兴路230号1楼1-3号,09:00-18:00,
福祥汽车服务（白鹤路店）,13594105551,重庆,南岸区白鹤路139号,09:00-18:00,
英莱壳（洪升汽车维护中心）,13983614139,重庆,南岸区白鹤路103号,08:00-20:00,
车易家汽车精洗养护中心（巴南店）,15310939282,重庆,巴南区融汇大道8号附43号,08:00-18:30,
万寿汽车美容服务部,15922514161,重庆,南岸区南坪金紫街188号,08:00-19:00,
龙膜（辰钥汽车俱乐部）,17782206261,重庆,巫溪县赵家坝滨河北岸（地税小区右侧100米）,09:00-18:00,
浩瀚汽車美容中心,023-51510123,重庆,巫溪县城厢镇环保村四社石龙路32号,09:00-18:00,
卡悦汽车美容服务,18008382392,重庆,南岸区南坪海棠溪丁家嘴1号附23号,09:00-18:00,
梦曙汽车服务有限公司,13368284996,重庆,南岸区南坪东路52号,09:00-18:00,
韩泰（重庆千大商贸有限公司）,13908308675,重庆,南岸区南坪东路544号附13号,08:18-18:16,
欣安汽车美容中心,13272612376,重庆,江津区滨江大道东段394号,08:00-21:00,
极道汽车美容中心,13752805327,重庆,南岸区环湖路14号附35号（聚丰花园底楼）,09:00-18:00,
渝胜行汽车生活服务馆,13983607706,重庆,大渡口区华福大道中段2号附1号,08:30-17:30,
洗车人家(好望江汽车美容中心）,15923872803,重庆,万州区北山街好望江31号,09:00-18:00,
文鑫汽车服务中心,18623393820,重庆,南岸区鸡冠石正街148号附36号,09:00-18:00,
友谊手汽车维修一站式服务中心,13983949230,重庆,大渡口区八桥镇八一新村4幢2号,09:00-18:00,
恒隆汽车养护中心,02358233389,重庆,万州区孙家书房路165号,09:00-18:00,
卡斯特汽车美容·洗车,13512333058,重庆,南岸区丹景路与明佳路交叉口东150米,07:00-19:31,
车羽汽车养护中心,15523233383,重庆,大渡口区金桥路3号附1-3号,09:00-18:00,
倍儿靓汽车美容快修中央工厂,18996127691,重庆,南岸区江南大道2号附1号,09:00-18:00,
康小胖汽车保养连锁,17783382718 ,重庆,大渡口区春晖南路3号,09:00-18:00,
优全汽车美容部落,17815242160,重庆,九龙坡区杨家坪直港大道40号附7号,07:01-22:35,
民泰安,13527504780,重庆,九龙坡区华福大道56号,09:00-18:00,
爱车堂汽车美容服务中心,18202390985,重庆,南岸区云满庭c区58号,08:00-20:00,
金仕达汽车美容服务中心,023-68523198,重庆,大渡口区九龙镇大堰五村28号,08:30-18:30,
车巢迈佳汽车精护中心,02358122011,重庆,万州区天诚大道302号,07:30-18:30,
重庆行者驿站汽车维修有限责任公司（速马力重庆旗舰店）, 17384044800,重庆,大渡口区九龙镇大堰五村28号,09:00-19:00,
豪煜名车服务中心,13320336436,重庆,大渡口区翠园路109号附4号,08:00-19:30,
车之翼（江津店）,13996045768,重庆,江津区鼎山大道468号,09:00-18:00,
王牌汽车会所网络直销店,023-85555515,重庆,江津区鼎山街道长风路281号（江城加油站旁）,09:00-18:00,
渝汇车轮服务部（建设村店）,17783704636,重庆,大渡口区钢花路1号,09:00-18:00,
重庆市万州区传承汽车美容服务部,02358892998,重庆,万州区天龙路280号,09:00-18:00,
车美佳汽车美容中心（江津店）,13594003000,重庆,江津区瑞安路15-19号,09:00-18:00,
诚意汽车美容中心,13608371229,重庆,南岸区鸡冠石镇盘龙花园c区盘龙山附18号,08:00-19:30,
车精灵快修,15923281896,重庆,江津区几江街道瑞安路水木年华朗苑10幢1楼1号,09:00-18:00,
天琥汽车维修中心,13668081957,重庆,九龙坡区马王乡兴堰路北大资源雁南1-26号,09:00-18:00,
快保先生,18883881052,重庆,大渡口区春晖街道松青路74号附3号,08:00-18:00,
城市车影汽车养护中心,15320301832,重庆,江津区德感九鼎御江山鼎邦浔苑104号,08:00-18:30,
世豪汽车美容中心,02363671222,重庆,九龙坡区黄杨路21号（鹅公岩小学对面）,08:00-19:30,
千帆汽车,18580683484,重庆,江津区滨江大道几江段31号,09:00-18:00,
车爵仕（紫荆花园店）,18102323222,重庆,江津区几江街道紫荆花园商务大厦282号,09:00-18:00,
中国一汽（寰渝汽修）,023 68080988,重庆,大渡口区枫丹筱筑水云居1号,08:30-18:00,
新胜英汽车美容,13271812226,重庆,九龙坡区华福路人和场西苑6号54-55号,10:40-17:00,
车宝汽车服务中心,18223469281,重庆,江津区滨江路津科苑A栋1层10-12号,07:30-19:00,
绿恋洗车美容中心,15123118558,重庆,万州区周家坝中国电信（对面派出所停车场内）,07:00-19:30,
壳牌（协孑顺汽车服务）,17708382117,重庆,渝中区大溪沟街69号,09:00-18:00,
渝中区九龍汽车修理厂,023-63617866,重庆,渝中区大溪沟三元桥码头1号桥孔,09:00-18:00,
王牌汽车（聚英直营店）,023-85555518,重庆,江津区滨江西路西段聚英花园A座1单元1-4号,08:10-18:00,
倍耐力轮胎（渝大昌汽车服务中心）,023-68159099,重庆,九龙坡区火炬大道8号绿云石都B区1栋1楼,09:00-18:00,
美合汽车一站式服务中心（龙城御府店）,15086658568,重庆,九龙坡区华龙大道68号附37号,09:00-18:00,
行进汽车维修服务,18680718255,重庆,九龙坡区华龙大道68号商龙城御府小区商业10-19号,08:00-19:00,
瑞含汽车一站式服务,13350385807,重庆,九龙坡区剑龙北路1号附27号,09:00-18:00,
NORDIC N93,15021557859,重庆,大渡口区双山路316号,09:00-18:00,
车怡汽车美容生活馆,18323294728,重庆,九龙坡区红狮大道22号附9号,09:00-18:00,
德国力魔（联源汽修）,15922795433,重庆,江北区北城三路1号附2号,08:00-18:00,
车之益汽车美容,13594181337,重庆,渝中区嘉陵江滨江路251号负三层2号,08:30-18:00,
宜修汽车一站式服务中心,17749965765,重庆,九龙坡区石桥坪正街120号,09:00-18:00,
德国马牌（驰途汽车美容）,18324170202,重庆,大渡口区诗情路2号附83-84号,09:00-18:00,
玛飞特汽车维修中心,13102374310,重庆,九龙坡区蟠龙大道68号1-123号,09:00-18:00,
尊爵名车汇（九龙坡店）,13983146730,重庆,九龙坡区九龙园区蟠龙大道68号34幢附217号,09:00-18:00,
利波汽修,17623007977,重庆,九龙坡区九龙园区蟠龙大道68号29栋1楼24号,09:00-18:00,
加宾道汽车美容服务中心（高博汽修）,13638311222,重庆,渝中区嘉宾路曾家岩轻轨站B出口,09:00-18:00,
美合汽车一站式服务中心,023-68061457,重庆,九龙坡区火炬大道金科绿韵康城6栋11-13号,09:00-18:00,
德国马牌(驰途汽车养护中心),18580648313,重庆,大渡口区东海诗情广场2号,09:00-18:00,
天林汽修中心,13648220604,重庆,大渡口区双城路4号附15号,09:00-18:00,
蓝宫汽车服务中心,17623188429,重庆,垫江县高安镇桥西路183号,09:00-18:00,
壳牌（幸运7汽车一站式服务）,028-68077747,重庆,九龙坡区华园路13号,08:00-18:30,
学友汽车装饰美容,18680708580,重庆,垫江县高安镇垫道过境路16号,07:40-19:00,
普利司通轮胎（红狮西路店）,13012325879,重庆,九龙坡区九龙园区红狮西路1号附4号,08:00-20:00,
全鑫汽车快修快保养护站,15683808571,重庆,江北区万丰西苑建新东路251号,09:00-18:00,
爱车之家汽车美容服务中心,13206188228,重庆,垫江县高安镇南阳宾馆正对面,09:00-18:00,
大园1号珑湾汽车美容服务,17783804383,重庆,江津区德感街道滨江西路乾和珑湾2栋1楼14号,09:00-18:00,
车掌门汽修养护中心,18580273334,重庆,江北区建国村9号附11号,08:00-20:00,
桂秀汽车美容,15123033210,重庆,江北区中兴段83号负2层8号,09:00-18:00,
龟博士（石油路店）,13983619329,重庆,渝中区石油路6号,08:00-18:00,
车车乐汽车服务,18580190196,重庆,江北区海尔路9号附13号,08:00-18:30,
固特异（皇室车温暖）,18996052651,重庆,江北区华新村360号附20号1-8号,09:00-18:00,
鑫飞汽车装饰美容,13658390077,重庆,江北区建新东路69号,09:00-18:00,
滴滴客汽车服务（江北区店）,13452345257,重庆,江北区龙塔街道洋河东路一巷45号长安丽都10幢,09:00-18:00,
玛吉斯轮胎（油溪店）,13101233285,重庆,江津区油溪镇委陵园街东30米,09:00-18:00,
量子膜（美合汽车）,15123675684,重庆,九龙坡区龙门阵大道201号1幢附17号,09:00-18:00,
京世林汽修, 13364021079,重庆,九龙坡区科技大道96号附19号,08:30-19:00,
渝莱汇汽车美容,13350370077,重庆,江北区海尔路199号附23号,09:00-18:00,
铭塬汽车生活馆,18008336117,重庆,九龙坡区渝州路华轩支路53-55号,09:00-18:00,
博悦汽车服务中心(长安华都店),15922782212,重庆,渝北区黄泥磅长安华都兴盛大道36号,08:30-18:30,
新世杰（国际）名车销售维修中心,15213240596,重庆,九龙坡区朝阳路106号23-30号,09:00-18:00,
马石油（易通名车维修服务中心）,18523144679,重庆,渝北区长安华都36号,08:30-18:30,
车致汽车服务部洗车美容,13983509776,重庆,九龙坡区渝州路33号,08:00-18:30,
博众汽修,13983614139,重庆,九龙坡区渝州路渝州支路75号（五九宾馆对面）,09:00-18:00,
博众汽车全程服务,15902386594,重庆,九龙坡区石桥铺西亚支路华宇民都28号（幼儿园旁）,09:00-18:00,
壳牌（鑫嘉汽修）,13637826506,重庆,江津区德感工业园东江路焱炼重型机械厂右侧100米,09:00-18:00,
新奥鼎,18008363057,重庆,渝北区洋河北路20号,09:00-18:00,
嘉实多（博翼汽修）,13206111278,重庆,九龙坡区大长路1号附56号,08:00-18:00,
靓车洁(渝北店),15023284562,重庆,渝北区龙塔街道文慧路17号附18号香槟花园,08:30-19:30,
春来汽车美容中心,13883230334,重庆,江北区建新北路65号附129号（外经贸大厦地下停车场入口左侧100米）,08:00-20:00,
渝泰汽车维修美容服务中心,15826099960,重庆,渝北区黄龙路99号荣锦华庭1幢1-7号,08:30-23:59,
德国马牌（重庆崇荣汽车美容服务中心）,02389181108,重庆,江北区读书梁华新逸景10栋1号,09:00-18:00,
百瑞特汽车快漆漆面养护服务连锁,023-68183188,重庆,沙坪坝区经纬大道1104号附12号,09:00-18:00,
爱车一族（上桥店）,13271816037,重庆,沙坪坝区东风新二村8号附11号,09:00-18:00,
金福汽修美容装饰,15086975750,重庆,江北区大石坝街道（大石坝一村公交站旁）,09:00-18:00,
汽车生活馆,18223733313,重庆,渝北区龙头寺橡树1号,09:00-18:00,
西郊汽车服务连锁（渝北店）,023-67073808,重庆,渝北区松树桥红石路12号附1号,09:00-18:00,
兴盛汽车服务中心,18996326661,重庆,渝北区龙华大道1912-1914号,06:00-18:00,
嘉鸿汽车维修美容,13452471320,重庆,江北区嘉鸿大道229号,09:00-18:00,
壳牌（启超汽车维修）,18225012315,重庆,沙坪坝区凤鸣山凤鸣大道119附4号,09:00-18:00,
美光汽车维修服务中心,15215087805,重庆,江北区大石坝红兴路20号附22号,09:00-18:00,
壕润汽车服务中心,18702340717,重庆,沙坪坝区凤鸣山西物市场38号附1号,08:00-19:00,
驰瑞汽车服务（渝北分店）,13527542837,重庆,渝北区龙溪镇依云雅筑车库旁,09:00-18:00,
渝车汇汽车用品超市,15223364934,重庆,渝北区龙溪街道红石路260号,09:00-18:00,
耀环汽车维修服务中心,15123215491,重庆,江北区北滨一路546号附75号,09:00-18:00,
新体线汽车沙龙,13228690458,重庆,沙坪坝区石小路72号附20号,09:00-18:00,
及时雨汽车服务,18983025808,重庆,渝北区红枫路邦兴佳苑5号附10号,06:00-18:00,
阿拉多娇汽车美容服务中心,18623553912,重庆,沙坪坝区凤鸣山凤天大道116号金华苑A栋2号,08:00-18:00,
驰瑞汽车美容中心（凤天图书馆店）,13896078386,重庆,沙坪坝区凤天大道110号附9号,09:00-18:00,
慧智汽车服务,13983062548,重庆,沙坪坝区凤天大道146号附41号,08:30-19:00,
力驰汽车维修美容钣喷服务连锁（凤天店）,15023731678,重庆,沙坪坝区凤天大道118号附7-10号,09:00-18:00,
名宿汽车总汇,18580235999,重庆,渝北区红叶路4号附2-28号,09:00-18:00,
都市洗车美容保养,18875246791,重庆,沙坪坝区高滩岩正街114号,09:00-18:00,
米其林轮胎（金尚晶汽车维修服务站）,02367287611,重庆,渝北区龙溪镇松石大道225号,08:00-18:00,
至美汽车生活馆,18680711176,重庆,垫江县澄溪镇冰河路416号,07:30-22:00,
机器猫汽车俱乐部,17723569902,重庆,渝北区回兴街道湖滨西路19号,07:00-20:00,
杰亚汽车美容装饰,15095851229,重庆,垫江县澄溪镇滨河路东50米,09:00-18:00,
名豪靓车汇,18983109222,重庆,渝北区人兴路301号附23号,06:00-19:00,
嘉实多（紫荆源汽车一站式服务中心）,15310909810,重庆,沙坪坝区天陈路29号附9号（爱德华医院后）,09:00-18:00,
车管家汽修（距胜店）,18225230766,重庆,垫江县澄溪镇滨河路富华新城斜对面,09:00-18:00,
御车邦汽车会所,023-67194062,重庆,渝北区回兴街道高原路261号（秀丽景苑正门斜对面）,09:00-18:00,
米其林轮胎(琪韵轮胎销售服务部),13637878035,重庆,渝北区人和万年路229号,09:00-18:00,
SRS（博众汽车养护中心）,15215016900,重庆,沙坪坝区红槽房正街99号,08:00-20:30,
大脚板汽车快修美容店,18580308201,重庆,渝北区回兴街道宝桐一路555号,09:00-18:00,
邓禄普轮胎（博义汽车服务中心）,13637829035,重庆,沙坪坝区沙中路88号（国家电网大厦正对面）,09:00-18:00,
爱车会汽车生活联盟,18523547371,重庆,渝北区龙山街道新南路247号北辰花园4幢1-19,09:00-18:00,
弗润滑油（循进汽修洗车美容）,15102353448,重庆,江北区松石大道506号附19号,09:00-18:00,
斯曼一站式汽车服务,18996222802,重庆,渝北区双龙湖街道翠湖路226号,09:00-18:00,
明都汽车服务,023-67135401,重庆,渝北区双湖路44号,09:00-18:00,
韩泰轮胎（晒光坪店）,13696483991,重庆,沙坪坝区晒光坪89号,09:00-18:00,
靓车洁（聚成汽车美容）,18523094942,重庆,江北区盘溪四支路54号,08:30-18:00,
壳牌(幸运7汽车服务渝北店),18512379707,重庆,渝北区金开大道同舟世纪苑1栋,09:00-18:00,
嘉实多(魔卡汽车生活馆),15123220381,重庆,渝北区万年路498号,08:00-18:30,
壳牌(幸运7汽车服务),18580303077,重庆,渝北区金开大道1006号,09:00-18:00,
爱卡洗车,15023265809,重庆,渝北区回兴渝越加油站后面,09:00-18:00,
高转堂,13618368110,重庆,渝北区冉家坝旗龙路60号附14-16号,08:30-18:30,
佳通轮胎（陆陆汽修）,18502335858,重庆,渝北区龙山街道余松路427-431号,09:00-18:00,
康沃汽车服务,15023068999,重庆,渝北区龙山街道旗龙路60号附19号,08:00-19:00,
鑫朋,15282356921,重庆,渝北区人和街道办事处人和大道112号,08:10-19:30,
明飞汽车维修服务中心,023-67965975,重庆,江北区盘溪四支路146号,08:30-19:00,
欧仆侍精致汽车坊,13983928663,重庆,渝北区两路回兴宝桐一路6号附1号,07:30-19:00,
比奇汽车养护中心,17358322039,重庆,九龙坡区白林路24号附20号,08:00-19:00,
陆陆汽修（回兴店）,18723771006,重庆,渝北区回兴街道兴科一路4号富丽苑B栋1-30号,07:00-20:00,
靓车洁（香草天空店）,18166582871,重庆,渝北区天竺路329号,09:00-18:00,
佳韵汽车服务中心（沙坪坝店）,18719056769,重庆,沙坪坝区红槽房正街99号附275号,09:00-18:00,
车靓点汽车养护中心,18696569920,重庆,渝北区金开大道1133-8号,07:30-20:00,
澳思莱汽车会所,15823471698,重庆,渝北区兰馨大道12号（盛景天下停车场入口）,09:00-18:00,
车八哥汽车美容养护,13452485644,重庆,江津区双福街道温家店幼儿园左侧100米,09:00-18:00,
嘉实多（渝兴汽修服务中心）,02367301075,重庆,渝北区鸳鸯龙展路55号,08:00-19:00,
车美伦汽车服务中心,15023233132,重庆,九龙坡区白市驿镇白龙路7号附2号,08:00-19:30,
仕涛一站式汽车服务中心,18623309988,重庆,江北区石马河曦城小区10号附3号,09:00-18:00,
途美汽车美容养护,18702335277,重庆,江北区锦馨苑5号附7号,08:00-19:00,
初创汽车维修美容服务,18680808138,重庆,渝北区鸳鸯龙文路91号,06:00-18:00,
嘉实多（靓丽汽车美容会所）,15825974889,重庆,渝北区鸳鸯街道龙文路1号（海阔天空后门）,09:00-18:00,
重庆华先汽车美容服务中心,15086858950,重庆,沙坪坝区教院路23号,09:00-18:00,
安渝汽车护理中心,17378302427,重庆,九龙坡区白市驿镇白龙路92号附1号（香满庭中石化出口旁）,09:00-18:00,
耀川汽车服务部,17729614801,重庆,渝北区空港大道长翔路嘉华盛世20附28-29号,08:10-19:00,
尚美汽车生活馆,17726297058,重庆,江北区金科十年城东区2号门7号,08:00-18:30,
辉创汽修,17830608172,重庆,渝北区照母山东原星樾57号,08:00-20:00,
特福莱全球汽车连锁服务商（垫江店）,02374565588,重庆,垫江县桂溪镇温州商贸城金字塔楼下左行50米,09:00-18:00,
车管家汽修（东门店）,18623276895,重庆,垫江县桂溪镇东门新天地5栋12号,09:00-18:00,
德国马牌（旭阳汽车维修中心）,18375664798,重庆,渝北区双凤桥街道观月大道77号,07:30-20:00,
车路达汽车美容中心,17323465168,重庆,垫江县桂阳街道牡丹大道22号东方新天地2幢12号,07:30-21:00,
仟威汽车服务中心,15023819220,重庆,渝北区空港蓝湾半岛观月北路502号,09:00-18:00,
宏玉汽车美容中心,13996744806,重庆,垫江县桂阳街道办事处龙凤村一组汽车南站对面,09:00-18:00,
靓车一族装饰美容,15025659098,重庆,垫江县桂溪镇桂南路龙凤一社法院对面,08:00-18:00,
致美汽车装饰美容中心,023-74693377,重庆,垫江县桂南大道79号（人民法院对面）,09:00-18:00,
龍泰汽车美容中心,13896617658,重庆,垫江县桂溪镇南阳路（垫中工会集资楼底层）,09:00-18:00,
美车堂轿车装饰美容中心,18623276789,重庆,垫江县南阳转盘中石化正对面,09:00-18:00,
旺角汽车美容中心,15802319350,重庆,垫江县桂溪街道桂东大道保合社95号,09:00-18:00,
车牛靓,15320540016,重庆,渝北区金开大道西段296号附176号,09:00-18:00,
驰瑞汽车养护中心（双碑店）,18306086039,重庆,沙坪坝区双碑六洞村59号,09:00-18:00,
北郊汽车会所,02374602299,重庆,垫江县工农大道81号（北门转盘加油站旁）,07:00-19:00,
汽车保姆服务中心,15223837966,重庆,垫江县桂溪镇石岭村4组（十中至峡口段）,08:00-18:00,
美车仕汽车养护中心,13368390336,重庆,沙坪坝区歌乐山镇歌乐村矿山坡社125号,06:30-21:00,
喜车缘汽车服务连锁（西永店）,13883062409,重庆,沙坪坝区西城二路3-7号,08:00-19:30,
德国马牌（快车道汽车俱乐部）,13320322880,重庆,梁平区双桂街道兴茂熙街道1附2号,09:00-18:00,
瑞鑫汽修,18182326261,重庆,梁平区梁山路103号,08:30-18:00,
永一汽车俱乐部,18723577774,重庆,梁平区双桂街道兴茂熙街特1附2号,09:00-18:00,
天天汽车美容装饰,13635362248,重庆,梁平区梁山街道文峰路豪苑商住楼13号,09:00-18:00,
小严汽车装饰美容中心,13452655917,重庆,梁平区梁山镇文峰路1号回居楼8-9号门市,09:00-18:00,
特福莱（梁平店）,18290583756,重庆,梁平区立城香山公馆二期A7栋1-3号门市,08:00-18:30,
天天汽车美容连锁店,13635362248,重庆,梁平区双佳街道钟文路34号,09:00-18:00,
永一汽车贴膜超市,18598567111,重庆,梁平区梁山街道文龙苑10号,09:00-18:00,
德国马牌（快车道汽车美容服务部）,18182264777,重庆,梁平区机场路1338号,09:00-18:00,
顺美汽车美容中心,18290209468,重庆,梁平区双桂街道兴隆街448号,09:00-18:00,
壹号汽车养护中心,15736395088,重庆,梁平区梁山镇机场路897号,09:00-18:00,
顺华汽车美容中心,13635355796,重庆,梁平区梁山街道机场路232号,09:00-18:00,
城市车影汽车服务整备中心,18512313153,重庆,梁平区梁平区双柱街道昌隆路6号12栋103-107号,09:00-18:00,
飞轮坊汽车美容中心,18523111192,重庆,璧山区丁家街道迎宾大道14号,08:00-19:30,
迪港汽车生活馆（大学城店）,15213330883,重庆,沙坪坝区康城南路1号附111-117号,09:00-18:00,
车先生汽车美容店,18696582285,重庆,北碚区同荣路东100米,08:35-19:00,
我爱我车私享吧,15730227039,重庆,北碚区蔡家岗镇同煕路189号,08:00-20:00,
嘉运汽修,13983019459,重庆,北碚区蔡家岗嘉运三路5号,09:00-18:00,
壹捷汽车服务（沙坪坝店）,18523155786,重庆,沙坪坝区景阳路20号附104号,09:00-18:00,
靓车会汽车美容中心（台北城店）,18983611926,重庆,沙坪坝区大学城中路17号附1号1-25,09:00-18:00,
众驰汽车美容养护中心,15023383007,重庆,沙坪坝区思贤路台北城敦美里17栋266号,09:00-18:00,
普利司通轮胎(陆陆汽修),18716854420,重庆,沙坪坝区大学城中路20号附45号负1号,09:00-18:00,
洗车人家（陈家桥店）,15320398955,重庆,沙坪坝区碧祥路5号附16号,08:30-19:00,
乐驹汽车,13677673640,重庆,沙坪坝区大学城南路22号附24号（虎溪公交站旁）,09:00-18:00,
同有汽车美容服务会所,18702395174,重庆,沙坪坝区大学城西路11号,09:00-18:00,
艾尔卡汽车美容补胎,18523015181,重庆,沙坪坝区大学城西路15号附140号,09:00-18:00,
陆宝驰奔驰宝马保时捷奥迪专修连锁,17725166141,重庆,沙坪坝区景辉路408号,09:00-18:00,
车之旅汽车生活馆,15826187629,重庆,沙坪坝区大学城景阳路56号附35号,08:00-20:00,
诗情车艺,13032320018,重庆,沙坪坝区大学城中路48号附9号,09:00-18:00,
车途汽车养护中心（沙坪坝店）,18221449291,重庆,沙坪坝区金科廊桥水乡4组团学智路305号,08:00-19:00,
江舟水岸汽车美容,13370707010,重庆,北碚区水土镇新华路113号附近1-3号,09:00-18:00,
赛驰汽车美容服务中心（大学城店）,17384780917,重庆,沙坪坝区大学城龙湖U城10组团14栋0111号,08:30-20:00,
马立可汽车中心(璧山店),18102349898,重庆,璧山区璧泉街道金剑路566附13号,09:00-18:00,
柏阳汽车美容养护,17782327108,重庆,沙坪坝区大学城龙湖U城听蓝湾11组团72栋0112号,08:00-21:00,
大鹏一站式汽车服务(沙坪坝店）,15730407258,重庆,沙坪坝区纵五路903号附12号,08:00-19:00,
桌洁汽车美容,17723994350,重庆,沙坪坝区大学城北路185号,09:00-18:00,
旗丰汽车美容,15922828990,重庆,璧山区碧泉街道永嘉大道附291-296号,07:30-19:00,
比弗利汽车专业美容,13193028832,重庆,璧山区壁青北路665号（天赐温泉路口前行100米）,09:00-18:00,
亚兴汽车美容装饰,13101266158,重庆,璧山区璧城街道璧青北路663号,09:00-18:00,
一路有洗汽车美容养护中心(璧山店),13640506186,重庆,璧山区碧泉街道沿河东路南段76号附21号,09:00-18:00,
川东洗车场,15823557531,重庆,北碚区静观镇花园村方金堡社1号,09:00-18:00,
德保驰名车维修中心,13983830038,重庆,璧山区璧城街道东林大道4号1幢负一层,09:00-18:00,
皇驰汽车一站式服务中心,17782361386,重庆,璧山区璧城街道鸡冠石路30号,08:00-18:30,
驰洁汽车美容,17783047327,重庆,璧山区璧城街道鸡冠石路,07:40-19:00,
驰耐普汽车美容装饰（北碚店）,18183104513,重庆,北碚区嘉陵村200号附4-7号,08:00-18:00,
德国力魔（天正汽车维修养护中心）,15696166559,重庆,北碚区嘉陵村130-11号,08:00-18:00,
启程汽车贴膜装饰中心,15998947611,重庆,北碚区嘉陵村129号,07:00-20:00,
玩车坊汽车美容装饰,02385500055,重庆,开州区南山中路2号门市,09:00-18:00,
永超汽车服务中心,18523163699,重庆,永川区人民大道768号附616号,08:00-18:00,
鸿运汽车美容中心,15310002408,重庆,开州区汉丰街道驷马社区101号,09:00-18:00,
爱车一站,15826467533,重庆,开州区文峰街道中吉社区永顺街2号,09:00-18:00,
80后汽车美容中心,15683705767,重庆,北碚区龙凤桥龙溪路152号附2号,09:00-18:00,
比佛利汽车专业美容中心,18182260128,重庆,开州区南山中路146号,09:00-18:00,
中瑞·美车,13635331456,重庆,开州区南山中路78号附39号中瑞-美车门市,09:00-18:00,
美迪汽车美容装饰中心,15310051999,重庆,开州区文峰街道办事处永顺街81号,09:00-18:00,
鑫通汽车装饰美容中心,18716573636,重庆,开州区南山中路永兴社区永兴小区146号,09:00-18:00,
乐途汽车服务中心(永川区店),18983462328,重庆,永川区红河中路文理学院北门校外1号地下车库,07:30-19:00,
紫云来汽车美容中心,13628304449,重庆,北碚区歇马镇龙湖紫云台1号附1号,09:00-18:00,
倍耐力（建国汽车服务中心）,18166439178,重庆,北碚区碚南大道361号,09:00-18:00,
旭琳（伡诚）汽修,02368206776,重庆,北碚区云清路857号,08:00-18:30,
车都会所,18996585775,重庆,开州区人民路2066号,09:00-18:00,
平意汽车一站式服务,18602357929,重庆,北碚区文林路26号,09:00-18:00,
北汽幻速鑫雷汽车,18315097789,重庆,开州区南山西路383-389号门市,09:00-18:00,
倍耐力（超博士车管家汽车服务）,13500399619,重庆,北碚区城南紫云台10号,08:00-19:00,
普利司通轮胎（伯乐汽车美容服务中心）,02368223482,重庆,北碚区康宁路262-266号,08:10-18:10,
爱义行（永川汇龙店）,023-49361285,重庆,永川区红河南路（中石油汇龙加油站内）,09:00-18:00,
美孚（手拉手汽车服务）,13508334922,重庆,北碚区碚南大道219号,09:00-18:00,
驰加汽车服务中心（永川店）,18996172296,重庆,永川区人民大道329号,09:00-18:00,
车尚汽车会所,13883941599,重庆,永川区昌州大道东段809号第809幢负一层1号,09:00-18:00,
洗车一族,18996585076,重庆,开州区田园街北五路452号,09:00-18:00,
车保姆汽车美容沙龙,15202328446,重庆,开州区云枫街道宝华社区桔长路10号,09:00-18:00,
驰加汽车服务中心（水晶城店）,18983629976,重庆,永川区人民北路202号,09:00-18:00,
驰耐普汽车美容养护连锁（开州店）,15923867868,重庆,开州区云枫街道永宁街14号,09:00-18:00,
迪港汽车服务公司,13500384895,重庆,永川区人民北路127-129号,08:00-18:00,
文祥汽车美容,18725681853,重庆,北碚区卢作孚路268号附31号,08:00-18:00,
中策车空间（永川店）,18696698944,重庆,永川区大道嘉信广场B幢负5号,09:00-18:00,
比佛利专业汽车装饰美容中心,18223878995,重庆,开州区滨湖西路406号（路云枫幼儿园前方50米）,09:00-18:00,
美孚（领航汽车服务）,18602365211,重庆,永川区昌州大道199号,09:00-18:00,
黑钻汽车美容中心,13368329251,重庆,北碚区团山二路30号,07:30-18:30,
九号车保姆美车会所,17783709191,重庆,北碚区金华路369号,08:00-18:30,
邦驰汽车维修中心,023-68233381,重庆,北碚区金华路366号2幢附16-18号,08:00-18:30,
美车堂专业汽车养护中心,15683178999,重庆,开州区云枫街道学林街139号,09:00-18:00,
龙琴汽车美容中心,15111961621,重庆,北碚区金华路328号北泉花园附28号,09:00-18:00,
向洋汽车美容会所,18883357567,重庆,北碚区北温泉街道云山花园291号,09:00-18:00,
明登汽修服务,13668497406,重庆,开州区云枫街道天宫二路41-43号门市,08:00-19:00,
爱车一族汽车美容,18983540133,重庆,开州区临江镇万安村2组63号,09:00-18:00,
锦程汽车养护中心（开州店）,17726658988,重庆,开州区临江镇洪星村新大桥东方水岸一幢,07:00-20:00,
驰加（洋舟汽车）,13509428218,重庆,永川区蚂蝗桥238号,08:30-18:30,
俊豪奔驰,17784258166,重庆,永川区萱花路275号,09:00-18:00,
俊升汽车美容中心,15320293701,重庆,合川区南办处联滨路440号,07:30-18:30,
丹霞专业汽车美容,18983015787,重庆,合川区南园东路212号,09:00-18:00,
雷朋（车之道）,02342718818,重庆,合川区南园东路200号,07:00-18:20,
鹰达汽修,15523343641,重庆,合川区上什字东路843号,09:00-18:00,
晶鑫名匠贴膜,15730225447,重庆,大足区车城大道52号,08:00-18:00,
普利司通（车居生活馆）,02343335402,重庆,大足区双桥经开区双桥客运站公交站,09:00-18:00,
双荣汽车一站式服务中心,15111988594,重庆,大足区双桥经开区大邮路63号,08:00-18:30,
小龙汽车维修,13896078268,重庆,合川区南办处江城大道396号附5号,09:00-18:00,
美尔卡汽车美容生活馆,13594050338,重庆,大足区双桥经开区双路街道四方2社12号（大邮路旁）,09:00-18:00,
车普净蒸汽洗车美容,18983051845,重庆,大足区通桥镇四方二社（和存汽修对面）,07:30-20:30,
汇峰汽车一站式服务中心,18523072639,重庆,合川区南办处上什字西路353号,09:00-18:00,
昕普顿汽车美容会所,13983350089,重庆,合川区上什字东路18号,09:00-18:00,
鑫隆汽车喷漆美容养护中心,13389666987,重庆,铜梁区南城街道办事处中南路1139号2-2-1,09:00-18:00,
合川金丽晶汽车美容中心,13635466567,重庆,合川区上什字西路16-17号,09:00-18:00,
璐璐洗车美容装饰行,18166347956,重庆,合川区南津街上什字西路325号,09:00-18:00,
車道汽车服务连锁,18983221130,重庆,合川区南办处金鹿街211-217号,09:00-18:00,
海逸纽卡(龙鼎店),023-45691828,重庆,铜梁区金龙大道36号,09:00-18:00,
朝阳轮胎（奔特朝阳轮胎服务中心）,15523860821,重庆,合川区北环路171号,09:00-18:00,
五年汽车生活馆,13206130764,重庆,合川区钓办处北环路321-325号,07:30-19:30,
三沃（合川官方旗舰店）,13822394822,重庆,合川区学院路37号,08:00-18:30,
爱车会汽车美容装饰,13983043969,重庆,合川区合办处北环路180-184号,09:00-18:00,
泽龍汽车VIP会所,18182234889,重庆,合川区渠江路59-61号,09:00-18:00,
赤卡,13647677556,重庆,铜梁区淮远古韵南街74号,08:00-18:00,
铭成玮汽车连锁,13372629333,重庆,合川区合阳办合师路345路,09:00-18:00,
大拇指汽车美容喷漆,15102398822,重庆,铜梁区东城街道办事处中南路677号,07:30-18:30,
耀晨汽车美容中心,13637869049,重庆,铜梁区中南路673号,09:00-18:00,
奥斯卡专业汽车美容服务,18983167176,重庆,合川区合阳办将军路319号,08:00-22:00,
仟骏汽车服务,13609428333,重庆,铜梁区中南路与晏渡一路交叉口北100米,09:00-18:00,
爱车港汽车美容中心,15923237910,重庆,合川区马家沟民斋桃片厂6号门面,09:00-18:00,
零度空间汽车美容,13320267499,重庆,铜梁区龙城大道294号,09:00-18:00,
海逸纽卡(三号美容店),023-45366333,重庆,铜梁区白龙大道229号,09:00-18:00,
好友聚汽车美容装饰行,15683098260,重庆,大足区龙水镇双红冲压厂1-10号门面,09:00-18:00,
兴旺汽车美容装饰中心,13452951896,重庆,大足区龙水镇龙水路(交警队旁),08:00-18:00,
长城（毅锋汽车养护）,18223054375,重庆,铜梁区巴川街道办事处龙城大道799号附156号（职教中心大门旁）,09:00-18:00,
洗车人家(白龙大道店),15608321987,重庆,铜梁区南城街道办事处白龙大道4号,08:00-18:45,
辉旺汽贸,18983803983,重庆,铜梁区东城街道办事处中南路409号,09:00-18:00,
车之翼普利司通轮胎（铜梁店）,023-45266663,重庆,铜梁区南城街道办事处迎宾路202号,08:00-18:30,
经典车行服务连锁,17782299876,重庆,铜梁区巴川街道办事处迎宾路99号附38-47号,09:00-18:00,
驷坊汽车美容中心,02345660989,重庆,铜梁区金砂东路69号（普罗旺斯东岸车库门斜对面）,08:00-18:00,
金港汽车美容城,13908361119,重庆,铜梁区东城街道办事处中南路（龙华汽修厂内）,09:00-18:00,
德国马牌（尚普汽车维修中心）,13648439879,重庆,铜梁区东城街道学府大道88号（尚品世家幼儿园对面）,08:00-18:30,
车来车往汽车美容中心（铜梁店）,18996069436,重庆,铜梁区东城街道办事处塔山东街15号,09:00-18:00,
66号公路汽车俱乐部,02345689817,重庆,铜梁区巴川街道办事处龙门西街338号,09:00-18:00,
特福莱(昌州街道店),18223382156,重庆,荣昌区昌州街道昌州大道中段一楼104号,09:00-18:00,
六顺汽车美容中心,17723778824,重庆,铜梁区六顺花园B区大门斜对面,09:00-18:00,
我爱我车汽车美容,18580721989,重庆,荣昌区国泰路107号附22号,07:00-20:30,
我爱我车时尚汽车用品饰品专卖部,15723327842,重庆,荣昌区昌州街道国泰路107号附120号,09:00-18:00,
众博汽车维修美容,18423057057,重庆,荣昌区海棠二支路130号,08:00-18:00,
建诚汽车影音改造,18725606511,重庆,荣昌区棠香北街19号,09:00-18:00,
宝宇汽车养护中心,17623056312,重庆,荣昌区昌州街道昌龙大道370-372号,09:00-18:00,
驰耐普汽车美容养护连锁店（荣昌店）,13594060618,重庆,荣昌区昌元街道荣滨南路西段351号,09:00-18:00,
东风雪铁龙飞翔3S店,13368151998,重庆,荣昌区昌州街道荣滨北路东段42号7幢附2号,09:00-18:00,
正鑫汽修,15023068993,重庆,荣昌区香国大道360号,08:30-18:00,
宇宇汽车洗车中心,17623082494,重庆,大足区智凤街道登云街158号,09:00-18:00,
顺和汽车美容装饰中心,15922873722,重庆,大足区棠香街道南环二路(进士家园旁）,09:00-18:00,
特福莱(大足店),17708330489,重庆,大足区棠香街道二环北路东段358-374号,09:00-18:00,
禹然汽车生活体验馆,13883899876,重庆,大足区棠香街道海棠路172号,09:00-18:00,
茂腾大师贴膜汽车装饰体验中心,13452137890,重庆,大足区棠香街道海棠路27号,09:00-18:00,
中天一站式汽车服务,13527327099,重庆,大足区龙岗街道办事处南环西路中天名居A幢19号,08:10-18:30,
豪爵汽车服务,15023637756,重庆,潼南区田家镇卫生院左侧100米,09:00-18:00,
兄弟汽车美容中心（太和店）,13709446779,重庆,城口县道路运输管理局正对面100米,09:00-18:00,
缤果汽车美容装饰中心,15696600056,重庆,城口县复兴街道和平社区3组101号附4号,08:00-19:00,
兄弟汽车美容中心（快速通道店）,13996688226,重庆,城口县扬程汽车售后服务部院内左侧100米,09:00-18:00,
青凰汽车美容服务有限公司,15023890867,重庆,城口县城万快速公路西50米,09:00-18:00,
向阳汽车美容中心,18983158586,重庆,潼南区梓潼街道办事处石院街116号,09:00-18:00,
宏晨洗车店,13022344966,重庆,潼南区梓潼街道办事处凉风垭四方花园后街（蚕种场斜对面）,09:00-18:00,
靓洁汽车服务(潼南店）,19112070927,重庆,潼南区凉风垭供销社大楼一层,08:00-20:30,
乐途汽车装饰美容中心,13883294150,重庆,潼南区梓潼街道办事处凉风垭供销社综合楼1层3号,09:00-18:00,
新车行天下装饰美容,15023109487,重庆,潼南区桂林街道办事处李园路6号（人民小学斜对面）,07:00-19:00,
宏元综合汽修服务,18580853624,重庆,潼南区双江镇文家坝新区102号,09:00-18:00,
靓车汇汽车装饰美容养护会所,18696559976,重庆,潼南区桂林街道办事处朝阳路2幢761号,09:00-18:00,
金福汽车美容服务,17316796038,重庆,潼南区双江镇马上湾205省道南50米（共谊商品混凝土公司旁）,08:00-18:30,
仁洲汽车美容,13658200518,重庆,忠县忠洲街道巴王路72号,09:00-18:00,
聚友汽车美容中心,15923869939,重庆,忠县长江大桥下六合花园大门口,09:00-18:00,
德国马牌（风车车汽车服务中心）,13990576288,重庆,沙坪坝区沙杨路重大B区研究生宿舍四舍外10号,09:00-18:00,
洁美洗车,13359113059,西安,长安区太乙宫正街太乙农贸市场北侧50米,09:00-18:00,
玛吉斯轮胎（曙光汽车服务）,18629257753,西安,蓝田县蓝金路201县(蔚蓝港湾金山路口100米),08:00-20:00,
亮堂堂洗车部,18092848082,西安,蓝田县蓝关镇北新街与建材街十字西50米,06:30-18:30,
车臣汽车一站式服务,17749122291,西安,蓝田县长坪路北段与北环路交叉口南50米,08:00-18:00,
2868快速养护专家（卡邦汽车服务中心）,17791888128,西安,长安区子午大道与西沣一路十字西南角,08:00-19:00,
马斯特快修保养美容护理（二店）,18009204535,西安,长安区丈杜路与雁环中路交叉口南50米,08:00-19:00,
佳通（长安区奥璇达轮胎经销处）,18049537599,西安,长安区樊川路与韦曲南街交叉口东南150米,08:00-19:00,
佳通轮胎（奥璇达轮胎经销处）,17765857762,西安,长安区樊川路与韦曲南街交叉口东南150米,08:00-20:00,
聚力汽车服务,18092794976,西安,长安区韦曲街道南长安街526号幸福满院对面,08:30-19:30,
本色汽车服务中心,18710861700,西安,长安区南长安街281号（消防队隔壁）,08:00-18:30,
精讯廉汽车服务中心,18740466289,西安,长安区皂河路15号,08:30-19:00,
洁明洗车,15319748650,西安,长安区青年街65号,08:00-18:40,
西部黑猫洗车城,18189282430,西安,长安区城南大道与惠民街十字路口东50米,08:00-18:00,
兄弟车业(长安店）,15929300273,西安,长安区韦曲北街8号,08:00-18:00,
迈杰卡汽车服务会所,17791619303,西安,雁塔区金羊路曲江香都A区正门东50米,09:00-19:30,
邓禄普轮胎（新兴汽车服务中心）,13619211023,西安,长安区长兴北路与凤栖西路交汇处东北角,08:30-18:30,
宏骏汽车服务,18192078188,西安,长安区西部大道与西沣北路交叉口西100米路南,08:30-18:00,
咱家车房,13679272657,西安,雁塔区长安西路三鑫园西门南20米,08:30-18:30,
古城汽美,18740493178,西安,雁塔区东隆巷18号,08:00-19:00,
马石油（宝睿驰汽车养护中心）,15029027442,西安,雁塔区东泰巷1015号,08:00-19:00,
车友汽车装潢美容,1516710039,西安,碑林区通邮路2号,08:00-19:00,
天雕车居,02981020866,西安,长安区高新技术开发区创汇路30号,08:00-18:00,
鸿霖（维修保养美容轮胎）,13991362737,西安,雁塔区西部大道与丽园路交叉口北50米,08:00-18:00,
驰加（铭诚汽车服务会所）,02981202083,西安,雁塔区公园南路秦川社区玛利亚蒙特幼儿园东边,08:30-20:00,
顺丰汽修（鄠邑区）,13519118154,西安,鄠邑区人民路中段国防学院南200米路西,07:30-19:00,
佳诚汽车服务,18165071532,西安,雁塔区新兴南路与田马路十字西200米路北,08:00-18:30,
段氏汽车装潢美容行,13186098669,西安,雁塔区丈八东路39号,09:00-18:00,
滕泰汽修,15309298572,西安,雁塔区长鸣路18号路西,09:00-18:00,
华汽连锁（西安市车乐汽修厂）,18681831480,西安,灞桥区半引路穆将王十字路口南200米路西,08:30-18:30,
新旅程一站式汽车养护中心,18392119256,西安,雁塔区电子正街与电子五路向西100米,08:00-19:00,
美孚（华东汽车维修）,15829109939,西安,雁塔区公园南路延伸段向南200米路西,09:00-18:00,
别奥汽修,02982240366,西安,雁塔区西影路130号,08:00-20:00,
鲁西车行,13259787696,西安,雁塔区紫薇西坊金泰假日花城24号楼商铺,07:50-20:50,
陕西众友汽车服务有限公司,02985528066,西安,雁塔区西延路61号,08:00-20:00,
固特异轮胎（玖旭汽车维修店）,13649241562,西安,雁塔区西延路61号希望大厦1层1号,08:00-19:00,
壳牌（户县亿隆汽修）,15002925567,西安,鄠邑区吕公路宝苑佳居西南400米,08:00-19:00,
美孚（瑞途达汽修店）,19991450613,西安,灞桥区浐灞生态区张家坡路东段2号,08:30-18:30,
中新泰汽车养护中心,15619266775,西安,灞桥区水岸东方二期南门东侧,08:00-18:00,
普利司通轮胎(户县意顺汽车服务部),13772134131,西安,鄠邑区渼陂东路与环城东路交口南行100米路西,09:00-18:00,
陕西车行天下（一汽特约维修）,02983331919,西安,临潼区半坡交警灞桥大队东北500米,06:00-18:00,
新势力高品质汽车服务中心,02983524377,西安,灞桥区纺北路西段8号,08:30-19:30,
嘉实多（华海汽车厂）,18992861555,西安,灞桥区电厂东路259号,08:00-19:00,
缘美汽车美容,13087500988,西安,碑林区永胜街左邻右舍小区院内,07:30-20:30,
陕西政通汽车维修有限责任公司,02982283415,西安,碑林区环城东路南段9号,09:00-18:00,
西安恒信达汽车汽车服务,18729202883,西安,灞桥区电厂东路卞家村13号,08:00-20:00,
豹王润滑油（唐兴数码店）,18092568182,西安,雁塔区唐兴路6号唐兴数码一层6号商铺,09:00-18:00,
乐活人家汽车服务连锁机构,15291486828,西安,新城区胡家庙西北电力设计院小区北门进小区内直行200米,09:00-20:00,
车之友一体一站式汽配快修服务站,02982489100,西安,新城区环城东路中段81号（朝阳门向南150米）,08:00-20:00,
通达汽修（灞桥官厅）,18066626030,西安,灞桥区官厅立交壳牌加油站东北侧20米,08:00-20:00,
大德百车汇,15664666611,西安,灞桥区东城大道138号（灞柳良居西区）,08:30-20:30,
陕西纪宏汽车服务有限公司,02982286778,西安,新城区幸福北路69号,08:00-19:00,
靓车洁汽车美容快修连锁机构,02987365292,西安,新城区东五路6-2号朝阳门城墙内100米路南,09:00-18:00,
百世德（禾盛汽修）,15339220566,西安,雁塔区团结南路紫薇臻品北商户2-105号,08:00-18:30,
华泰保险（浩之朗汽修）,029-81331720,西安,雁塔区团结南路科技路西段紫薇臻品2号楼107号,08:00-18:00,
锦煜汽车维修服务中心,02988635616,西安,莲湖区丰庆路229号招行对面,09:00-18:00,
尚车坊汽车生活馆,18092690809,西安,新城区华清东路工商行政管理东30米,08:00-19:00,
嘉实多（车洁仕汽车维修服务有限公司）,15229298815,西安,雁塔区丈八北路文兴巷丽东酒店后,08:00-19:00,
普利司通轮胎（野马汽车服务中心）,13669231716,西安,新城区金花北路67号新兴天地1栋1-3号,09:00-18:00,
恩诚汽车服务,18291083473,西安,灞桥区十里铺米秦南路苏王村东3号,08:00-19:00,
盛泰汽车服务中心,18091593961,西安,灞桥区世博大道水岸东城小区南300米,08:00-19:00,
鹏达汽车养护中心,13519160474,西安,灞桥区北酒十路51号,08:30-19:00,
向宇汽车服务部,18291828594,西安,灞桥区米秦南路9号,08:00-19:30,
宝恒汽修（恒大城店）,13991171894,西安,雁塔区鱼化寨街道大寨路与丈八北路交汇处向西一百米路南西安南风日化厂内,08:30-20:00,
小王汽车装饰美容（新城店）,18109272900,西安,新城区西七区四浩庄西栋一层2号,08:00-19:00,
赛迪汽修,15829909100,西安,临潼区秦唐大道骊天酒店对面,08:30-18:30,
壳牌（汇德汽车服务）,02984273641,西安,莲湖区丰镐东路141号,08:30-18:30,
倍耐力轮胎（新车族汽车美容服务部）,02986722489,西安,新城区含元路51号,08:00-19:00,
路锦汽车维修服务部,15929317272,西安,灞桥区矿山路锦城四季小区1-10101号,08:00-20:00,
邦瑞康汽车服务有限公司,15002906561,西安,新城区东元西路7号扳手厂东院,09:00-18:00,
壳牌（盛易新汽车养护中心）,15339090137,西安,新城区新兴路100号,08:00-20:00,
新旭升汽修（矿山路店）,18991353220,西安,灞桥区矿山路18号罗马花园西100米路北,08:00-19:00,
盛世汽车养护中心,18700898111,西安,新城区八府庄二坊与含元北路交口西行100米路北（个个鲜水果超市西北角300米）,08:00-20:00,
陕西隆德汽车维修服务有限公司,13571810974,西安,长安区科技西路鱼化工业园47号,08:30-19:00,
德国马牌（桃园店）,18392003555,西安,莲湖区桃园西路甲字附1号,08:00-19:00,
展拓汽修公司,18710860253,西安,莲湖区自强西路46号（自强休闲活动中心向内50米）,08:00-19:00,
壳牌加油站洗车房（太华南路店）,13992896687,西安,新城区太华南路与银河坊路交叉口（大明宫遗址公园正门对面）,08:00-22:00,
临潼极擎车士界,17600302043,西安,临潼区斜口街道108国道秦岭矿山水泥东北角50米,08:00-19:00,
西安德邦汽车服务(广泰门店),02981044415,西安,未央区广运潭大道,08:00-19:00,
回力轮胎（洁美净汽车美容）,15991697261,西安,未央区广泰门地铁站C口向南200米,07:00-23:00,
鑫越,13891825720,西安,莲湖区桃园北路11号,08:00-19:00,
美途汽车装潢,15291411859,西安,临潼区万年路黄酒会馆对面,09:00-17:30,
佳通轮胎(嘉豪汽车服务),13700288405,西安,莲湖区兴中路131号,08:30-20:00,
壳牌(超越汽车维修),02989374025,西安,未央区太元路铁路西路北（开元商务酒店旁）,08:30-18:30,
国花汽车维修中心,13259957012,西安,临潼区人民西路全友家私对面,08:00-18:00,
西安益友汽车维修,17792885561,西安,未央区西三环与红光路桥下辅道向南300米路西,08:00-20:00,
西安创途汽车维修,84212252,西安,莲湖区西斜路华府御城幼儿园对面 西50米,08:00-18:30,
壳牌（车之宝汽车维修服务中心）,02986335521,西安,莲湖区永兴路39号,09:00-18:00,
小毛车卫士养护中心,13384967098,西安,莲湖区大兴西路50号院,09:00-18:00,
车如意洗车美容装潢,15029222911,西安,未央区阿房一路阿房宫村委会东50米,09:00-18:00,
诺威尔汽车服务会所,18049672587,西安,未央区朱宏路66号福清商会大厦1楼104室,08:00-20:00,
米其林（沣港汽车服务）,18740493260,西安,未央区贞观路凤鸣华府西门北20米,08:00-18:00,
车保姆洗车美容装潢,15389278767,西安,灞桥区纺渭路688号,08:00-20:00,
狮魔机油（安心汽修）,13669188631,西安,未央区三桥汽配城B幢11号,08:00-19:00,
摸摸车,17610339222,西安,未央区常青二路紫薇希望城东区15幢楼商铺,09:00-18:00,
优车汽车服务中心,15802907607,西安,未央区凤城四路世融嘉城18幢10110号,08:00-19:30,
诚信洗车行（朱宏路）,17629255753,西安,未央区朱宏路与凤城三路十字北100米,08:00-19:00,
彦宏6元自助洗车广场(三桥店),13379182049,西安,未央区三桥嘉宝国际星城停车场,08:00-18:00,
朝阳轮胎（凤城七路店）,15991895167,西安,未央区凤城七路66号（明丰国际对面）,08:00-19:00,
兴隆盛世汽车服务(北辰大道),02989161827,西安,未央区北辰大道和红旗东路十字路东北角100米,08:30-18:30,
西安亚泰汽车服务有限公司,02981312101,西安,未央区石化大道外远检测站东100米路南,08:30-17:30,
汇通汽车维修中心,02986689877,西安,未央区徐家湾天鼎花园1号楼西商铺,09:00-18:00,
壳牌（耀德汽车维修服务有限公司）,02989246273,西安,未央区秦川路与红旗路十字北100你路西,08:00-19:00,
西安国际港务区东城汽车美容养护中心,15229224039,西安,灞桥区新筑农贸市场北200米路西,07:30-22:00,
龟爵士汽车服务,02989164212,西安,未央区红旗路与龙朔路交叉口北100米（徐家湾街办河址西村村委会旁）,09:00-18:00,
博世车联（凤城北路店）,18829345425,西安,未央区凤城北路世茂都南门东侧,08:00-20:00,
车美汇汽车美容,18809205053,西安,未央区朱宏路金色阳光幼儿园对面,07:00-20:00,
马瑞利捷驶星汽车服务连锁(周至店),02987112898,西安,周至县环城东路与沙河桥交口路北150米,08:00-19:00,
壳牌（鑫盛源汽修厂）,15829755412,西安,高陵区泾渭中路63号,08:30-19:00,
李科汽车装潢部,15771775578,西安,周至县北环路乐天公园对面,07:50-19:30,
恒悦航一站式汽车养护专家,02963648492,西安,周至县中心西街与石桥路交叉口南150米路东,08:00-19:00,
宝驾汽车养护中心（高陵区）,18700051755,西安,高陵区泾渭北路39号,08:00-19:00,
美车堂一站式汽车服务中心,18191577746,西安,高陵区姬家街道杨官寨一组2142号,08:30-19:30,
普利司通(易新汽车美容服务部),15891391772,西安,高陵区陕汽路与渭阳路交叉口向北200米,08:00-21:00,
360度汽车美容中心,18192833594,西安,高陵区高陵区泾高南路与泾惠十四路十字东南角,08:00-19:00,
尚品车诚（高交路店）,18291981366,西安,高陵区高陵区高交路车管所对面,08:00-18:00,
龙膜车福汽车生活馆,18602979768,西安,高陵区西韩街497号,08:00-19:00,
致美鑫骋汽车美容中心,18202999711,西安,高陵区鹿苑街道环城北路537号,08:30-18:30,
新起点洗车装潢部,13772539412,西安,阎良区人民东路加油站对面西50米,08:30-21:00,
25小时汽车美容中心,15353584685,西安,阎良区省道108与人民东路交叉口东北角,08:00-19:00,
车易家高原（阎良店）,15851443226,西安,阎良区倚天路10号,09:00-18:00,
车易家高原汽车,02981671281,西安,阎良区倚天路与倚中路交叉口向北100米路东,08:00-18:00,
喜车郎汽车俱乐部,15929483870,西安,阎良区前进东路麻张精神病医院对面,08:30-18:30,
权峰汽车修理,18991335460,西安,阎良区多吉国际酒店对面巷道直走50米,08:00-18:00,
壳牌(爱车朗汽车服务中心),18391595084,铜川,耀州区正阳路与长丰南路交叉口北50路东,08:00-19:00,
靓洁蒸汽洗车行,18729798238,铜川,耀州区东环路与华原东道交叉处南侧,08:00-19:30,
鼎丰汽车装饰美容广场,13008500805,铜川,耀州区东环路石仁新村东环路与华原路交叉口东100米,08:00-19:00,
车友汽车运动俱乐部,13319196769,铜川,耀州区咸丰西路白云佳苑1号楼下商铺,08:00-19:00,
鑫海汽车修理厂,13909192301,铜川,王益区宜园路涵洞口内左侧,08:00-20:00,
德国马牌（川口路店）,13992967000,铜川,耀州区川口路3号,08:00-20:00,
龙膜（铜川宏兴汽车装潢）,13359194458,铜川,王益区二马路公交总公司后院,08:00-20:00,
车之梦汽车美容护理中心,13909194485,铜川,印台区重兴南路1号,08:00-19:00,
车仆汽车美容服务中心,18740692226,铜川,印台区延安路43号恒源消防器材厂北30米,08:00-19:00,
西京小汽车维修中心,09192698966,铜川,印台区延安路15号,08:00-19:00,
X-千变汽车会所,13571566757,铜川,印台区河东小区3号楼6.7.8号门面房,08:00-19:00,
锦程汽修(铜川),18700698202,铜川,印台区县铜路与210国道交叉口西北500米（林业局对面）,08:00-20:00,
爱车坊（太白店）,13891773139,宝鸡,太白县北大街与忠城东路十字东50米,08:00-18:00,
快洁汽车美容（眉县）,15319255193,宝鸡,眉县美阳街眉县汽车站西北角80米,08:00-19:00,
中国车服汽车美容装潢,13772660667,宝鸡,眉县310国道与群众路十字，万豪酒店对面（任白庄综合市场内西侧）,08:00-19:00,
哼哈汽车服务有限公司,15691507778,宝鸡,眉县福顺路与310国道交叉口东北角,08:00-19:00,
永佳美车坊,09178990088,宝鸡,眉县太白路与美阳街交叉口南100米路西,08:00-19:00,
迅洁汽车装饰,13359172001,宝鸡,眉县姜眉路50号（皇城集团大门北侧）,09:00-18:00,
速惠达一站式汽车服务,18161775950,宝鸡,扶风县新区七星物流汽配城1-8号,08:00-20:00,
龟博士汽车美容装潢中心,13991739634,宝鸡,岐山县蔡家坡人民东路中国石油加油站西100米,08:00-19:00,
好又快汽车会所,13474029746,宝鸡,岐山县西宝中线702厂南门,09:00-18:00,
丽车坊汽车美容装饰工厂店,18690017166,宝鸡,凤县省道212嘉陵江大桥西行100米,08:40-18:40,
信车坊,13772659211,宝鸡,凤县双石铺镇新建路香格里拉酒店院内,09:00-18:00,
龟博士（朝阳路店）,13759773355,宝鸡,岐山县南大街乐佳建材城对面,08:00-18:00,
靓车汇汽车美容装饰会所,13772653888,宝鸡,岐山县朝阳大道与104省道交叉口东南150米,09:00-18:00,
车公馆汽车服务中心,15353037771,宝鸡,陈仓区人民街老年大学东100米,08:00-19:00,
胜牌（车先生）,13309179995,宝鸡,岐山县凤鸣镇堰河村岐周路西段500米,08:00-19:00,
车仕佳汽车美容会所,09176215354,宝鸡,陈仓区虢镇北环路与西环路交口东100米路南,08:00-18:00,
佳诚汽车维修服务中心（陈仓区）,15353340100,宝鸡,陈仓区虢镇屈家村陈仓公安局对面,08:00-18:30,
马赫汽车技术服务中心,13892789481,宝鸡,陈仓区陈仓大道地点路口东300米,08:00-18:00,
宝鸡安一邦汽车服务有限公司,15336166096,宝鸡,渭滨区马营镇永清工业园39号,09:00-18:00,
佳润捷汽车服务,13092918031,宝鸡,渭滨区高新六路西侧的瑞兴路距路口70米,09:00-18:00,
佳润捷精养快修钣喷中心,13092918031,宝鸡,渭滨区高新大道与瑞兴路交口南行100米路东,08:00-18:30,
3M（辉腾汽车美容中心）,15309179636,宝鸡,金台区行政大道兰宝小区东1-2号,09:00-18:00,
华瑞汽修,09173200012,宝鸡,金台区三迪花都区门面房33号,09:00-18:00,
宝鸡永清汽车服务有限公司,13571761799,宝鸡,金台区陈仓大道世纪新城1号,08:00-19:00,
万利达汽修,15291795156,宝鸡,金台区陈仓大道8号三迪世纪新城,08:00-20:00,
美孚车养护（亨达养车）,13399276633,宝鸡,渭滨区宝光路53号,08:00-19:00,
奥驰汽车装饰美容,15191794478,宝鸡,渭滨区公园路206号-3,09:00-18:00,
车王快修,15829877223,宝鸡,金台区群众路295号,08:00-18:00,
佳美汽车美容装饰（渭工路店）,18991753600,宝鸡,渭滨区渭工路十字向西100米,08:00-18:30,
渭工路佳美汽车美容装潢部,13992752197,宝鸡,渭滨区渭工路十字向西100米,08:00-19:00,
靓车坊汽车美容中心（杜洋路店）,13335462387,宝鸡,麟游县杜洋路南县医院东北250米,08:00-19:00,
靓车坊汽车服务中心（九成宫店 ）,15686996667,宝鸡,麟游县麟游中学北200米路东,08:00-18:00,
恒达汽车装饰美容（南环路）,18791787721,宝鸡,凤翔县东湖路与南环路交叉口东100米,09:00-18:00,
百车汇汽车生活馆,18791776700,宝鸡,凤翔县东关东侧路南104省道路全友家私东300米,09:00-18:00,
我爱我车汽车服务有限公司,18392775982,宝鸡,金台区新福园二区东门南侧10米,08:00-19:00,
凯鑫汽车一站式服务,13636826099,宝鸡,凤翔县西宝公路与西府大道中段交叉口东北50米,08:30-20:00,
宏鹰洗车中心,13892756751,宝鸡,麟游县凤凰路金凤凰音乐城对面,08:00-19:00,
华悦汽车服务中心,18700777616,宝鸡,凤翔县凤祥县南门胜利酒店向西50米,09:00-18:00,
车码头汽车生活馆（小灵山店）,18791775823,宝鸡,凤翔县秦公路与雍城大道交叉口西南角100米（小灵山对面）,08:00-19:00,
车码头汽车生活馆（凤泉花园店）,19991701800,宝鸡,凤翔县长青路凤泉花园C区门面房5号6号,08:30-19:00,
千阳南关路老粮站院内洗车,18694415513,宝鸡,千阳县南关路12号正东方向88米,08:00-19:00,
千阳县招待所洗车行,15091078286,宝鸡,千阳县东大街15号,00:00-00:00,
大众汽车装潢美容,18700769523,宝鸡,千阳县宝平路中国石油千阳中心加油站50米,08:00-19:00,
靓车会汽车美容,13092991174,咸阳,秦都区世纪大道金冠牧业有限公司东侧园内,08:00-08:01,
鸿运汽服（彩虹店）,02938011919,咸阳,秦都区彩虹二路彩虹铁专线北20米,09:00-18:00,
傅玛仕汽车服务会所,18740598220,咸阳,秦都区宝泉路市地税局正对面,08:00-19:00,
正一汽车会所（渭城区店）,18329700905,咸阳,渭城区毕塬东路华秦毕塬小区（小区南门出口东侧）,08:00-18:00,
顺风汽车电器维修部,18700023606,咸阳,渭城区渭阳街道迎宾大道华秦毕塬小区东门南侧10米,09:00-18:00,
梓榞修理厂,15592194999,咸阳,渭城区望贤路与沣泾大道十字西南角玻璃厂路口,09:00-18:00,
车管家汽车美容中心（渭城区）,18182525196,咸阳,渭城区车管所南中国石化加油站内,00:00-19:00,
上汽大众（咸阳众秦）,02933559917,咸阳,秦都区上召路与汽车大道交叉口西100米,08:00-19:00,
车来车往汽车美容会所（兴平店）,13992063396,咸阳,兴平市中心大街北段（兴平市商务局对面）,08:00-18:00,
佰车汇汽车装潢,13571079322,咸阳,兴平市汇豪天下金城路中段向北500米,08:00-19:00,
威路驰汽修厂,13991057922,咸阳,兴平市金城路西段北侧北仁批发市场正面西50米,08:00-19:00,
信捷汽车服务有限公司,15029444296,咸阳,武功县普集镇长青北路（宇都德雅林居小区）,09:00-18:00,
小武汽车装潢美容,13279504088,咸阳,武功县兴华西路向西100米（电信局南门西100米）,09:00-18:00,
鑫隆洗车装潢,15191020468,咸阳,泾阳县众益车辆服务中心2排四号（泾干大道东端）,09:00-19:00,
福兴汽车修理厂,13220000950,咸阳,泾阳县泾干大街24号,08:00-19:00,
倍耐力（龙城盛和汽车养护中心）,13571952561,咸阳,杨陵区神农路田园居小区西南门西50米路北,08:00-19:00,
美车一族汽车装潢美容部,15319441444,咸阳,杨陵区公园路与长青路交叉东南50米,08:00-20:00,
车美佳汽车装饰美容,15114983882,咸阳,杨陵区高干渠路中段玉皇宫酒店西50米,08:00-19:00,
易新汽车美容中心（杨凌区）,18629200821,咸阳,杨陵区康乐西路教育局十字红绿灯向西100米路南,09:00-18:00,
三原车保姆汽车维修服务中心,18395456324,咸阳,三原县南环路交通局对面火车站西500米,09:00-18:00,
家汇汽车维修服务站,18064349188,咸阳,礼泉县三一二国道雒村东黄小镇路口（五菱直营店斜对面）正西方向147米,09:00-18:00,
路逸通汽车服务中心,15592031122,咸阳,礼泉县风景佳苑东100米,09:30-20:30,
乾县车掌柜汽车服务会所,15399256620,咸阳,乾县G312与北路交叉口东北侧50米,09:00-18:00,
蓝精灵汽车美容装潢,18550792093,咸阳,乾县南环路交警队西300米路南(东新村83号楼附近),08:00-19:00,
梅特莱斯国际汽车服务连锁,15809104000,咸阳,淳化县城建路20号,09:00-18:00,
半坡汽车用品,18717302136,咸阳,淳化县陕西省淳化县职教中心南100米路西,08:00-19:30,
诚信汽车装饰会所,13196305667,咸阳,永寿县华洋客栈东50米(永寿中学东),08:00-19:00,
靓车坊洗车（西兰大街店）,18391819763,咸阳,永寿县312国道交警大队南20米,08:10-19:40,
优车卡酷（旬邑店）,15191033973,咸阳,旬邑县东一路新法院对面,00:00-18:00,
指挥大师汽车美容装潢连锁机构,17389118752,咸阳,旬邑县育才路与东一路交汇处向南20米,08:00-19:00,
洁顺车友俱乐部,13484578856,咸阳,旬邑县泰塔路人民法院对面,08:00-19:00,
德国马牌（彬县城西路丰达汽车轮胎销售中心）,14729093687,咸阳,彬州市滨河路与白士街交叉口北100米路西,08:00-19:00,
立木汽车服务美容装潢店,13572282928,咸阳,长武县昭仁街道牛弘北路居家乐超市北80米,09:00-19:00,
车居汽车服务中心,13571511716,渭南,潼关县尚德路北段（回味南塘老王虾尾对面50米）,09:00-18:00,
华俊养车,13892557097,渭南,潼关县连天线潼关气象局北行50米路西,08:30-18:30,
神马汽车美容装饰,15229831173,渭南,华阴市南环路与太华路交叉口北行200米路东,08:30-18:30,
精工汽车美容装饰会所,13186200406,渭南,华阴市太华路中石油加油站南行150米路东,08:30-18:30,
佳通轮胎（福胜洗车装潢）,15877438455,渭南,华阴市太华南路中国石油南100米,08:00-19:00,
恒瑞达汽车美容养护中心,18791310309,渭南,华州区古郑路南段（华州区政府十字向南150米）,09:00-18:00,
美尔卡汽车工作室,18220800829,渭南,华州区恒公大街33号,08:30-19:00,
丽车源汽车美容（华洲店）,18791363611,渭南,华州区恒公大道与新秦路交叉口东北角,08:00-19:00,
车美洁洗车打蜡,13109119170,渭南,临渭区解放路与西潼路十字向南50米路西,08:00-19:00,
车洁士汽车美容装潢中心（临渭店）,15229632041,渭南,临渭区西潼路与前进路十字向西50米路北,08:00-20:00,
四方汽车装潢轮胎,13891381777,渭南,临渭区西四路南口向西150米路北,08:30-18:30,
凯悦汽车装潢美容,18291383979,渭南,临渭区开发区西潼路精神病院西500米路南,08:00-21:00,
京东京车会（鸿发汽车服务有限公司）,15029533998,渭南,临渭区新盛路华年酒店南50米,08:00-18:00,
车鲁班汽车美容会所,18629600494,渭南,临渭区西五路城上城西门南30米路东,08:30-18:30,
泰安汽车服务公司,13109648300,渭南,临渭区乐天大街老乡村东20米,08:00-18:00,
亿车美汽车生活馆,15229630360,渭南,大荔县西二环与同州路中段交叉口向北100米路东,08:30-18:30,
拉雅养车（大荔店）,15929666235,渭南,大荔县文殊大道北段东长村437号（壳牌加油站南侧）,08:00-19:00,
美途汽车维修保养中心,18591336660,渭南,富平县荆山大道中农西部农博城A1南-1318,09:00-18:00,
倍耐力（丰达汽车美容养护中心）,13571331084,渭南,富平县金龙大道秦正华庭楼下2号商铺,08:00-19:00,
东东汽车服务中心,13369136245,渭南,富平县城关镇温泉南路与乔山路交叉口向西50米路南,08:30-18:30,
嘉靓酷装俱乐部,18391439116,渭南,蒲城县南环路与漫全路十字路西,08:00-18:00,
小邢汽修养护中心,18991697185,渭南,蒲城县红旗路西门外梦圆学校西路北20米,08:00-23:00,
党记汽车美容,15319128567,渭南,蒲城县106省道南50米,09:00-18:00,
二虎汽车装潢,13474697929,渭南,澄城县古墩街南段与工北西路交叉口北行120米路东,08:30-18:30,
酷车浴吧,13572331495,渭南,澄城县公园西路与青正街交叉口向西150米路北,08:30-18:30,
驰鑫钣金喷漆,09135517887,渭南,合阳县西环路芙蓉大酒店南50米,08:00-18:00,
新概念汽车养护中心（澄城县）,18691324999,渭南,澄城县古微街七路东10米,08:00-19:00,
恒远汽修(西环路店）,15891326941,渭南,合阳县西环路中段与朝阳西路交叉口向北150米路东,08:30-18:30,
荣兴精细洗车店,18791343698,渭南,合阳县武帝北路与泰山西路交叉口南行80米路东,08:30-18:30,
圣达汽车修理厂,09136187654,渭南,白水县仓颉路南段与居苑街交叉口东北角,08:00-20:00,
恒瑞汽车美容生活馆,09136160333,渭南,白水县仓颉北路玉鼎佳园小区东南角,08:00-19:00,
保赐利（恒瑞汽车美容生活馆）,15877338866,渭南,白水县仓颉路北段与杜康街交叉口向北100米路东,09:00-18:00,
风景线洗车,15129811421,渭南,韩城市新城区龙泉大厦负二层（桢州大街与复兴路交汇处西北角）,08:30-19:00,
小桥汽车装潢美容洗车,18966534828,渭南,韩城市乔南西路与巍山北路交叉口南200米,08:00-19:00,
靓点洗车会所,15529132596,渭南,韩城市黄河大街与普照东路交叉口向南50米路东,08:01-20:00,
名车汇汽车美容会所,18291164758,延安,黄龙县砖瓦窑沟口和中心细节交口,09:00-18:00,
保10洁汽车服务,15929819124,延安,黄龙县迎宾大道与惠民路交叉口南100路东,08:00-19:00,
蜗牛家汽车美容,15191129118,延安,洛川县交口河镇老河湾村汽修街（210国道路西）,09:00-18:00,
洛川福斯养护中心,13289100703,延安,洛川县洛河小区304省道西50米,09:00-18:00,
3M（洛川店）,15991544838,延安,洛川县后子头好音村口向内20米,09:00-18:00,
鑫怡汽车美容会所,15191131763,延安,宜川县南寺湾新彩虹桥正对面,08:00-19:00,
洗车人家（宜川县店）,18992177876,延安,宜川县渭清路宜川县职业中学旁,09:00-18:00,
7靓车坊汽车美容装潢中心,16609118658,延安,富县茶坊正街川口桥洗车台7号,06:00-21:00,
优途汽车用品批发装潢部,15091293681,延安,富县G210优途汽贸有限公司院内,08:30-20:30,
德国马牌（富县店）,15929611144,延安,富县G210春雨初级中学西南侧,08:30-19:30,
车天下洗车俱乐部,13700219669,延安,甘泉县迎宾路中段金庄金源饭店院内,08:00-19:00,
瑞辉汽车俱乐部,15596258818,延安,宝塔区210国道丰泽汽配维修综合市场正门入口处,08:00-19:00,
锦绣汽车美容中心,15909119909,延安,宝塔区锦绣新城18号楼1-115号,09:00-18:00,
新时代汽车快修,15667673000,延安,宝塔区宝塔山街道东滨路卡森酒店隔壁,09:00-18:00,
顺淇自动洗车生活体验馆,15309111389,延安,延川县延甘路石湾沟转盘东,08:00-19:00,
爱车e族（车之痕汽车快修）,17709118306,延安,安塞区客都购物广场南50米,08:00-19:00,
车想容车饰,13891192767,延安,志丹县城南柳树坪中国太平洋财险南50米,08:00-19:00,
易洁洗车坊,15592928288,延安,志丹县宏海大酒店向东100米路南,08:00-19:00,
保利捷车会,15891616568,延安,子长县富源路热力公司向西100米路北,08:00-19:00,
子长恒洁汽车美容中心,13488243337,延安,子长县冯家屯路中兰坪洗车城,08:00-19:00,
大明汽车服务会所,15691169696,延安,子长县子靖路清水小区正门西,08:00-20:00,
易捷汽车生活驿站,13892175905,延安,吴起县石湾新民街中石化加油站院内,07:40-19:30,
陕西敏捷汽服务有限公司,13429764166,汉中,西乡县城南远扬车城内东排1号,08:00-19:00,
车仆汽车美容中心（西乡县）,17709167731,汉中,西乡县汉白路西段与樱花大道路口东200米,08:00-19:00,
尊驾轮胎行,15009169807,汉中,西乡县北环路与G316国道交汇口东50米（北环路樱桃沟景区主入口西侧）,08:00-19:00,
威望汽修厂,15091791812,汉中,洋县南环路806号,09:00-18:00,
洗车人家(洋县店),18710957792,汉中,洋县洋州镇梨园大道鑫鑫宾馆东20米,08:00-19:00,
正新轮胎(坤辉轮胎营销中心),17791082212,汉中,洋县西街村西岳宾馆向西20米,09:00-18:00,
名阳车饰,15129460684,汉中,城固县东环二路南段（农村合作信用社北200米）,09:00-18:00,
车美汽车装饰,17730767283,汉中,城固县汉江路18-b53-、54号,09:00-18:00,
晨轩汽修,09167280606,汉中,城固县金华路与北一路交叉口西200米路南,08:00-19:00,
飞翔汽车美容装饰（南郑店）,13474312562,汉中,南郑区南郑大道幸福嘉苑东南角,08:00-18:00,
中鑫之宝名车专修,09168863111,汉中,汉台区益州路北段汉大东门向南600米（风景路口与益州路向南20米）,08:00-19:00,
汉中众成服务站,17719717775,汉中,汉台区兴汉东路金富豪汽车城斜对面,08:00-18:00,
小唐洗车（佛坪店）,13509167593,汉中,佛坪县黄家湾路佛坪人民医院北50米,08:00-18:00,
小拇指汽车维修服务,17392017927,汉中,汉台区东一环路与庆华路交叉口南150米,08:00-18:00,
蜗牛湾宾至汽车美容装饰,13892619830,汉中,佛坪县塘湾路佛坪县交通局北200米,08:00-18:00,
新通泰汽车服务,18291655521,汉中,汉台区梁州路与兴汉路交口北行100米路西,09:00-18:00,
美孚（海大汽车服务有限公司）,13008458597,汉中,汉台区前进路1074号,08:00-19:00,
快捷道汽车一站式服务,15769163311,汉中,汉台区供电大道东侧汇锦城商铺（壳牌加油站往东一百米）,09:00-18:00,
麦田汽车美容服务中心,15389166899,汉中,汉台区北关街道望江路盛世家园（王观营加油站斜对面）,09:00-18:00,
润士通汽车快修快保,15291610016,汉中,宁强县南门转盘华府24号楼一楼商铺,08:00-18:00,
靓车洁汽车美容连锁机构（宁强）,18791652521,汉中,宁强县银河双语幼儿园西50米,08:00-19:00,
新概念汽车改装升级,13572615185,汉中,宁强县金牛路与长兴路交叉口西50米路北,09:00-18:00,
车爵士汽车美容装饰养护服务（勉县店）,15384563001,汉中,勉县翠源路红十字医院西门北侧50米,08:00-19:00,
车饰界（留坝店）,13992659201,汉中,留坝县紫柏路226号,08:00-19:00,
南城汽贸（九易汽车服务连锁）,13992698499,汉中,留坝县城关镇南环路中段（交通事故快速处理中心）,08:00-19:00,
豪华汽车服务部,18991609998,汉中,略阳县嘉陵南路嘉陵广场南侧停车场旁,08:00-19:00,
东昊洗车,15991065524,汉中,略阳县同心桥与电厂路交汇处（东昊大酒店旁边）,07:30-18:30,
小梁车饰,13109232123,榆林,清涧县秀延路畜牧局北侧,08:00-18:00,
天时达汽车美容养护中心,13399121009,榆林,吴堡县宋家川镇滨河路(吴堡县环保局旁),09:00-18:00,
天时达,13629126668,榆林,吴堡县公安局交通警察大队旁,08:00-18:00,
博雅汽车生活馆,13119135606,榆林,绥德县兴达家园9号,08:00-18:00,
普利司通轮胎（绥德龙腾汽车轮胎）,13636798078,榆林,绥德县朝阳路31号,09:00-18:00,
白记汽车美容装潢,18392296601,榆林,绥德县名州镇龙湾村门市28-31号,08:00-18:00,
星光汽车装潢,15309120358,榆林,绥德县镇定南路与镇定北路十字东北角,08:00-18:00,
名驹汽车修理装潢美容,15619911916,榆林,绥德县镇定北路中段,08:00-20:00,
車仕嘉汽车美容服务会所,13488084252,榆林,绥德县岐银线薛家畔社区南门对面,09:00-18:00,
御车堂洗车,15389578383,榆林,子洲县东关小学向南50米,08:00-19:00,
金石鑫磊洗车,18329255151,榆林,子洲县双湖峡镇米路口东北角,08:00-18:00,
爱车e族汽车美容装饰(米脂县）,15877579891,榆林,米脂县米子路金泰路西侧100米,08:00-19:00,
邓禄普（顺禄和商贸有限公司）,13649125319,榆林,米脂县公园西路与青年路交叉口东50米路北,08:00-19:00,
李瑞洗车装潢,13991092910,榆林,米脂县公园天桥向北50米（210国道东侧）,08:00-19:00,
车管家洗车,13892297337,榆林,米脂县治黄西路与福乐路交叉口北100米路北,08:00-18:00,
靖边县运鸿汽车超市,13474444144,榆林,靖边县南关广场华夏宾馆楼下,08:00-20:00,
汇鑫汽车城,15291885674,榆林,靖边县东大街体育场北门（汇鑫车城）,08:20-18:00,
东方洗车,15191271443,榆林,佳县暴家洼东方红枣业有限公司院内,08:00-18:00,
爱车e族汽车装潢美容中心,13772922446,榆林,横山区南大街与崇德路交叉口东南侧,08:00-18:00,
智诚润滑油汽车快餐厅,15529859731,榆林,定边县新区东港火锅城向西200米,08:00-19:00,
万事达一站式汽车服务会所,13098259826,榆林,定边县定边镇二道西街（乱井子林场西侧）,08:00-20:00,
顺康汽服,09124425555,榆林,定边县长城北街北环路红绿灯北100米,08:00-18:00,
爱丁堡汽车美容会所,18691251005,榆林,榆阳区上郡北路烈士陵园对面,00:00-18:00,
德国力魔(正诺汽车维修),13399129955,榆林,榆阳区东环路绿园小区南区3排一层2号,08:00-19:00,
马石油（鑫磊汽车服务有限公司兴达路店）,15229592434,榆林,榆阳区兴达路437号,09:00-18:00,
车之翼（榆阳店）,18791200009,榆林,榆阳区沙河大桥向北80米,08:00-19:00,
马石油（榆林酷畅汽车服务有限公司）,1577182115,榆林,榆阳区沙河大桥向北300米,08:00-18:00,
纵横汽美,15249120757,榆林,榆阳区上郡北路329号地税局对面,08:00-18:00,
传奇美容装潢会所,15209126633,榆林,榆阳区西二路绣园小区B区门口,08:00-19:00,
爱丁堡汽车服务会所,18700207537,榆林,榆阳区榆阳路86号,07:30-21:00,
马石油（鑫磊汽车服务有限公司）,17795973333,榆林,榆阳区人民西路111号,08:00-19:00,
恒兴汽修（榆阳店）,13909121177,榆林,榆阳区惠丰南路王家楼五金市场南2门对面,08:00-18:00,
美孚（路沃丰汽车服务站）,18717637979,榆林,榆阳区银沙路金阳小区西门向北50米（中石化加油站对面）,08:00-19:00,
晶森汽车美容服务会所,15229625267,榆林,神木市滨河路加油站向北500米,08:00-20:00,
玛吉斯（首信汽车城店）,13992222728,榆林,府谷县首信汽车城D区人民公社饭店东10米,08:00-19:00,
静轩汽车美容中心,13484449518,榆林,神木市孙家岔镇派出所向南200米路西,08:00-18:00,
朝阳轮胎洗车,15191829539,榆林,神木市大柳塔镇第一小学南50米,09:00-18:00,
车来车往汽车美容中心(镇坪县店),18309156668,安康,镇坪县国心路与文彩路交叉口东北150米,09:00-18:00,
恒达汽车影音会所,15319695863,安康,平利县南新街50号（金虎家私东侧）,09:00-18:00,
车美佳汽车美容中心（平利店）,15091455211,安康,平利县城关镇马龙潭桥向南100米,09:00-18:00,
车玛仕汽车美容养护中心,18165052266,安康,平利县城关镇南新街文化中心附近（宝登酒店斜对面）,08:00-19:00,
艾姆肯高级汽车服务机构,15709159723,安康,岚皋县城关镇神田路2号,08:00-19:00,
爱车坊汽车美容装潢会所,18291500520,安康,岚皋县城关镇安岚路上段（岚皋县司法局南200米）,09:00-18:00,
恒源汽车养护中心（岚皋店）,18091557555,安康,岚皋县S207国道县司法局往东50米,09:00-18:00,
龙腾汽车装饰美容,15291515365,安康,白河县城关镇政府西北140米（316国道东）,09:00-18:00,
清风车影汽车养护,15929527565,安康,汉滨区市汉滨区巴山东路875号,09:00-18:00,
赛浪专业车漆修复汽车美容,13772221144,安康,汉滨区s308国道与南环东路交叉口西南角,09:00-18:00,
万宇汽车服务中心,18209254766,安康,汉滨区汉滨枣园路红卫桥头740号,09:00-18:00,
正兴汽修厂,09158171819,安康,汉滨区巴山东路兴华建材市场西南3门西侧100米,08:00-19:00,
车语汽车美容中心,13772224862,安康,汉滨区巴山东路城郊派出所对面,08:00-19:00,
煌爵汽车美容服务部,15594555578,安康,汉滨区安恒路66号,08:00-20:00,
熊大商行,18729458598,安康,紫阳县紫阳高速出入口引线桥南,09:00-18:00,
车百汇洗车精品店,18329528107,安康,紫阳县高客站向西800米,08:00-19:00,
911汽车养护中心,18616285271,安康,汉阴县316国道与明珠南路交叉口东南角,07:30-21:00,
腾辉车保姆汽车服务,09155215236,安康,汉阴县军民路与316国道交叉口西100米,08:00-18:30,
车之家汽车美容装饰（汉阴店）,18291518135,安康,汉阴县凤凰大道与太平村路交口往西20米路北,09:00-18:00,
天时汽车服务中心,13571467666,安康,石泉县城关镇石泉县公安局正对面,08:00-18:00,
（胜牌）石泉阳光汽车服务中心,13310959656,安康,石泉县新桥桥头红十字石泉备灾救灾中心正对面,09:00-18:00,
小王洗车行,18991524588,安康,宁陕县城关镇子午路50号,09:00-18:00,
玛吉斯轮胎（博奥汽车生活馆）,18700505766,安康,宁陕县城关镇五郎关酒店往西50米,09:00-18:00,
五朗关洗车商店,19991505466,安康,宁陕县迎宾大道西口南100米,09:00-18:00,
源鑫汽车装潢服务部,18729097893,商洛,商南县明德小学北侧100米,08:00-19:00,
美驰之星专业汽车服务工厂,18009143995,商洛,商南县国道312商南职教中心正门对面,08:00-19:00,
卡尊汽车装饰城,13891914779,商洛,商南县商南文化广场西门正对面,08:00-18:00,
顺安汽车美容维修养护中心,09146323456,商洛,商南县城关镇富家沟村一组533号国土局向东50米,09:00-18:00,
车友家名车服务会所,15596363210,商洛,山阳县育才路小博士双语艺术幼儿园西100米路北,08:00-18:00,
万通汽车服务有限公司（山阳店）,18829148818,商洛,山阳县高新五路城西幼儿园南侧,08:00-19:00,
诚顺汽车维修服务有限公司,15591954567,商洛,山阳县县域工业园区西段水泥厂后门正对面,09:00-18:00,
车美居汽车美容装潢,15829915955,商洛,山阳县山镇路与滨河南路交叉路口西150米,07:30-20:00,
宏达汽车维修中心,136692722003,商洛,山阳县高新大道广远食品对面,08:00-19:00,
龙天汽车美容装饰,18091449888,商洛,山阳县迎宾大道38号,08:00-22:00,
靓车会专业汽车装饰中心,13991465773,商洛,丹凤县过境路东段盛亚酒店西北方向100米,09:00-18:00,
喜刷刷洗车行,18161787300,商洛,丹凤县西苑小区西北70米（西河桥东）,07:00-20:00,
康盛汽车美容装潢,09145360111,商洛,镇安县迎宾路48号,09:00-18:00,
鸿伟汽车服务中心,13038533319,商洛,镇安县迎宾路锦湖大桥北100米,09:00-18:00,
永豪汽车装饰美容中心,13991471635,商洛,镇安县省道102鱼洞峡桥桥西头,08:00-19:00,
鑫汇丰汽贸,15771886333,商洛,镇安县省道102丽水嘉园西北门东50米,08:00-18:30,
易捷汽修,18791182022,商洛,商州区威尼斯水城南门正对面,09:00-18:00,
道达尔快驰（盛鑫源汽车修理厂）,13629141914,商洛,商州区朝阳路与北新街十字南50米路西,08:00-19:00,
靓点汽车美容装饰会员俱乐部,15802982120,商洛,商州区惠民三路（江南小区广场南路口）,09:00-18:00,
玛吉斯轮胎（南小区店）,15191698005,商洛,商州区泸霍线江南小区竹轩9号,09:00-18:00,
博爵养车行美容快修专营店,13991463100,商洛,商州区构峪桥南200米丹江新城9号商铺,08:00-19:20,
大拇指汽车养护中心（柞水店）,18292698510,商洛,柞水县下梁镇沙坪社区委员会北200米路西,09:00-18:00,
靓丽汽车美容中心,13992496489,商洛,柞水县临河路13号,08:00-19:00,
车骑士汽车美容装饰会所,18109145555,商洛,洛南县迎宾大道八卦桥北侧,09:00-18:00,
红钦汽车修理厂,15829567000,商洛,洛南县红钦汽车修理厂,09:00-18:00,
